snapshot_date,taken_at,events_completed,division,pdga_number,name,rating,cur_rank,cur_points,p_champ,p_cut,p_gmc,p_mvp,p_mvp_qual,p_first,mean_pts,mean_rank,registered,signed
2026-07-04,2026-07-04T12:42:37,13,FPO,15354,Jennifer Allen,970,35,313.0,0.3562,0.03296,1.0,0.94658,0.24565,0.0,801.6,28.3,,
2026-07-04,2026-07-04T12:42:37,13,FPO,27832,Kona Star Montgomery,946,24,478.0,0.14966,0.09288,1.0,0.99999,0.03939,0.0,894.0,24.5,,
2026-07-04,2026-07-04T12:42:37,13,FPO,29190,Paige Pierce,968,17,650.42,0.8421,0.82847,1.0,1.0,0.00981,0.0,1134.6,14.9,,
2026-07-04,2026-07-04T12:42:37,13,FPO,29947,Stephanie Vincent,925,102,28.0,0.0,0.0,0.0,0.0,0.0,0.0,28.0,111.4,,
2026-07-04,2026-07-04T12:42:37,13,FPO,31041,Sheila Teves,883,148,0.0,0.0,0.0,0.0,0.0,0.0,0.0,0.0,146.0,,
2026-07-04,2026-07-04T12:42:37,13,FPO,32654,Lisa Fajkus,959,20,593.83,0.42398,0.35053,1.0,1.0,0.04743,0.0,999.4,20.0,,
2026-07-04,2026-07-04T12:42:37,13,FPO,32917,Rebecca Cox,952,27,397.0,0.144,0.02293,1.0,0.99657,0.08006,0.0,809.1,28.1,,
2026-07-04,2026-07-04T12:42:37,13,FPO,34563,Sarah Hokom,949,60,101.0,0.06298,0.0,0.95179,0.11432,0.02753,0.0,459.3,42.1,,
2026-07-04,2026-07-04T12:42:37,13,FPO,35321,Sofie Björlycke,932,97,30.75,0.00012,0.0,0.0,0.0,0.0,0.0,75.4,84.3,,
2026-07-04,2026-07-04T12:42:37,13,FPO,39504,Zoe AnDyke,928,70,77.0,0.0,0.0,0.0,0.0,0.0,0.0,77.0,83.7,,
2026-07-04,2026-07-04T12:42:37,13,FPO,43995,Taylor Foth,899,146,0.0,0.0,0.0,0.0,0.0,0.0,0.0,0.0,150.0,,
2026-07-04,2026-07-04T12:42:37,13,FPO,44184,Catrina Allen,963,7,923.75,0.99998,0.99998,1.0,1.0,0.0,0.0,1349.6,9.1,,
2026-07-04,2026-07-04T12:42:37,13,FPO,48199,Alison Blakeman,866,153,0.0,0.0,0.0,0.0,0.0,0.0,0.0,0.0,153.0,,
2026-07-04,2026-07-04T12:42:37,13,FPO,48976,Ohn Scoggins,989,3,1219.0,1.0,1.0,1.0,1.0,0.0,0.30234,2094.8,2.1,,
2026-07-04,2026-07-04T12:42:37,13,FPO,50656,Jessica Gurthie,955,19,608.0,1.0,0.77558,1.0,1.0,0.00493,0.0,1113.9,15.6,,
2026-07-04,2026-07-04T12:42:37,13,FPO,51277,Holly Finley,929,45,214.0,0.0036,0.0,0.97248,0.00919,0.0015,0.0,371.3,46.5,,
2026-07-04,2026-07-04T12:42:37,13,FPO,59227,Henna Blomroos,974,9,825.5,1.0,0.99224,1.0,1.0,7e-05,0.0,1265.7,11.0,,
2026-07-04,2026-07-04T12:42:37,13,FPO,59431,Madison Walker,952,21,568.83,0.31806,0.25991,1.0,1.0,0.03658,0.0,972.7,21.1,,
2026-07-04,2026-07-04T12:42:37,13,FPO,60798,Madison Tomaino,919,66,83.5,0.00036,0.0,0.0,0.0,0.0,0.0,115.8,72.1,,
2026-07-04,2026-07-04T12:42:37,13,FPO,61144,Emily Beach,895,142,0.0,0.0,0.0,0.0,0.0,0.0,0.0,0.0,146.9,,
2026-07-04,2026-07-04T12:42:37,13,FPO,61990,Katka Boďová,922,85,48.0,0.0,0.0,0.0,0.0,0.0,0.0,48.0,95.8,,
2026-07-04,2026-07-04T12:42:37,13,FPO,62879,Valerie Mandujano,975,15,673.16,0.99986,0.99986,1.0,1.0,0.0,0.0,1445.4,7.6,,
2026-07-04,2026-07-04T12:42:37,13,FPO,62880,Alexis Mandujano,960,30,352.5,0.28155,0.08959,1.0,0.99694,0.12109,0.0,875.1,25.3,,
2026-07-04,2026-07-04T12:42:37,13,FPO,63257,Maria Oliva,917,41,237.0,0.00073,0.0,0.99944,0.00298,0.00013,0.0,370.7,46.4,,
2026-07-04,2026-07-04T12:42:37,13,FPO,64927,Eveliina Salonen,982,6,1014.67,1.0,1.0,1.0,1.0,0.0,0.0,1569.8,6.0,,
2026-07-04,2026-07-04T12:42:37,13,FPO,65489,Lauren Butler,919,51,132.25,0.0008,0.0,0.31116,8e-05,0.00019,0.0,270.1,53.6,,
2026-07-04,2026-07-04T12:42:37,13,FPO,66063,Ashlee Johnson,864,147,0.0,0.0,0.0,0.0,0.0,0.0,0.0,0.0,146.6,,
2026-07-04,2026-07-04T12:42:37,13,FPO,66599,Heidi Laine,963,11,729.5,0.95006,0.94902,1.0,1.0,0.00081,0.0,1198.7,12.8,,
2026-07-04,2026-07-04T12:42:37,13,FPO,71262,Erika Stinchcomb,920,43,222.25,0.00131,0.0,0.99968,0.01439,0.00031,0.0,398.1,44.7,,
2026-07-04,2026-07-04T12:42:37,13,FPO,72635,Kersti Miller,889,93,34.5,0.0,0.0,0.0,0.0,0.0,0.0,34.5,104.2,,
2026-07-04,2026-07-04T12:42:37,13,FPO,74708,Casey Pennington,922,92,37.5,3e-05,0.0,0.00024,0.0,0.0,0.0,76.4,85.0,,
2026-07-04,2026-07-04T12:42:37,13,FPO,75029,Cynthia Ricciotti,917,59,107.25,0.00037,0.0,0.05519,0.0,0.00011,0.0,211.8,58.7,,
2026-07-04,2026-07-04T12:42:37,13,FPO,77385,Matilda Ringbom,938,44,217.0,0.00858,0.0,0.70911,0.0004,0.0056,0.0,326.7,49.5,,
2026-07-04,2026-07-04T12:42:37,13,FPO,78232,Tiger Borth,899,110,21.0,0.0,0.0,0.0,0.0,0.0,0.0,25.1,115.8,,
2026-07-04,2026-07-04T12:42:37,13,FPO,79233,Cadence Burge,971,62,95.25,0.45825,0.01997,0.99969,0.83925,0.25248,0.0,749.4,30.4,,
2026-07-04,2026-07-04T12:42:37,13,FPO,80935,Lindsey Maas,902,96,32.25,1e-05,0.0,4e-05,0.0,0.0,0.0,66.5,87.7,,
2026-07-04,2026-07-04T12:42:37,13,FPO,82809,Alex von Stade,892,106,22.0,0.0,0.0,0.0,0.0,0.0,0.0,22.0,118.6,,
2026-07-04,2026-07-04T12:42:37,13,FPO,83376,Cassandra Lioi,889,134,8.0,0.0,0.0,0.0,0.0,0.0,0.0,8.0,137.6,,
2026-07-04,2026-07-04T12:42:37,13,FPO,84279,Kaidi Allsalu,951,52,128.62,0.02361,0.0,0.00409,0.0,0.01921,0.0,244.9,56.3,,
2026-07-04,2026-07-04T12:42:37,13,FPO,85189,Samantha Bonacci,865,121,16.5,0.0,0.0,0.0,0.0,0.0,0.0,27.3,112.0,,
2026-07-04,2026-07-04T12:42:37,13,FPO,85484,Anneli Tõugjas-Männiste,959,26,409.5,0.24849,0.09911,1.0,0.99922,0.10696,0.0,886.9,24.8,,
2026-07-04,2026-07-04T12:42:37,13,FPO,85942,Missy Gannon,984,4,1210.5,1.0,1.0,1.0,1.0,0.0,0.00995,1853.2,3.9,,
2026-07-04,2026-07-04T12:42:37,13,FPO,94085,Keiti Tätte,954,55,119.62,0.02372,0.0,0.00153,0.0,0.01959,0.0,224.1,58.3,,
2026-07-04,2026-07-04T12:42:37,13,FPO,96090,Sonja Laine,899,126,15.0,0.0,0.0,0.0,0.0,0.0,0.0,40.9,100.2,,
2026-07-04,2026-07-04T12:42:37,13,FPO,99441,Lykke Lorentzen,923,87,43.0,3e-05,0.0,0.00017,0.0,0.0,0.0,67.1,88.0,,
2026-07-04,2026-07-04T12:42:37,13,FPO,99455,Kat Mertsch,966,8,868.17,0.99911,0.99911,1.0,1.0,0.0,0.0,1339.9,9.4,,
2026-07-04,2026-07-04T12:42:37,13,FPO,101949,Ratana McMahon,894,54,125.25,0.0,0.0,0.0,0.0,0.0,0.0,155.2,65.1,,
2026-07-04,2026-07-04T12:42:37,13,FPO,102024,Danielle Keen,906,145,0.0,0.0,0.0,0.0,0.0,0.0,0.0,0.0,147.1,,
2026-07-04,2026-07-04T12:42:37,13,FPO,103743,Karen Martel,924,125,15.0,3e-05,0.0,7e-05,0.0,0.0,0.0,34.6,114.3,,
2026-07-04,2026-07-04T12:42:37,13,FPO,104187,Macie Velediaz,957,37,294.67,0.13363,0.00098,1.0,0.65843,0.09524,0.0,642.9,34.5,,
2026-07-04,2026-07-04T12:42:37,13,FPO,104314,Violet Main,947,40,250.0,0.04311,7e-05,0.99998,0.30952,0.02705,0.0,537.7,38.4,,
2026-07-04,2026-07-04T12:42:37,13,FPO,104814,Ellie Bryant,900,109,21.75,0.0,0.0,0.0,0.0,0.0,0.0,37.1,105.6,,
2026-07-04,2026-07-04T12:42:37,13,FPO,105126,Aria Castruita,949,140,0.0,0.00351,0.0,0.00285,0.0,0.00096,0.0,91.4,83.8,,
2026-07-04,2026-07-04T12:42:37,13,FPO,106489,Anna Pinter,875,108,21.75,0.0,0.0,0.0,0.0,0.0,0.0,21.8,120.0,,
2026-07-04,2026-07-04T12:42:37,13,FPO,107297,Maria Liivamägi,873,104,24.0,0.0,0.0,0.0,0.0,0.0,0.0,24.0,115.8,,
2026-07-04,2026-07-04T12:42:37,13,FPO,107335,Silva Saarinen,990,2,1414.84,1.0,1.0,1.0,1.0,0.0,0.405,2124.0,1.9,,
2026-07-04,2026-07-04T12:42:37,13,FPO,108871,Brook Johnson,905,103,24.0,0.0,0.0,0.0,0.0,0.0,0.0,29.8,110.6,,
2026-07-04,2026-07-04T12:42:37,13,FPO,109337,Cathy Kuhn,863,143,0.0,0.0,0.0,0.0,0.0,0.0,0.0,0.0,146.8,,
2026-07-04,2026-07-04T12:42:37,13,FPO,109996,Anniken Kristiansen Steen,962,16,653.79,0.2521,0.12634,1.0,1.0,0.11818,0.0,926.0,23.1,,
2026-07-04,2026-07-04T12:42:37,13,FPO,111487,Emily Weatherman,955,10,773.33,0.91274,0.91179,1.0,1.0,0.00065,0.0,1154.6,14.1,,
2026-07-04,2026-07-04T12:42:37,13,FPO,112647,Hanna Huynh,963,22,561.0,0.89847,0.89324,1.0,1.0,0.00336,0.0,1168.9,13.8,,
2026-07-04,2026-07-04T12:42:37,13,FPO,115503,Olivia Kindstedt,945,47,156.75,0.01716,0.0,0.33537,0.00247,0.01454,0.0,315.2,50.6,,
2026-07-04,2026-07-04T12:42:37,13,FPO,116694,Kristi Unt,934,86,45.0,0.0,0.0,0.0,0.0,0.0,0.0,45.0,97.6,,
2026-07-04,2026-07-04T12:42:37,13,FPO,121554,Elina Rydberg,903,130,11.25,0.0,0.0,0.0,0.0,0.0,0.0,27.7,111.2,,
2026-07-04,2026-07-04T12:42:37,13,FPO,124064,Shelby Cowen,914,53,127.0,0.00039,0.0,0.13717,2e-05,7e-05,0.0,239.1,56.1,,
2026-07-04,2026-07-04T12:42:37,13,FPO,128532,Maarja Soasepp,892,88,42.0,0.0,0.0,0.0,0.0,0.0,0.0,42.0,99.4,,
2026-07-04,2026-07-04T12:42:37,13,FPO,130342,Chantel Budinsky,955,78,58.5,0.01494,0.0,0.02738,0.00023,0.00963,0.0,160.5,68.6,,
2026-07-04,2026-07-04T12:42:37,13,FPO,132291,Ashley Phelps,907,138,2.0,0.0,0.0,0.0,0.0,0.0,0.0,23.3,121.5,,
2026-07-04,2026-07-04T12:42:37,13,FPO,133547,Holyn Handley,987,1,1548.34,1.0,1.0,1.0,1.0,0.0,0.28268,2096.0,2.1,,
2026-07-04,2026-07-04T12:42:37,13,FPO,133701,Nathalie Ortiz,901,74,64.25,0.0,0.0,0.0,0.0,0.0,0.0,64.2,88.1,,
2026-07-04,2026-07-04T12:42:37,13,FPO,138272,Raven Klein,943,25,437.5,0.07048,0.01364,1.0,0.99952,0.03994,0.0,802.1,28.4,,
2026-07-04,2026-07-04T12:42:37,13,FPO,139109,Leah Tsinajinnie,925,80,53.0,0.00023,0.0,0.00662,1e-05,7e-05,0.0,118.8,73.8,,
2026-07-04,2026-07-04T12:42:37,13,FPO,139387,Hanna Jansson,892,112,20.25,0.0,0.0,0.0,0.0,0.0,0.0,49.6,95.0,,
2026-07-04,2026-07-04T12:42:37,13,FPO,140660,María Eldey Kristínardóttir,917,71,75.0,0.0,0.0,0.0,0.0,0.0,0.0,100.9,75.8,,
2026-07-04,2026-07-04T12:42:37,13,FPO,140947,Nina Bennett,939,89,40.5,0.00494,0.0,0.0149,6e-05,0.00097,0.0,137.6,70.6,,
2026-07-04,2026-07-04T12:42:37,13,FPO,142354,Alexis Kerman,922,58,111.5,0.0016,0.0,0.6286,0.00146,0.00029,0.0,307.7,50.8,,
2026-07-04,2026-07-04T12:42:37,13,FPO,144112,Ella Hansen,974,5,1127.75,1.0,1.0,1.0,1.0,0.0,3e-05,1611.6,5.6,,
2026-07-04,2026-07-04T12:42:37,13,FPO,144791,Emily Yale,893,77,59.0,0.0,0.0,6e-05,0.0,0.0,0.0,113.7,72.9,,
2026-07-04,2026-07-04T12:42:37,13,FPO,146137,Dani K. Hart,950,31,349.5,0.12525,0.02234,1.0,0.99228,0.06787,0.0,800.0,28.5,,
2026-07-04,2026-07-04T12:42:37,13,FPO,146304,MJ Gager,932,46,160.5,0.00243,0.0,0.13454,0.0001,0.00188,0.0,255.4,55.0,,
2026-07-04,2026-07-04T12:42:37,13,FPO,147050,Ali Smith,946,72,66.0,0.00536,0.0,0.01627,5e-05,0.00322,0.0,160.8,66.6,,
2026-07-04,2026-07-04T12:42:37,13,FPO,147393,Sadie Shattuck,865,123,16.0,0.0,0.0,0.0,0.0,0.0,0.0,16.0,130.3,,
2026-07-04,2026-07-04T12:42:37,13,FPO,149803,Candyce Boyce,890,94,33.0,0.0,0.0,0.0,0.0,0.0,0.0,33.0,105.7,,
2026-07-04,2026-07-04T12:42:37,13,FPO,151072,Jennifer Rice,895,119,18.0,0.0,0.0,0.0,0.0,0.0,0.0,18.0,126.9,,
2026-07-04,2026-07-04T12:42:37,13,FPO,152191,Kelley Foster,933,38,280.5,0.01158,0.0,1.0,0.32816,0.0066,0.0,534.1,38.3,,
2026-07-04,2026-07-04T12:42:37,13,FPO,154098,Ariel Walker,938,90,38.25,0.00224,0.0,0.03589,0.0002,0.00115,0.0,154.6,68.4,,
2026-07-04,2026-07-04T12:42:37,13,FPO,155026,Amanda Lennartsson,930,32,349.0,0.00271,0.0,1.0,0.01662,0.00163,0.0,436.1,42.5,,
2026-07-04,2026-07-04T12:42:37,13,FPO,156259,Ella Tejler,898,82,52.5,1e-05,0.0,0.0,0.0,0.0,0.0,78.2,83.0,,
2026-07-04,2026-07-04T12:42:37,13,FPO,157471,Nid Ovathanasin,935,124,15.0,0.00118,0.0,0.00341,2e-05,0.00017,0.0,87.6,84.5,,
2026-07-04,2026-07-04T12:42:37,13,FPO,158385,Destyne Martinez,865,139,2.0,0.0,0.0,0.0,0.0,0.0,0.0,2.0,141.0,,
2026-07-04,2026-07-04T12:42:37,13,FPO,158461,Shiru Liu,914,76,61.5,0.0,0.0,0.00013,0.0,0.0,0.0,90.1,79.9,,
2026-07-04,2026-07-04T12:42:37,13,FPO,161918,Addison Woodard,945,64,89.75,0.03563,1e-05,0.78713,0.0388,0.01547,0.0,391.7,45.8,,
2026-07-04,2026-07-04T12:42:37,13,FPO,162896,Therese Cuevas,938,49,143.0,0.00665,0.0,0.331,0.00268,0.00496,0.0,289.7,52.5,,
2026-07-04,2026-07-04T12:42:37,13,FPO,164788,Alecia Hinkson,932,57,112.5,0.00246,0.0,0.0474,1e-05,0.00097,0.0,198.9,60.6,,
2026-07-04,2026-07-04T12:42:37,13,FPO,168863,Trinity Bryant,919,42,233.0,0.00063,0.0,0.9958,0.00454,0.00021,0.0,370.4,46.5,,
2026-07-04,2026-07-04T12:42:37,13,FPO,170182,Rebecca Minnick,866,98,29.0,0.0,0.0,0.0,0.0,0.0,0.0,29.0,108.2,,
2026-07-04,2026-07-04T12:42:37,13,FPO,173601,Marie Kielas,918,83,51.0,0.0,0.0,0.0,0.0,0.0,0.0,51.0,92.7,,
2026-07-04,2026-07-04T12:42:37,13,FPO,176242,Morgan Lynds,931,65,87.75,0.00031,0.0,0.00376,0.0,0.00011,0.0,118.1,73.1,,
2026-07-04,2026-07-04T12:42:37,13,FPO,176243,Jordan Lynds,945,56,113.25,0.01445,0.0,0.17978,0.0018,0.00993,0.0,260.3,55.5,,
2026-07-04,2026-07-04T12:42:37,13,FPO,176481,Karissa Dedmon,923,114,20.0,6e-05,0.0,0.00139,0.0,0.0,0.0,78.8,86.1,,
2026-07-04,2026-07-04T12:42:37,13,FPO,178707,Joleigh Miller,923,144,0.0,4e-05,0.0,6e-05,0.0,0.0,0.0,40.4,107.8,,
2026-07-04,2026-07-04T12:42:37,13,FPO,179200,Jamie Williams,863,149,0.0,0.0,0.0,0.0,0.0,0.0,0.0,0.0,146.1,,
2026-07-04,2026-07-04T12:42:37,13,FPO,179873,Jenny Larsson,916,95,33.0,0.0,0.0,0.0,0.0,0.0,0.0,58.7,90.1,,
2026-07-04,2026-07-04T12:42:37,13,FPO,181772,Ida Emilie Nesse,950,39,263.5,0.11456,0.00583,1.0,0.92389,0.06954,0.0,730.1,31.3,,
2026-07-04,2026-07-04T12:42:37,13,FPO,182450,Kajsa Wahl,892,113,20.25,0.0,0.0,0.0,0.0,0.0,0.0,38.4,101.6,,
2026-07-04,2026-07-04T12:42:37,13,FPO,184609,Elva-Kate Preston,909,67,83.25,0.00013,0.0,0.01817,0.0,0.0,0.0,191.6,60.6,,
2026-07-04,2026-07-04T12:42:37,13,FPO,184736,Jennifer Smiley,935,33,337.75,0.02261,8e-05,1.0,0.73416,0.01566,0.0,613.7,35.6,,
2026-07-04,2026-07-04T12:42:37,13,FPO,185057,Josefine Johansson,927,79,54.0,7e-05,0.0,0.00186,1e-05,2e-05,0.0,105.8,75.9,,
2026-07-04,2026-07-04T12:42:37,13,FPO,185534,Sofia Donnecke,964,23,547.5,0.3039,0.16435,1.0,1.0,0.12437,0.0,930.6,22.9,,
2026-07-04,2026-07-04T12:42:37,13,FPO,185627,Athena Cuevas,866,127,14.0,0.0,0.0,0.0,0.0,0.0,0.0,14.0,131.4,,
2026-07-04,2026-07-04T12:42:37,13,FPO,186277,Kassandra Fog Wichmann,879,136,6.0,0.0,0.0,0.0,0.0,0.0,0.0,6.0,138.9,,
2026-07-04,2026-07-04T12:42:37,13,FPO,188837,JJ Sun,883,152,0.0,0.0,0.0,0.0,0.0,0.0,0.0,0.0,147.2,,
2026-07-04,2026-07-04T12:42:37,13,FPO,189702,Taylor Chocek,950,13,712.45,0.49522,0.48099,1.0,1.0,0.0111,0.0,1033.1,18.6,,
2026-07-04,2026-07-04T12:42:37,13,FPO,195549,Kylie Kohut,935,50,135.0,0.00437,0.0,0.23197,0.00051,0.00285,0.0,273.0,53.7,,
2026-07-04,2026-07-04T12:42:37,13,FPO,195550,Peyton Kohut,913,81,52.5,1e-05,0.0,0.0,0.0,0.0,0.0,73.4,85.0,,
2026-07-04,2026-07-04T12:42:37,13,FPO,196237,Kaire Tekku,928,69,78.75,0.0,0.0,0.0,0.0,0.0,0.0,78.8,82.4,,
2026-07-04,2026-07-04T12:42:37,13,FPO,197689,Isabella Parker,877,118,18.0,0.0,0.0,0.0,0.0,0.0,0.0,18.0,127.2,,
2026-07-04,2026-07-04T12:42:37,13,FPO,198446,Eliezra Midtlyng,944,18,645.58,0.30795,0.27833,1.0,1.0,0.01527,0.0,986.2,20.5,,
2026-07-04,2026-07-04T12:42:37,13,FPO,198721,Hannah Kellar,887,99,29.0,0.0,0.0,0.0,0.0,0.0,0.0,36.8,103.3,,
2026-07-04,2026-07-04T12:42:37,13,FPO,202571,Elizabete Pēkšena,914,48,153.0,9e-05,0.0,0.03124,0.0,5e-05,0.0,215.9,58.1,,
2026-07-04,2026-07-04T12:42:37,13,FPO,208576,Rebecca Don,960,12,715.66,0.95901,0.9583,1.0,1.0,0.0005,0.0,1207.4,12.6,,
2026-07-04,2026-07-04T12:42:37,13,FPO,209432,Eden Fletcher,899,91,38.0,0.0,0.0,0.0,0.0,0.0,0.0,38.0,101.8,,
2026-07-04,2026-07-04T12:42:37,13,FPO,210972,Kristýna Jurčíková,962,34,331.0,0.12764,9e-05,1.0,0.34016,0.108,0.0,568.6,37.4,,
2026-07-04,2026-07-04T12:42:37,13,FPO,215439,Sheliemae Lai,948,75,62.0,0.00677,0.0,0.0187,9e-05,0.00422,0.0,163.0,66.5,,
2026-07-04,2026-07-04T12:42:37,13,FPO,216558,Iida Lehtomäki,965,28,387.5,0.15981,5e-05,1.0,0.40626,0.13398,0.0,593.8,36.3,,
2026-07-04,2026-07-04T12:42:37,13,FPO,218760,Sarah Duran,865,132,11.0,0.0,0.0,0.0,0.0,0.0,0.0,11.0,135.5,,
2026-07-04,2026-07-04T12:42:37,13,FPO,219693,Anna Damberga,858,111,21.0,0.0,0.0,0.0,0.0,0.0,0.0,21.0,121.9,,
2026-07-04,2026-07-04T12:42:37,13,FPO,222973,Martje Sumowski,929,122,16.5,0.0,0.0,0.0,0.0,0.0,0.0,39.4,101.1,,
2026-07-04,2026-07-04T12:42:37,13,FPO,224238,Julia Fors,951,36,308.5,0.05555,2e-05,1.0,0.33117,0.03976,0.0,549.5,37.9,,
2026-07-04,2026-07-04T12:42:37,13,FPO,225016,Naomi Suyat,869,151,0.0,0.0,0.0,0.0,0.0,0.0,0.0,0.0,145.6,,
2026-07-04,2026-07-04T12:42:37,13,FPO,228486,Stefani Ewell,857,133,10.0,0.0,0.0,0.0,0.0,0.0,0.0,10.0,136.5,,
2026-07-04,2026-07-04T12:42:37,13,FPO,229526,Sintija Klezberga,951,14,697.75,0.63779,0.63052,1.0,1.0,0.0058,0.0,1062.4,17.4,,
2026-07-04,2026-07-04T12:42:37,13,FPO,231650,Tailey Rowley,913,63,92.25,4e-05,0.0,0.0028,0.0,2e-05,0.0,130.2,70.1,,
2026-07-04,2026-07-04T12:42:37,13,FPO,235368,Madalyn Payton,897,141,0.0,0.0,0.0,0.0,0.0,0.0,0.0,0.0,148.9,,
2026-07-04,2026-07-04T12:42:37,13,FPO,238187,Ann Deputy,925,68,80.25,4e-05,0.0,0.00109,0.0,1e-05,0.0,101.4,76.5,,
2026-07-04,2026-07-04T12:42:37,13,FPO,240590,Amelia Saechao,875,105,24.0,0.0,0.0,0.0,0.0,0.0,0.0,24.0,115.4,,
2026-07-04,2026-07-04T12:42:37,13,FPO,242116,Eva Lutsenko,920,107,21.75,0.0,0.0,0.0,0.0,0.0,0.0,21.8,120.3,,
2026-07-04,2026-07-04T12:42:37,13,FPO,242331,Ida Kennmark,852,128,13.5,0.0,0.0,0.0,0.0,0.0,0.0,13.5,132.4,,
2026-07-04,2026-07-04T12:42:37,13,FPO,245306,Netta Leppäaho,939,73,66.0,0.00023,0.0,0.0,0.0,2e-05,0.0,113.4,73.0,,
2026-07-04,2026-07-04T12:42:37,13,FPO,245317,Sophi Stephenson,859,129,12.0,0.0,0.0,0.0,0.0,0.0,0.0,12.0,133.4,,
2026-07-04,2026-07-04T12:42:37,13,FPO,254333,Jess Zilch,872,116,19.5,0.0,0.0,0.0,0.0,0.0,0.0,19.5,123.9,,
2026-07-04,2026-07-04T12:42:37,13,FPO,259972,Marion Mattsson,854,131,11.25,0.0,0.0,0.0,0.0,0.0,0.0,11.2,134.5,,
2026-07-04,2026-07-04T12:42:37,13,FPO,261058,Jessica Erickson,885,84,49.0,0.0,0.0,0.0,0.0,0.0,0.0,49.0,94.6,,
2026-07-04,2026-07-04T12:42:37,13,FPO,261216,Victoria Christensen,868,135,7.5,0.0,0.0,0.0,0.0,0.0,0.0,20.9,121.4,,
2026-07-04,2026-07-04T12:42:37,13,FPO,268900,Natalie Berg,883,115,19.5,0.0,0.0,0.0,0.0,0.0,0.0,19.5,124.0,,
2026-07-04,2026-07-04T12:42:37,13,FPO,269838,Daisy Kelly,876,150,0.0,0.0,0.0,0.0,0.0,0.0,0.0,0.0,145.8,,
2026-07-04,2026-07-04T12:42:37,13,FPO,277832,Chandler Reigh,937,29,374.0,0.03455,0.00089,1.0,0.98686,0.02428,0.0,713.6,32.0,,
2026-07-04,2026-07-04T12:42:37,13,FPO,278450,Brit Hamburg-Kiin,848,101,28.5,0.0,0.0,0.0,0.0,0.0,0.0,28.5,109.8,,
2026-07-04,2026-07-04T12:42:37,13,FPO,279466,Gry Nagel,810,120,18.0,0.0,0.0,0.0,0.0,0.0,0.0,18.0,126.9,,
2026-07-04,2026-07-04T12:42:37,13,FPO,281626,Una Lokmane,871,100,28.5,0.0,0.0,0.0,0.0,0.0,0.0,28.5,109.8,,
2026-07-04,2026-07-04T12:42:37,13,FPO,284553,Katherine Aydelott,861,137,4.0,0.0,0.0,0.0,0.0,0.0,0.0,6.6,138.9,,
2026-07-04,2026-07-04T12:42:37,13,FPO,288014,Jordan Coomes,847,117,18.0,0.0,0.0,0.0,0.0,0.0,0.0,18.0,127.6,,
2026-07-04,2026-07-04T12:42:37,13,FPO,308525,Saga Dahlstedt,906,61,99.0,0.0,0.0,0.0,0.0,0.0,0.0,135.0,68.5,,
2026-07-07,2026-07-07T18:17:16,14,FPO,15354,Jennifer Allen,970,37,313.0,0.3566,0.03586,1.0,0.9412,0.24422,0.0,801.5,28.3,,
2026-07-07,2026-07-07T18:17:16,14,FPO,27832,Kona Star Montgomery,946,24,478.0,0.14691,0.09912,1.0,0.99998,0.03857,0.0,893.8,24.4,,
2026-07-07,2026-07-07T18:17:16,14,FPO,29190,Paige Pierce,968,17,693.17,0.81848,0.80639,1.0,1.0,0.01172,0.0,1119.6,15.3,,
2026-07-07,2026-07-07T18:17:16,14,FPO,29947,Stephanie Vincent,925,107,28.0,0.0,0.0,0.0,0.0,0.0,0.0,28.0,112.1,,
2026-07-07,2026-07-07T18:17:16,14,FPO,31041,Sheila Teves,883,153,0.0,0.0,0.0,0.0,0.0,0.0,0.0,0.0,152.6,,
2026-07-07,2026-07-07T18:17:16,14,FPO,32654,Lisa Fajkus,959,21,593.83,0.42306,0.36535,1.0,1.0,0.04401,0.0,998.4,19.9,,
2026-07-07,2026-07-07T18:17:16,14,FPO,32917,Rebecca Cox,952,31,397.0,0.13057,0.02372,1.0,0.99565,0.08164,0.0,808.9,28.1,,
2026-07-07,2026-07-07T18:17:16,14,FPO,34563,Sarah Hokom,949,63,101.0,0.04912,5e-05,0.95389,0.10508,0.02663,0.0,458.2,42.2,,
2026-07-07,2026-07-07T18:17:16,14,FPO,35321,Sofie Björlycke,932,70,83.25,0.0,0.0,0.0,0.0,0.0,0.0,83.2,80.1,,
2026-07-07,2026-07-07T18:17:16,14,FPO,35774,Camilla Jernberg,898,139,7.5,0.0,0.0,0.0,0.0,0.0,0.0,7.5,141.7,,
2026-07-07,2026-07-07T18:17:16,14,FPO,39504,Zoe AnDyke,928,74,77.0,0.0,0.0,0.0,0.0,0.0,0.0,77.0,84.0,,
2026-07-07,2026-07-07T18:17:16,14,FPO,43995,Taylor Foth,899,151,0.0,0.0,0.0,0.0,0.0,0.0,0.0,0.0,153.5,,
2026-07-07,2026-07-07T18:17:16,14,FPO,44184,Catrina Allen,963,7,1010.08,1.0,1.0,1.0,1.0,0.0,0.0,1349.7,9.0,,
2026-07-07,2026-07-07T18:17:16,14,FPO,48199,Alison Blakeman,866,158,0.0,0.0,0.0,0.0,0.0,0.0,0.0,0.0,158.0,,
2026-07-07,2026-07-07T18:17:16,14,FPO,48976,Ohn Scoggins,989,4,1219.0,1.0,1.0,1.0,1.0,0.0,0.29882,2095.4,2.2,,
2026-07-07,2026-07-07T18:17:16,14,FPO,50656,Jessica Gurthie,955,20,608.0,1.0,0.7902,1.0,1.0,0.0041,0.0,1114.4,15.4,,
2026-07-07,2026-07-07T18:17:16,14,FPO,51277,Holly Finley,929,45,214.0,0.00292,0.0,0.9787,0.00789,0.00112,0.0,370.7,46.5,,
2026-07-07,2026-07-07T18:17:16,14,FPO,59227,Henna Blomroos,974,9,890.0,1.0,0.99328,1.0,1.0,2e-05,0.0,1259.4,11.1,,
2026-07-07,2026-07-07T18:17:16,14,FPO,59431,Madison Walker,952,19,646.83,0.32329,0.28011,1.0,1.0,0.0341,0.0,976.3,20.9,,
2026-07-07,2026-07-07T18:17:16,14,FPO,60798,Madison Tomaino,919,69,83.5,0.0,0.0,0.0,0.0,0.0,0.0,115.7,71.7,,
2026-07-07,2026-07-07T18:17:16,14,FPO,61144,Emily Beach,895,147,0.0,0.0,0.0,0.0,0.0,0.0,0.0,0.0,150.2,,
2026-07-07,2026-07-07T18:17:16,14,FPO,61990,Katka Boďová,922,88,48.0,0.0,0.0,0.0,0.0,0.0,0.0,48.0,96.1,,
2026-07-07,2026-07-07T18:17:16,14,FPO,62879,Valerie Mandujano,975,18,673.16,0.99993,0.99993,1.0,1.0,0.0,0.0,1446.0,7.6,,
2026-07-07,2026-07-07T18:17:16,14,FPO,62880,Alexis Mandujano,960,32,352.5,0.25546,0.09724,1.0,0.99679,0.11583,0.0,875.3,25.2,,
2026-07-07,2026-07-07T18:17:16,14,FPO,63257,Maria Oliva,917,42,237.0,0.00047,0.0,0.99969,0.00264,0.00015,0.0,370.8,46.4,,
2026-07-07,2026-07-07T18:17:16,14,FPO,64927,Eveliina Salonen,982,6,1164.67,1.0,1.0,1.0,1.0,0.0,0.0,1581.9,5.9,,
2026-07-07,2026-07-07T18:17:16,14,FPO,65489,Lauren Butler,919,51,157.75,0.00043,0.0,0.30417,7e-05,0.0001,0.0,269.2,53.6,,
2026-07-07,2026-07-07T18:17:16,14,FPO,66063,Ashlee Johnson,864,152,0.0,0.0,0.0,0.0,0.0,0.0,0.0,0.0,152.4,,
2026-07-07,2026-07-07T18:17:16,14,FPO,66599,Heidi Laine,963,12,764.75,0.92997,0.92859,1.0,1.0,0.00131,0.0,1175.4,13.4,,
2026-07-07,2026-07-07T18:17:16,14,FPO,71262,Erika Stinchcomb,920,44,222.25,0.00077,0.0,0.99986,0.01238,0.00027,0.0,398.0,44.8,,
2026-07-07,2026-07-07T18:17:16,14,FPO,72635,Kersti Miller,889,99,34.5,0.0,0.0,0.0,0.0,0.0,0.0,34.5,104.7,,
2026-07-07,2026-07-07T18:17:16,14,FPO,74708,Casey Pennington,922,95,37.5,8e-05,0.0,0.00029,0.0,0.0,0.0,76.4,84.8,,
2026-07-07,2026-07-07T18:17:16,14,FPO,75029,Cynthia Ricciotti,917,60,107.25,0.00039,0.0,0.05556,1e-05,6e-05,0.0,211.1,58.9,,
2026-07-07,2026-07-07T18:17:16,14,FPO,77385,Matilda Ringbom,938,40,274.0,0.00662,0.0,0.72275,0.00012,0.00593,0.0,319.4,49.9,,
2026-07-07,2026-07-07T18:17:16,14,FPO,78232,Tiger Borth,899,116,21.0,0.0,0.0,0.0,0.0,0.0,0.0,25.1,116.6,,
2026-07-07,2026-07-07T18:17:16,14,FPO,79233,Cadence Burge,971,64,95.25,0.40033,0.02084,0.99983,0.82838,0.24706,0.0,748.2,30.5,,
2026-07-07,2026-07-07T18:17:16,14,FPO,80935,Lindsey Maas,902,102,32.25,0.0,0.0,1e-05,0.0,0.0,0.0,66.3,87.6,,
2026-07-07,2026-07-07T18:17:16,14,FPO,82809,Alex von Stade,892,112,22.0,0.0,0.0,0.0,0.0,0.0,0.0,22.0,119.4,,
2026-07-07,2026-07-07T18:17:16,14,FPO,83376,Cassandra Lioi,889,138,8.0,0.0,0.0,0.0,0.0,0.0,0.0,8.0,140.7,,
2026-07-07,2026-07-07T18:17:16,14,FPO,84279,Kaidi Allsalu,951,47,203.62,0.03292,0.0,0.0,0.0,0.02954,0.0,284.3,52.9,,
2026-07-07,2026-07-07T18:17:16,14,FPO,85189,Samantha Bonacci,865,126,16.5,0.0,0.0,0.0,0.0,0.0,0.0,27.3,112.3,,
2026-07-07,2026-07-07T18:17:16,14,FPO,85484,Anneli Tõugjas-Männiste,959,25,456.0,0.25,0.09984,1.0,0.99931,0.10725,0.0,884.5,24.8,,
2026-07-07,2026-07-07T18:17:16,14,FPO,85942,Missy Gannon,984,3,1311.5,1.0,1.0,1.0,1.0,0.0,0.00621,1839.8,4.0,,
2026-07-07,2026-07-07T18:17:16,14,FPO,94085,Keiti Tätte,954,49,184.12,0.01655,0.0,0.0,0.0,0.01498,0.0,217.0,58.9,,
2026-07-07,2026-07-07T18:17:16,14,FPO,96090,Sonja Laine,899,97,36.0,0.0,0.0,0.0,0.0,0.0,0.0,36.0,102.5,,
2026-07-07,2026-07-07T18:17:16,14,FPO,97238,Jannicke Hjemli,863,137,9.75,0.0,0.0,0.0,0.0,0.0,0.0,9.8,139.6,,
2026-07-07,2026-07-07T18:17:16,14,FPO,99441,Lykke Lorentzen,923,90,43.0,4e-05,0.0,0.0003,0.0,1e-05,0.0,67.0,88.0,,
2026-07-07,2026-07-07T18:17:16,14,FPO,99455,Kat Mertsch,966,8,938.67,0.99975,0.99975,1.0,1.0,0.0,0.0,1350.6,9.2,,
2026-07-07,2026-07-07T18:17:16,14,FPO,101949,Ratana McMahon,894,54,129.75,0.0,0.0,0.0,0.0,0.0,0.0,146.3,66.1,,
2026-07-07,2026-07-07T18:17:16,14,FPO,102024,Danielle Keen,906,150,0.0,0.0,0.0,0.0,0.0,0.0,0.0,0.0,151.5,,
2026-07-07,2026-07-07T18:17:16,14,FPO,103743,Karen Martel,924,129,15.0,4e-05,0.0,9e-05,0.0,0.0,0.0,34.4,114.9,,
2026-07-07,2026-07-07T18:17:16,14,FPO,104187,Macie Velediaz,957,38,294.67,0.13116,0.00115,1.0,0.63996,0.09139,0.0,641.8,34.6,,
2026-07-07,2026-07-07T18:17:16,14,FPO,104314,Violet Main,947,41,250.0,0.04212,3e-05,1.0,0.28834,0.02644,0.0,536.1,38.6,,
2026-07-07,2026-07-07T18:17:16,14,FPO,104814,Ellie Bryant,900,115,21.75,0.0,0.0,0.0,0.0,0.0,0.0,37.1,105.5,,
2026-07-07,2026-07-07T18:17:16,14,FPO,105126,Aria Castruita,949,145,0.0,0.00347,0.0,0.00306,2e-05,0.0009,0.0,90.9,83.8,,
2026-07-07,2026-07-07T18:17:16,14,FPO,106489,Anna Pinter,875,114,21.75,0.0,0.0,0.0,0.0,0.0,0.0,21.8,121.1,,
2026-07-07,2026-07-07T18:17:16,14,FPO,107297,Maria Liivamägi,873,109,24.0,0.0,0.0,0.0,0.0,0.0,0.0,24.0,115.7,,
2026-07-07,2026-07-07T18:17:16,14,FPO,107335,Silva Saarinen,990,2,1414.84,1.0,1.0,1.0,1.0,0.0,0.39942,2123.8,1.9,,
2026-07-07,2026-07-07T18:17:16,14,FPO,108871,Brook Johnson,905,108,24.0,0.0,0.0,0.0,0.0,0.0,0.0,29.7,110.8,,
2026-07-07,2026-07-07T18:17:16,14,FPO,109337,Cathy Kuhn,863,148,0.0,0.0,0.0,0.0,0.0,0.0,0.0,0.0,150.8,,
2026-07-07,2026-07-07T18:17:16,14,FPO,109996,Anniken Kristiansen Steen,962,16,700.29,0.23091,0.09313,1.0,1.0,0.13086,0.0,905.1,23.9,,
2026-07-07,2026-07-07T18:17:16,14,FPO,111487,Emily Weatherman,955,11,773.33,0.92132,0.92076,1.0,1.0,0.00051,0.0,1154.0,14.0,,
2026-07-07,2026-07-07T18:17:16,14,FPO,112647,Hanna Huynh,963,22,561.0,0.90769,0.90442,1.0,1.0,0.00258,0.0,1169.2,13.7,,
2026-07-07,2026-07-07T18:17:16,14,FPO,115503,Olivia Kindstedt,945,48,189.0,0.01718,0.0,0.27752,0.00162,0.01401,0.0,305.7,51.3,,
2026-07-07,2026-07-07T18:17:16,14,FPO,116694,Kristi Unt,934,89,45.0,0.0,0.0,0.0,0.0,0.0,0.0,45.0,97.5,,
2026-07-07,2026-07-07T18:17:16,14,FPO,121554,Elina Rydberg,903,111,23.25,0.0,0.0,0.0,0.0,0.0,0.0,23.2,117.4,,
2026-07-07,2026-07-07T18:17:16,14,FPO,124064,Shelby Cowen,914,56,127.0,0.00031,0.0,0.1376,1e-05,5e-05,0.0,238.9,56.2,,
2026-07-07,2026-07-07T18:17:16,14,FPO,128532,Maarja Soasepp,892,91,42.0,0.0,0.0,0.0,0.0,0.0,0.0,42.0,98.8,,
2026-07-07,2026-07-07T18:17:16,14,FPO,130342,Chantel Budinsky,955,81,58.5,0.01442,0.0,0.02703,0.00018,0.00901,0.0,158.0,68.6,,
2026-07-07,2026-07-07T18:17:16,14,FPO,132291,Ashley Phelps,907,143,2.0,0.0,0.0,0.0,0.0,0.0,0.0,23.3,123.3,,
2026-07-07,2026-07-07T18:17:16,14,FPO,133547,Holyn Handley,987,1,1668.34,1.0,1.0,1.0,1.0,0.0,0.29552,2103.1,2.1,,
2026-07-07,2026-07-07T18:17:16,14,FPO,133701,Nathalie Ortiz,901,77,64.25,0.0,0.0,0.0,0.0,0.0,0.0,64.2,88.0,,
2026-07-07,2026-07-07T18:17:16,14,FPO,138272,Raven Klein,943,26,437.5,0.06693,0.01588,1.0,0.99944,0.04052,0.0,802.6,28.4,,
2026-07-07,2026-07-07T18:17:16,14,FPO,139109,Leah Tsinajinnie,925,83,53.0,0.0001,0.0,0.00677,0.0,5e-05,0.0,118.4,73.6,,
2026-07-07,2026-07-07T18:17:16,14,FPO,139387,Hanna Jansson,892,86,50.25,0.0,0.0,0.0,0.0,0.0,0.0,50.2,93.4,,
2026-07-07,2026-07-07T18:17:16,14,FPO,140660,María Eldey Kristínardóttir,917,66,91.5,0.0,0.0,0.0,0.0,0.0,0.0,91.5,77.6,,
2026-07-07,2026-07-07T18:17:16,14,FPO,140947,Nina Bennett,939,92,40.5,0.0047,0.0,0.01514,2e-05,0.00083,0.0,137.5,70.4,,
2026-07-07,2026-07-07T18:17:16,14,FPO,142354,Alexis Kerman,922,59,111.5,0.00102,0.0,0.63859,0.00146,0.00032,0.0,307.6,50.8,,
2026-07-07,2026-07-07T18:17:16,14,FPO,144112,Ella Hansen,974,5,1214.08,1.0,1.0,1.0,1.0,0.0,3e-05,1621.4,5.6,,
2026-07-07,2026-07-07T18:17:16,14,FPO,144791,Emily Yale,893,80,59.0,0.0,0.0,8e-05,0.0,0.0,0.0,113.6,72.5,,
2026-07-07,2026-07-07T18:17:16,14,FPO,146137,Dani K. Hart,950,33,349.5,0.11477,0.02394,1.0,0.99099,0.06871,0.0,799.2,28.5,,
2026-07-07,2026-07-07T18:17:16,14,FPO,146304,MJ Gager,932,50,160.5,0.00242,0.0,0.13742,8e-05,0.00185,0.0,254.6,55.1,,
2026-07-07,2026-07-07T18:17:16,14,FPO,147050,Ali Smith,946,76,66.0,0.00493,0.0,0.01834,5e-05,0.00299,0.0,160.1,66.4,,
2026-07-07,2026-07-07T18:17:16,14,FPO,147393,Sadie Shattuck,865,127,16.0,0.0,0.0,0.0,0.0,0.0,0.0,16.0,131.3,,
2026-07-07,2026-07-07T18:17:16,14,FPO,149803,Candyce Boyce,890,100,33.0,0.0,0.0,0.0,0.0,0.0,0.0,33.0,106.2,,
2026-07-07,2026-07-07T18:17:16,14,FPO,151072,Jennifer Rice,895,123,18.0,0.0,0.0,0.0,0.0,0.0,0.0,18.0,127.1,,
2026-07-07,2026-07-07T18:17:16,14,FPO,152191,Kelley Foster,933,39,280.5,0.00962,0.0,1.0,0.30351,0.00642,0.0,532.9,38.5,,
2026-07-07,2026-07-07T18:17:16,14,FPO,154098,Ariel Walker,938,93,38.25,0.0022,0.0,0.0371,7e-05,0.00116,0.0,154.1,68.3,,
2026-07-07,2026-07-07T18:17:16,14,FPO,155026,Amanda Lennartsson,930,29,409.0,0.00194,0.0,1.0,0.01278,0.00163,0.0,439.1,42.3,,
2026-07-07,2026-07-07T18:17:16,14,FPO,156259,Ella Tejler,898,75,73.5,0.0,0.0,0.0,0.0,0.0,0.0,73.5,85.5,,
2026-07-07,2026-07-07T18:17:16,14,FPO,157471,Nid Ovathanasin,935,128,15.0,0.00097,0.0,0.00342,0.0,0.0001,0.0,87.5,84.3,,
2026-07-07,2026-07-07T18:17:16,14,FPO,158385,Destyne Martinez,865,144,2.0,0.0,0.0,0.0,0.0,0.0,0.0,2.0,146.0,,
2026-07-07,2026-07-07T18:17:16,14,FPO,158461,Shiru Liu,914,79,61.5,2e-05,0.0,0.00016,0.0,0.0,0.0,90.2,79.7,,
2026-07-07,2026-07-07T18:17:16,14,FPO,161918,Addison Woodard,945,67,89.75,0.02608,0.0,0.79523,0.03563,0.01526,0.0,391.9,45.8,,
2026-07-07,2026-07-07T18:17:16,14,FPO,162896,Therese Cuevas,938,52,143.0,0.00619,0.0,0.33571,0.00212,0.00449,0.0,288.6,52.7,,
2026-07-07,2026-07-07T18:17:16,14,FPO,164788,Alecia Hinkson,932,58,112.5,0.00254,0.0,0.05081,3e-05,0.00084,0.0,198.2,60.6,,
2026-07-07,2026-07-07T18:17:16,14,FPO,168863,Trinity Bryant,919,43,233.0,0.00038,0.0,0.99766,0.00372,0.00016,0.0,370.5,46.4,,
2026-07-07,2026-07-07T18:17:16,14,FPO,170182,Rebecca Minnick,866,103,29.0,0.0,0.0,0.0,0.0,0.0,0.0,29.0,108.9,,
2026-07-07,2026-07-07T18:17:16,14,FPO,173601,Marie Kielas,918,85,51.0,0.0,0.0,0.0,0.0,0.0,0.0,51.0,92.3,,
2026-07-07,2026-07-07T18:17:16,14,FPO,176242,Morgan Lynds,931,68,87.75,0.00019,0.0,0.00345,0.0,7e-05,0.0,117.9,72.7,,
2026-07-07,2026-07-07T18:17:16,14,FPO,176243,Jordan Lynds,945,57,113.25,0.01401,0.0,0.18668,0.00152,0.00944,0.0,258.9,55.5,,
2026-07-07,2026-07-07T18:17:16,14,FPO,176481,Karissa Dedmon,923,118,20.0,7e-05,0.0,0.00147,0.0,0.0,0.0,79.0,85.9,,
2026-07-07,2026-07-07T18:17:16,14,FPO,178707,Joleigh Miller,923,149,0.0,5e-05,0.0,5e-05,0.0,0.0,0.0,40.2,108.7,,
2026-07-07,2026-07-07T18:17:16,14,FPO,179200,Jamie Williams,863,154,0.0,0.0,0.0,0.0,0.0,0.0,0.0,0.0,153.2,,
2026-07-07,2026-07-07T18:17:16,14,FPO,179873,Jenny Larsson,916,82,54.0,0.0,0.0,0.0,0.0,0.0,0.0,54.0,90.9,,
2026-07-07,2026-07-07T18:17:16,14,FPO,181772,Ida Emilie Nesse,950,35,334.0,0.09968,0.00698,1.0,0.9391,0.06911,0.0,740.9,30.9,,
2026-07-07,2026-07-07T18:17:16,14,FPO,182450,Kajsa Wahl,892,96,36.75,0.0,0.0,0.0,0.0,0.0,0.0,36.8,101.4,,
2026-07-07,2026-07-07T18:17:16,14,FPO,184609,Elva-Kate Preston,909,61,107.25,0.00011,0.0,0.01398,0.0,1e-05,0.0,186.4,61.3,,
2026-07-07,2026-07-07T18:17:16,14,FPO,184736,Jennifer Smiley,935,34,337.75,0.01993,0.00011,1.0,0.70502,0.01545,0.0,612.6,35.7,,
2026-07-07,2026-07-07T18:17:16,14,FPO,185057,Josefine Johansson,927,71,81.0,5e-05,0.0,0.00161,0.0,2e-05,0.0,105.0,75.7,,
2026-07-07,2026-07-07T18:17:16,14,FPO,185534,Sofia Donnecke,964,23,547.5,0.31193,0.17393,1.0,0.99997,0.12311,0.0,930.3,22.8,,
2026-07-07,2026-07-07T18:17:16,14,FPO,185627,Athena Cuevas,866,130,14.0,0.0,0.0,0.0,0.0,0.0,0.0,14.0,132.4,,
2026-07-07,2026-07-07T18:17:16,14,FPO,186277,Kassandra Fog Wichmann,879,140,6.0,0.0,0.0,0.0,0.0,0.0,0.0,6.0,143.6,,
2026-07-07,2026-07-07T18:17:16,14,FPO,186629,Sanne Dalseth,861,132,13.5,0.0,0.0,0.0,0.0,0.0,0.0,13.5,134.2,,
2026-07-07,2026-07-07T18:17:16,14,FPO,188837,JJ Sun,883,157,0.0,0.0,0.0,0.0,0.0,0.0,0.0,0.0,150.4,,
2026-07-07,2026-07-07T18:17:16,14,FPO,189702,Taylor Chocek,950,13,749.95,0.45931,0.44565,1.0,1.0,0.01264,0.0,1021.4,18.9,,
2026-07-07,2026-07-07T18:17:16,14,FPO,195549,Kylie Kohut,935,53,135.0,0.00439,0.0,0.23589,0.00042,0.00296,0.0,271.6,53.8,,
2026-07-07,2026-07-07T18:17:16,14,FPO,195550,Peyton Kohut,913,84,52.5,1e-05,0.0,0.0,0.0,0.0,0.0,73.4,84.9,,
2026-07-07,2026-07-07T18:17:16,14,FPO,196237,Kaire Tekku,928,73,78.75,0.0,0.0,0.0,0.0,0.0,0.0,78.8,82.8,,
2026-07-07,2026-07-07T18:17:16,14,FPO,197689,Isabella Parker,877,122,18.0,0.0,0.0,0.0,0.0,0.0,0.0,18.0,127.2,,
2026-07-07,2026-07-07T18:17:16,14,FPO,198446,Eliezra Midtlyng,944,14,746.58,0.37313,0.36111,1.0,1.0,0.01018,0.0,1003.4,19.6,,
2026-07-07,2026-07-07T18:17:16,14,FPO,198721,Hannah Kellar,887,104,29.0,0.0,0.0,0.0,0.0,0.0,0.0,36.9,103.8,,
2026-07-07,2026-07-07T18:17:16,14,FPO,202571,Elizabete Pēkšena,914,46,205.5,7e-05,0.0,0.03826,0.0,5e-05,0.0,227.9,57.1,,
2026-07-07,2026-07-07T18:17:16,14,FPO,208576,Rebecca Don,960,10,801.99,0.97681,0.97668,1.0,1.0,0.00013,0.0,1217.0,12.2,,
2026-07-07,2026-07-07T18:17:16,14,FPO,209432,Eden Fletcher,899,94,38.0,0.0,0.0,0.0,0.0,0.0,0.0,38.0,100.3,,
2026-07-07,2026-07-07T18:17:16,14,FPO,210972,Kristýna Jurčíková,962,36,331.0,0.12796,0.00012,1.0,0.32119,0.10839,0.0,568.1,37.5,,
2026-07-07,2026-07-07T18:17:16,14,FPO,215439,Sheliemae Lai,948,78,62.0,0.00659,0.0,0.01787,7e-05,0.00404,0.0,161.9,66.3,,
2026-07-07,2026-07-07T18:17:16,14,FPO,216558,Iida Lehtomäki,965,27,430.25,0.15795,3e-05,1.0,0.36029,0.13234,0.0,589.4,36.6,,
2026-07-07,2026-07-07T18:17:16,14,FPO,218760,Sarah Duran,865,135,11.0,0.0,0.0,0.0,0.0,0.0,0.0,11.0,137.5,,
2026-07-07,2026-07-07T18:17:16,14,FPO,219693,Anna Damberga,858,117,21.0,0.0,0.0,0.0,0.0,0.0,0.0,21.0,122.4,,
2026-07-07,2026-07-07T18:17:16,14,FPO,222973,Martje Sumowski,929,101,33.0,0.0,0.0,0.0,0.0,0.0,0.0,33.0,106.5,,
2026-07-07,2026-07-07T18:17:16,14,FPO,224238,Julia Fors,951,28,428.5,0.05492,0.0001,1.0,0.52157,0.04858,0.0,599.2,36.2,,
2026-07-07,2026-07-07T18:17:16,14,FPO,225016,Naomi Suyat,869,156,0.0,0.0,0.0,0.0,0.0,0.0,0.0,0.0,154.0,,
2026-07-07,2026-07-07T18:17:16,14,FPO,228486,Stefani Ewell,857,136,10.0,0.0,0.0,0.0,0.0,0.0,0.0,10.0,138.5,,
2026-07-07,2026-07-07T18:17:16,14,FPO,229526,Sintija Klezberga,951,15,737.5,0.54579,0.53501,1.0,1.0,0.00901,0.0,1038.0,18.2,,
2026-07-07,2026-07-07T18:17:16,14,FPO,231650,Tailey Rowley,913,65,92.25,2e-05,0.0,0.00272,0.0,0.0,0.0,130.2,69.7,,
2026-07-07,2026-07-07T18:17:16,14,FPO,232666,Rebecka Hoppe,857,141,6.0,0.0,0.0,0.0,0.0,0.0,0.0,6.0,143.9,,
2026-07-07,2026-07-07T18:17:16,14,FPO,235368,Madalyn Payton,897,146,0.0,0.0,0.0,0.0,0.0,0.0,0.0,0.0,150.0,,
2026-07-07,2026-07-07T18:17:16,14,FPO,238187,Ann Deputy,925,72,80.25,7e-05,0.0,0.00124,1e-05,0.0,0.0,101.2,76.7,,
2026-07-07,2026-07-07T18:17:16,14,FPO,240590,Amelia Saechao,875,110,24.0,0.0,0.0,0.0,0.0,0.0,0.0,24.0,115.6,,
2026-07-07,2026-07-07T18:17:16,14,FPO,242116,Eva Lutsenko,920,113,21.75,0.0,0.0,0.0,0.0,0.0,0.0,21.8,120.7,,
2026-07-07,2026-07-07T18:17:16,14,FPO,242331,Ida Kennmark,852,131,13.5,0.0,0.0,0.0,0.0,0.0,0.0,13.5,133.6,,
2026-07-07,2026-07-07T18:17:16,14,FPO,245306,Netta Leppäaho,939,62,105.75,0.0,0.0,0.0,0.0,0.0,0.0,105.8,73.9,,
2026-07-07,2026-07-07T18:17:16,14,FPO,245317,Sophi Stephenson,859,133,12.0,0.0,0.0,0.0,0.0,0.0,0.0,12.0,135.4,,
2026-07-07,2026-07-07T18:17:16,14,FPO,254333,Jess Zilch,872,120,19.5,0.0,0.0,0.0,0.0,0.0,0.0,19.5,124.3,,
2026-07-07,2026-07-07T18:17:16,14,FPO,259972,Marion Mattsson,854,134,11.25,0.0,0.0,0.0,0.0,0.0,0.0,11.2,136.5,,
2026-07-07,2026-07-07T18:17:16,14,FPO,261058,Jessica Erickson,885,87,49.0,0.0,0.0,0.0,0.0,0.0,0.0,49.0,94.9,,
2026-07-07,2026-07-07T18:17:16,14,FPO,261216,Victoria Christensen,868,125,17.25,0.0,0.0,0.0,0.0,0.0,0.0,17.2,129.7,,
2026-07-07,2026-07-07T18:17:16,14,FPO,268900,Natalie Berg,883,119,19.5,0.0,0.0,0.0,0.0,0.0,0.0,19.5,123.8,,
2026-07-07,2026-07-07T18:17:16,14,FPO,269838,Daisy Kelly,876,155,0.0,0.0,0.0,0.0,0.0,0.0,0.0,0.0,153.6,,
2026-07-07,2026-07-07T18:17:16,14,FPO,277832,Chandler Reigh,937,30,406.25,0.03102,0.0007,1.0,0.98131,0.02477,0.0,706.7,32.4,,
2026-07-07,2026-07-07T18:17:16,14,FPO,278450,Brit Hamburg-Kiin,848,106,28.5,0.0,0.0,0.0,0.0,0.0,0.0,28.5,110.6,,
2026-07-07,2026-07-07T18:17:16,14,FPO,279466,Gry Nagel,810,124,18.0,0.0,0.0,0.0,0.0,0.0,0.0,18.0,127.0,,
2026-07-07,2026-07-07T18:17:16,14,FPO,281626,Una Lokmane,871,105,28.5,0.0,0.0,0.0,0.0,0.0,0.0,28.5,110.4,,
2026-07-07,2026-07-07T18:17:16,14,FPO,284553,Katherine Aydelott,861,142,4.0,0.0,0.0,0.0,0.0,0.0,0.0,6.6,143.0,,
2026-07-07,2026-07-07T18:17:16,14,FPO,288014,Jordan Coomes,847,121,18.0,0.0,0.0,0.0,0.0,0.0,0.0,18.0,127.3,,
2026-07-07,2026-07-07T18:17:16,14,FPO,308525,Saga Dahlstedt,906,55,127.5,0.0,0.0,0.0,0.0,0.0,0.0,127.5,69.2,,
2026-07-07,2026-07-07T18:17:16,14,FPO,311218,Mina Alme,891,98,35.25,0.0,0.0,0.0,0.0,0.0,0.0,35.2,103.5,,
2026-07-08,2026-07-08T19:14:43,14,FPO,3024,Chris O'Cleary,914,202,0.0,1e-05,0.0,1e-05,0.0,0.0,0.0,9.1,161.9,97344,
2026-07-08,2026-07-08T19:14:43,14,FPO,3090,Elaine King,890,203,0.0,0.0,0.0,0.0,0.0,0.0,0.0,2.6,173.2,97344,
2026-07-08,2026-07-08T19:14:43,14,FPO,8803,Ruth Steele,872,186,0.0,0.0,0.0,0.0,0.0,0.0,0.0,2.5,162.7,97341,
2026-07-08,2026-07-08T19:14:43,14,FPO,15354,Jennifer Allen,970,37,313.0,0.3579,0.03796,1.0,0.94501,0.24296,0.0,799.4,28.2,96414;96415;97344;96418,
2026-07-08,2026-07-08T19:14:43,14,FPO,27832,Kona Star Montgomery,946,24,478.0,0.14611,0.09783,1.0,0.99996,0.03878,0.0,887.7,24.5,97341;96414;96415;96416;97344;96417;96418;96419,
2026-07-08,2026-07-08T19:14:43,14,FPO,29190,Paige Pierce,968,17,693.17,0.84934,0.84028,1.0,1.0,0.00876,0.0,1131.0,14.8,97341;96414;96416;97344;96418;96419,
2026-07-08,2026-07-08T19:14:43,14,FPO,29947,Stephanie Vincent,925,107,28.0,0.0,0.0,0.0,0.0,0.0,0.0,28.0,116.9,,
2026-07-08,2026-07-08T19:14:43,14,FPO,31041,Sheila Teves,883,153,0.0,0.0,0.0,0.0,0.0,0.0,0.0,0.0,206.3,,
2026-07-08,2026-07-08T19:14:43,14,FPO,32654,Lisa Fajkus,959,21,593.83,0.38385,0.3169,1.0,1.0,0.05072,0.0,982.6,20.4,96414;96415;96416;96417;96418;96419,
2026-07-08,2026-07-08T19:14:43,14,FPO,32917,Rebecca Cox,952,31,397.0,0.1325,0.02969,1.0,0.9927,0.07775,0.0,809.3,27.9,96414;96415;96416;97344;96417;96418,
2026-07-08,2026-07-08T19:14:43,14,FPO,32925,Lindsay Fish,883,180,0.0,0.0,0.0,0.0,0.0,0.0,0.0,3.8,185.0,97341,
2026-07-08,2026-07-08T19:14:43,14,FPO,34563,Sarah Hokom,949,63,101.0,0.0508,1e-05,0.95682,0.12991,0.02825,0.0,461.5,41.9,96414;96415;96416;97344;96417;96418,
2026-07-08,2026-07-08T19:14:43,14,FPO,35321,Sofie Björlycke,932,70,83.25,0.0,0.0,0.0,0.0,0.0,0.0,83.2,81.4,,
2026-07-08,2026-07-08T19:14:43,14,FPO,35774,Camilla Jernberg,898,139,7.5,0.0,0.0,0.0,0.0,0.0,0.0,7.5,152.1,,
2026-07-08,2026-07-08T19:14:43,14,FPO,36307,Amanda Branch,887,199,0.0,0.0,0.0,0.0,0.0,0.0,0.0,2.4,171.1,97344,
2026-07-08,2026-07-08T19:14:43,14,FPO,39504,Zoe AnDyke,928,74,77.0,0.0,0.0,0.0,0.0,0.0,0.0,77.0,85.5,,
2026-07-08,2026-07-08T19:14:43,14,FPO,43995,Taylor Foth,899,151,0.0,0.0,0.0,0.0,0.0,0.0,0.0,0.0,206.2,,
2026-07-08,2026-07-08T19:14:43,14,FPO,44184,Catrina Allen,963,7,1010.08,0.99996,0.99996,1.0,1.0,0.0,0.0,1352.0,9.0,97341;100195;96414;96415;96416;97344;96417;96418;96419,
2026-07-08,2026-07-08T19:14:43,14,FPO,45407,Brittney Armentrout,851,168,0.0,0.0,0.0,0.0,0.0,0.0,0.0,2.0,190.3,97341,
2026-07-08,2026-07-08T19:14:43,14,FPO,48199,Alison Blakeman,866,158,0.0,0.0,0.0,0.0,0.0,0.0,0.0,0.0,208.2,,
2026-07-08,2026-07-08T19:14:43,14,FPO,48976,Ohn Scoggins,989,4,1219.0,1.0,1.0,1.0,1.0,0.0,0.35345,2120.2,2.0,97341;100195;96414;96415;96416;97344;96417;96418;96419,
2026-07-08,2026-07-08T19:14:43,14,FPO,50656,Jessica Gurthie,955,20,608.0,1.0,0.77279,1.0,1.0,0.0055,0.0,1107.1,15.6,97341;96414;96415;96416;97344;96417;96418;96419,
2026-07-08,2026-07-08T19:14:43,14,FPO,51277,Holly Finley,929,45,214.0,0.00327,0.0,0.9734,0.00846,0.00121,0.0,364.3,46.7,96414;96415;97344;96417;96418,
2026-07-08,2026-07-08T19:14:43,14,FPO,57529,Hannele Määttä,915,162,0.0,0.0,0.0,0.0,0.0,0.0,0.0,0.0,212.6,,
2026-07-08,2026-07-08T19:14:43,14,FPO,58303,Sai Ananda,943,187,0.0,0.00376,0.0,0.03092,0.00016,0.00177,0.0,128.8,77.6,97341;97344,
2026-07-08,2026-07-08T19:14:43,14,FPO,59227,Henna Blomroos,974,9,890.0,1.0,0.99332,1.0,1.0,6e-05,0.0,1258.0,11.0,97341;96414;97344;96418;96419,
2026-07-08,2026-07-08T19:14:43,14,FPO,59431,Madison Walker,952,19,646.83,0.28267,0.23055,1.0,1.0,0.04083,0.0,954.5,21.6,97341;96414;96415;96416;97344;96417;96418;96419,
2026-07-08,2026-07-08T19:14:43,14,FPO,60798,Madison Tomaino,919,69,83.5,0.0,0.0,6e-05,0.0,0.0,0.0,123.4,71.0,96416,
2026-07-08,2026-07-08T19:14:43,14,FPO,61144,Emily Beach,895,147,0.0,0.0,0.0,0.0,0.0,0.0,0.0,0.0,205.1,,
2026-07-08,2026-07-08T19:14:43,14,FPO,61990,Katka Boďová,922,88,48.0,0.0,0.0,0.0,0.0,0.0,0.0,48.0,99.0,,
2026-07-08,2026-07-08T19:14:43,14,FPO,62879,Valerie Mandujano,975,18,673.16,0.99983,0.99983,1.0,1.0,0.0,0.0,1436.2,7.7,97341;96414;96415;96416;97344;96417;96418;96419,
2026-07-08,2026-07-08T19:14:43,14,FPO,62880,Alexis Mandujano,960,32,352.5,0.26497,0.11396,1.0,0.99726,0.11044,0.0,881.2,24.8,96414;96415;96416;97344;96417;96418,
2026-07-08,2026-07-08T19:14:43,14,FPO,63257,Maria Oliva,917,42,237.0,0.00045,0.0,0.99939,0.00277,0.00012,0.0,360.2,46.8,96414;96415;96416;97344;96417;96418,
2026-07-08,2026-07-08T19:14:43,14,FPO,64927,Eveliina Salonen,982,6,1164.67,1.0,1.0,1.0,1.0,0.0,0.0,1581.5,5.9,97341;96414;97344;96418;96419,
2026-07-08,2026-07-08T19:14:43,14,FPO,65489,Lauren Butler,919,51,157.75,0.00067,0.0,0.29095,9e-05,0.00015,0.0,263.3,53.8,96414;96415;97344;96417,
2026-07-08,2026-07-08T19:14:43,14,FPO,66063,Ashlee Johnson,864,152,0.0,0.0,0.0,0.0,0.0,0.0,0.0,0.0,206.3,,
2026-07-08,2026-07-08T19:14:43,14,FPO,66599,Heidi Laine,963,12,764.75,0.93807,0.93684,1.0,1.0,0.00117,0.0,1180.9,13.2,97341;96414;96415;96416;97344;96418;96419,
2026-07-08,2026-07-08T19:14:43,14,FPO,69584,Danielle Weigandt,853,170,0.0,0.0,0.0,0.0,0.0,0.0,0.0,2.0,191.1,97341,
2026-07-08,2026-07-08T19:14:43,14,FPO,71262,Erika Stinchcomb,920,44,222.25,0.00092,0.0,0.99879,0.01357,0.00034,0.0,384.9,45.4,97341;100195;96414;96415;96416;97344;96417;96418,
2026-07-08,2026-07-08T19:14:43,14,FPO,72635,Kersti Miller,889,99,34.5,0.0,0.0,0.0,0.0,0.0,0.0,34.5,108.7,,
2026-07-08,2026-07-08T19:14:43,14,FPO,74708,Casey Pennington,922,95,37.5,5e-05,0.0,0.00036,0.0,1e-05,0.0,70.1,89.7,97341,
2026-07-08,2026-07-08T19:14:43,14,FPO,75029,Cynthia Ricciotti,917,60,107.25,0.00039,0.0,0.05052,0.0,5e-05,0.0,203.3,59.5,100195;96414;96415;97344;96417,
2026-07-08,2026-07-08T19:14:43,14,FPO,76009,Virginia Polkinghorne,889,195,0.0,0.0,0.0,0.0,0.0,0.0,0.0,0.9,203.6,100195,
2026-07-08,2026-07-08T19:14:43,14,FPO,77385,Matilda Ringbom,938,40,274.0,0.0062,0.0,0.78853,0.00014,0.00539,0.0,319.6,49.6,96418,
2026-07-08,2026-07-08T19:14:43,14,FPO,78232,Tiger Borth,899,116,21.0,0.0,0.0,0.0,0.0,0.0,0.0,24.6,123.3,97344,
2026-07-08,2026-07-08T19:14:43,14,FPO,79233,Cadence Burge,971,64,95.25,0.39868,0.01867,0.99951,0.8048,0.24759,0.0,732.8,30.9,96414;96415;96416;97344;96417;96418,
2026-07-08,2026-07-08T19:14:43,14,FPO,80935,Lindsey Maas,902,102,32.25,0.0,0.0,5e-05,0.0,0.0,0.0,63.4,91.1,96414;96415;97344,
2026-07-08,2026-07-08T19:14:43,14,FPO,82809,Alex von Stade,892,112,22.0,0.0,0.0,0.0,0.0,0.0,0.0,22.0,125.8,,
2026-07-08,2026-07-08T19:14:43,14,FPO,83376,Cassandra Lioi,889,138,8.0,0.0,0.0,0.0,0.0,0.0,0.0,8.0,151.0,,
2026-07-08,2026-07-08T19:14:43,14,FPO,84279,Kaidi Allsalu,951,47,203.62,0.03354,0.0,0.0,0.0,0.02994,0.0,285.9,52.5,,
2026-07-08,2026-07-08T19:14:43,14,FPO,85189,Samantha Bonacci,865,126,16.5,0.0,0.0,0.0,0.0,0.0,0.0,26.0,118.3,96415,
2026-07-08,2026-07-08T19:14:43,14,FPO,85484,Anneli Tõugjas-Männiste,959,25,456.0,0.24857,0.09916,1.0,0.99936,0.10718,0.0,880.8,24.8,97341;96414;96415;97344;96417;96418;96419,
2026-07-08,2026-07-08T19:14:43,14,FPO,85942,Missy Gannon,984,3,1311.5,1.0,1.0,1.0,1.0,0.0,0.00518,1823.4,4.0,97341;96414;96415;96416;97344;96417;96418;96419,
2026-07-08,2026-07-08T19:14:43,14,FPO,87094,Rose Shertick,906,215,0.0,0.0,0.0,0.0,0.0,0.0,0.0,5.3,166.2,97344,
2026-07-08,2026-07-08T19:14:43,14,FPO,87443,Andrea Cammack,874,166,0.0,0.0,0.0,0.0,0.0,0.0,0.0,2.7,186.4,97341,
2026-07-08,2026-07-08T19:14:43,14,FPO,94085,Keiti Tätte,954,49,184.12,0.02128,0.0,0.0,0.0,0.01897,0.0,226.1,57.9,,
2026-07-08,2026-07-08T19:14:43,14,FPO,96090,Sonja Laine,899,97,36.0,0.0,0.0,0.0,0.0,0.0,0.0,36.0,106.5,,
2026-07-08,2026-07-08T19:14:43,14,FPO,96480,Tori Pasquin,833,190,0.0,0.0,0.0,0.0,0.0,0.0,0.0,2.0,162.6,97341,
2026-07-08,2026-07-08T19:14:43,14,FPO,97238,Jannicke Hjemli,863,137,9.75,0.0,0.0,0.0,0.0,0.0,0.0,9.8,149.6,,
2026-07-08,2026-07-08T19:14:43,14,FPO,99441,Lykke Lorentzen,923,90,43.0,2e-05,0.0,0.0002,0.0,1e-05,0.0,63.8,91.8,100195;97344,
2026-07-08,2026-07-08T19:14:43,14,FPO,99455,Kat Mertsch,966,8,938.67,0.99961,0.99961,1.0,1.0,0.0,0.0,1351.6,9.1,97341;100195;96414;96415;96416;97344;96417;96418;96419,
2026-07-08,2026-07-08T19:14:43,14,FPO,101949,Ratana McMahon,894,54,129.75,0.0,0.0,0.0,0.0,0.0,0.0,145.4,66.5,96415,
2026-07-08,2026-07-08T19:14:43,14,FPO,102024,Danielle Keen,906,150,0.0,0.0,0.0,0.0,0.0,0.0,0.0,0.0,205.8,,
2026-07-08,2026-07-08T19:14:43,14,FPO,103743,Karen Martel,924,129,15.0,4e-05,0.0,0.0001,0.0,0.0,0.0,32.5,123.2,97344,
2026-07-08,2026-07-08T19:14:43,14,FPO,104187,Macie Velediaz,957,38,294.67,0.13095,0.00112,1.0,0.64346,0.09158,0.0,636.9,34.7,96414;97344;96417;96418,
2026-07-08,2026-07-08T19:14:43,14,FPO,104314,Violet Main,947,41,250.0,0.04264,4e-05,1.0,0.29911,0.02641,0.0,531.1,38.6,97341;96414;97344;96417;96418,
2026-07-08,2026-07-08T19:14:43,14,FPO,104814,Ellie Bryant,900,115,21.75,0.0,0.0,0.0,0.0,0.0,0.0,31.8,115.6,97341,
2026-07-08,2026-07-08T19:14:43,14,FPO,105126,Aria Castruita,949,145,0.0,0.00346,0.0,0.0033,0.0,0.00098,0.0,87.5,89.0,97341,
2026-07-08,2026-07-08T19:14:43,14,FPO,106489,Anna Pinter,875,114,21.75,0.0,0.0,0.0,0.0,0.0,0.0,21.8,127.6,,
2026-07-08,2026-07-08T19:14:43,14,FPO,107297,Maria Liivamägi,873,109,24.0,0.0,0.0,0.0,0.0,0.0,0.0,24.0,121.0,,
2026-07-08,2026-07-08T19:14:43,14,FPO,107335,Silva Saarinen,990,2,1414.84,1.0,1.0,1.0,1.0,0.0,0.42089,2138.9,1.9,97341;96414;96415;96416;97344;96418;96419,
2026-07-08,2026-07-08T19:14:43,14,FPO,108871,Brook Johnson,905,108,24.0,0.0,0.0,0.0,0.0,0.0,0.0,29.1,116.3,97344,
2026-07-08,2026-07-08T19:14:43,14,FPO,109337,Cathy Kuhn,863,148,0.0,0.0,0.0,0.0,0.0,0.0,0.0,0.0,205.7,,
2026-07-08,2026-07-08T19:14:43,14,FPO,109996,Anniken Kristiansen Steen,962,16,700.29,0.23325,0.09839,1.0,1.0,0.12836,0.0,905.1,23.8,97344;96418;96419,
2026-07-08,2026-07-08T19:14:43,14,FPO,111487,Emily Weatherman,955,11,773.33,0.92857,0.92787,1.0,1.0,0.00063,0.0,1159.8,13.7,97341;100195;96414;96415;96416;97344;96417;96418;96419,
2026-07-08,2026-07-08T19:14:43,14,FPO,112647,Hanna Huynh,963,22,561.0,0.89371,0.88891,1.0,1.0,0.00363,0.0,1158.8,13.9,97341;96414;96415;96416;97344;96417;96418;96419,
2026-07-08,2026-07-08T19:14:43,14,FPO,115503,Olivia Kindstedt,945,48,189.0,0.01673,0.0,0.29409,0.00213,0.01385,0.0,302.9,51.3,97344,
2026-07-08,2026-07-08T19:14:43,14,FPO,116694,Kristi Unt,934,89,45.0,0.0,0.0,0.0,0.0,0.0,0.0,45.0,100.6,,
2026-07-08,2026-07-08T19:14:43,14,FPO,121554,Elina Rydberg,903,111,23.25,0.0,0.0,0.0,0.0,0.0,0.0,23.2,123.8,,
2026-07-08,2026-07-08T19:14:43,14,FPO,124064,Shelby Cowen,914,56,127.0,0.00028,0.0,0.11627,3e-05,5e-05,0.0,227.2,57.1,97341;96414;96415;96417,
2026-07-08,2026-07-08T19:14:43,14,FPO,126226,Kati Chachere,843,174,0.0,0.0,0.0,0.0,0.0,0.0,0.0,2.0,194.6,97341,
2026-07-08,2026-07-08T19:14:43,14,FPO,128395,Michelle Saggboy,894,184,0.0,0.0,0.0,0.0,0.0,0.0,0.0,7.0,164.3,97341,
2026-07-08,2026-07-08T19:14:43,14,FPO,128532,Maarja Soasepp,892,91,42.0,0.0,0.0,0.0,0.0,0.0,0.0,42.0,102.3,,
2026-07-08,2026-07-08T19:14:43,14,FPO,130187,Kat Johnson,906,210,0.0,0.0,0.0,0.0,0.0,0.0,0.0,5.4,167.5,97344,
2026-07-08,2026-07-08T19:14:43,14,FPO,130342,Chantel Budinsky,955,81,58.5,0.01503,0.0,0.0301,0.0002,0.00958,0.0,157.3,69.7,97344,
2026-07-08,2026-07-08T19:14:43,14,FPO,130822,Hannah Manis,930,207,0.0,0.00011,0.0,0.00016,0.0,0.0,0.0,25.1,141.5,97344,
2026-07-08,2026-07-08T19:14:43,14,FPO,131583,Hannah Lengel,950,196,0.0,0.01612,0.0,0.00295,2e-05,0.00169,0.0,115.2,76.3,96414;96417,
2026-07-08,2026-07-08T19:14:43,14,FPO,132291,Ashley Phelps,907,143,2.0,0.0,0.0,0.0,0.0,0.0,0.0,17.2,140.2,97341,
2026-07-08,2026-07-08T19:14:43,14,FPO,132627,Jenn Cazanov-Diggs,905,173,0.0,0.0,0.0,0.0,0.0,0.0,0.0,13.5,163.3,97341,
2026-07-08,2026-07-08T19:14:43,14,FPO,133547,Holyn Handley,987,1,1668.34,1.0,1.0,1.0,1.0,0.0,0.22047,2082.7,2.3,97341;96414;96415;96416;97344;96418;96419,
2026-07-08,2026-07-08T19:14:43,14,FPO,133701,Nathalie Ortiz,901,77,64.25,0.0,0.0,0.0,0.0,0.0,0.0,64.2,89.8,,
2026-07-08,2026-07-08T19:14:43,14,FPO,135383,Emma Arp,915,192,0.0,0.0,0.0,0.0,0.0,0.0,0.0,3.5,177.8,100195,
2026-07-08,2026-07-08T19:14:43,14,FPO,138272,Raven Klein,943,26,437.5,0.06794,0.0184,1.0,0.9958,0.03951,0.0,794.3,28.6,97341;96414;96415;96416;97344;96417;96418,
2026-07-08,2026-07-08T19:14:43,14,FPO,139109,Leah Tsinajinnie,925,83,53.0,0.00014,0.0,0.00699,0.0,3e-05,0.0,109.8,76.9,97341;97344,
2026-07-08,2026-07-08T19:14:43,14,FPO,139387,Hanna Jansson,892,86,50.25,0.0,0.0,0.0,0.0,0.0,0.0,50.2,96.4,,
2026-07-08,2026-07-08T19:14:43,14,FPO,139738,Megan Dophal,906,214,0.0,0.0,0.0,0.0,0.0,0.0,0.0,5.3,166.5,97344,
2026-07-08,2026-07-08T19:14:43,14,FPO,140660,María Eldey Kristínardóttir,917,66,91.5,0.0,0.0,0.0,0.0,0.0,0.0,91.5,78.5,,
2026-07-08,2026-07-08T19:14:43,14,FPO,140947,Nina Bennett,939,92,40.5,0.0051,0.0,0.01557,3e-05,0.00081,0.0,133.0,72.0,97344;96417,
2026-07-08,2026-07-08T19:14:43,14,FPO,142259,Katheryn Maloney,909,211,0.0,0.0,0.0,0.0,0.0,0.0,0.0,6.4,165.5,97344,
2026-07-08,2026-07-08T19:14:43,14,FPO,142354,Alexis Kerman,922,59,111.5,0.00116,0.0,0.49438,0.00103,0.00044,0.0,286.4,52.2,97341;96414;96415;96416;97344;96417,
2026-07-08,2026-07-08T19:14:43,14,FPO,143423,Ember Simonis,909,204,0.0,0.0,0.0,0.0,0.0,0.0,0.0,6.6,165.8,97344,
2026-07-08,2026-07-08T19:14:43,14,FPO,143720,Jessica Kinard,907,198,0.0,0.0,0.0,0.0,0.0,0.0,0.0,28.7,118.5,96416,
2026-07-08,2026-07-08T19:14:43,14,FPO,144112,Ella Hansen,974,5,1214.08,1.0,1.0,1.0,1.0,0.0,1e-05,1601.6,5.7,97341;96414;96415;96416;97344;96418;96419,
2026-07-08,2026-07-08T19:14:43,14,FPO,144791,Emily Yale,893,80,59.0,0.0,0.0,7e-05,0.0,0.0,0.0,109.1,74.2,97341;96415;96416;97344,
2026-07-08,2026-07-08T19:14:43,14,FPO,146137,Dani K. Hart,950,33,349.5,0.11427,0.02145,1.0,0.98677,0.06941,0.0,789.4,28.8,97341;96414;96415;96416;97344;96417;96418,
2026-07-08,2026-07-08T19:14:43,14,FPO,146304,MJ Gager,932,50,160.5,0.00227,0.0,0.15099,0.00017,0.00168,0.0,248.7,55.4,97341;97344,
2026-07-08,2026-07-08T19:14:43,14,FPO,147050,Ali Smith,946,76,66.0,0.00494,0.0,0.01997,6e-05,0.00315,0.0,156.0,67.9,97341,
2026-07-08,2026-07-08T19:14:43,14,FPO,147393,Sadie Shattuck,865,127,16.0,0.0,0.0,0.0,0.0,0.0,0.0,16.0,140.3,,
2026-07-08,2026-07-08T19:14:43,14,FPO,149548,VicToria Scott,887,217,0.0,0.0,0.0,0.0,0.0,0.0,0.0,2.4,170.2,97344,
2026-07-08,2026-07-08T19:14:43,14,FPO,149803,Candyce Boyce,890,100,33.0,0.0,0.0,0.0,0.0,0.0,0.0,33.0,110.8,,
2026-07-08,2026-07-08T19:14:43,14,FPO,150057,Hailey Huber,929,172,0.0,0.00015,0.0,0.00022,0.0,0.0,0.0,43.7,118.7,97341,
2026-07-08,2026-07-08T19:14:43,14,FPO,151072,Jennifer Rice,895,123,18.0,0.0,0.0,0.0,0.0,0.0,0.0,18.0,134.9,,
2026-07-08,2026-07-08T19:14:43,14,FPO,152191,Kelley Foster,933,39,280.5,0.00954,1e-05,1.0,0.29382,0.00635,0.0,524.5,38.7,97341;96414;96415;96416;96417;96418,
2026-07-08,2026-07-08T19:14:43,14,FPO,154098,Ariel Walker,938,93,38.25,0.00223,0.0,0.03663,0.00012,0.00111,0.0,145.8,70.9,97341;97344,
2026-07-08,2026-07-08T19:14:43,14,FPO,155026,Amanda Lennartsson,930,29,409.0,0.00189,0.0,1.0,0.01569,0.00163,0.0,439.1,42.2,96418,
2026-07-08,2026-07-08T19:14:43,14,FPO,156259,Ella Tejler,898,75,73.5,0.0,0.0,0.0,0.0,0.0,0.0,73.5,87.1,,
2026-07-08,2026-07-08T19:14:43,14,FPO,156781,Audrey Wicklander,893,200,0.0,0.0,0.0,0.0,0.0,0.0,0.0,2.8,165.7,97344,
2026-07-08,2026-07-08T19:14:43,14,FPO,157471,Nid Ovathanasin,935,128,15.0,0.00097,0.0,0.00372,0.0,0.00011,0.0,82.9,88.7,96414;97344,
2026-07-08,2026-07-08T19:14:43,14,FPO,158385,Destyne Martinez,865,144,2.0,0.0,0.0,0.0,0.0,0.0,0.0,2.0,179.8,,
2026-07-08,2026-07-08T19:14:43,14,FPO,158461,Shiru Liu,914,79,61.5,0.0,0.0,0.0002,0.0,0.0,0.0,83.5,83.5,97341,
2026-07-08,2026-07-08T19:14:43,14,FPO,160103,Jacquelyn DeLude,877,208,0.0,0.0,0.0,0.0,0.0,0.0,0.0,2.1,174.8,97344,
2026-07-08,2026-07-08T19:14:43,14,FPO,161231,Sarah May,856,188,0.0,0.0,0.0,0.0,0.0,0.0,0.0,2.1,161.7,97341,
2026-07-08,2026-07-08T19:14:43,14,FPO,161918,Addison Woodard,945,67,89.75,0.02571,1e-05,0.85552,0.06089,0.01531,0.0,408.1,44.7,97341;96416;97344;96417,
2026-07-08,2026-07-08T19:14:43,14,FPO,162735,Eden Fornoff,925,197,0.0,0.0,0.0,0.0,0.0,0.0,0.0,28.7,118.8,96416,
2026-07-08,2026-07-08T19:14:43,14,FPO,162896,Therese Cuevas,938,52,143.0,0.00586,0.0,0.3208,0.00228,0.00433,0.0,279.1,53.3,97341;97344,
2026-07-08,2026-07-08T19:14:43,14,FPO,164788,Alecia Hinkson,932,58,112.5,0.00259,0.0,0.05157,0.0001,0.0008,0.0,193.7,61.1,97344;96417,
2026-07-08,2026-07-08T19:14:43,14,FPO,165652,Ceci Vollbrecht,899,201,0.0,0.0,0.0,0.0,0.0,0.0,0.0,3.6,166.5,97344,
2026-07-08,2026-07-08T19:14:43,14,FPO,166082,Ashton Webberley,904,167,0.0,0.0,0.0,0.0,0.0,0.0,0.0,12.8,162.2,97341,
2026-07-08,2026-07-08T19:14:43,14,FPO,166749,Mackenzie Morris,871,181,0.0,0.0,0.0,0.0,0.0,0.0,0.0,2.5,186.3,97341,
2026-07-08,2026-07-08T19:14:43,14,FPO,167255,AK Kaestner,825,164,0.0,0.0,0.0,0.0,0.0,0.0,0.0,2.0,187.2,97341,
2026-07-08,2026-07-08T19:14:43,14,FPO,168863,Trinity Bryant,919,43,233.0,0.00047,0.0,0.99745,0.00695,0.0002,0.0,373.0,46.1,97341;96414;96415;96416;97344;96418,
2026-07-08,2026-07-08T19:14:43,14,FPO,170182,Rebecca Minnick,866,103,29.0,0.0,0.0,0.0,0.0,0.0,0.0,29.0,113.8,,
2026-07-08,2026-07-08T19:14:43,14,FPO,173601,Marie Kielas,918,85,51.0,0.0,0.0,0.0,0.0,0.0,0.0,51.0,95.2,,
2026-07-08,2026-07-08T19:14:43,14,FPO,173883,Lillianne Waite,837,179,0.0,0.0,0.0,0.0,0.0,0.0,0.0,2.0,188.1,97341,
2026-07-08,2026-07-08T19:14:43,14,FPO,173961,Ellie Caldwell,852,191,0.0,0.0,0.0,0.0,0.0,0.0,0.0,0.0,209.0,100195,
2026-07-08,2026-07-08T19:14:43,14,FPO,176242,Morgan Lynds,931,68,87.75,0.00022,0.0,0.00416,0.0,8e-05,0.0,115.4,74.1,97344,
2026-07-08,2026-07-08T19:14:43,14,FPO,176243,Jordan Lynds,945,57,113.25,0.01376,0.0,0.18924,0.00173,0.00901,0.0,252.5,56.1,96414;97344,
2026-07-08,2026-07-08T19:14:43,14,FPO,176481,Karissa Dedmon,923,118,20.0,5e-05,0.0,0.00151,0.0,0.0,0.0,70.8,92.9,97341;97344,
2026-07-08,2026-07-08T19:14:43,14,FPO,178707,Joleigh Miller,923,149,0.0,4e-05,0.0,6e-05,0.0,0.0,0.0,34.1,127.6,97341,
2026-07-08,2026-07-08T19:14:43,14,FPO,178748,Kendyl Sullivan,887,176,0.0,0.0,0.0,0.0,0.0,0.0,0.0,4.7,185.7,97341,
2026-07-08,2026-07-08T19:14:43,14,FPO,179200,Jamie Williams,863,154,0.0,0.0,0.0,0.0,0.0,0.0,0.0,0.0,207.8,,
2026-07-08,2026-07-08T19:14:43,14,FPO,179873,Jenny Larsson,916,82,54.0,0.0,0.0,0.0,0.0,0.0,0.0,54.0,93.6,,
2026-07-08,2026-07-08T19:14:43,14,FPO,181772,Ida Emilie Nesse,950,35,334.0,0.10068,0.00976,1.0,0.95461,0.06874,0.0,748.6,30.4,96414;96415;96416;97344;96417;96418,
2026-07-08,2026-07-08T19:14:43,14,FPO,182450,Kajsa Wahl,892,96,36.75,0.0,0.0,0.0,0.0,0.0,0.0,36.8,105.3,,
2026-07-08,2026-07-08T19:14:43,14,FPO,182582,Addison Clark,831,218,0.0,0.0,0.0,0.0,0.0,0.0,0.0,16.6,139.1,96417,
2026-07-08,2026-07-08T19:14:43,14,FPO,184609,Elva-Kate Preston,909,61,107.25,0.0001,0.0,0.01328,0.0,3e-05,0.0,179.9,62.0,100195;96414;96415;97344;96417,
2026-07-08,2026-07-08T19:14:43,14,FPO,184736,Jennifer Smiley,935,34,337.75,0.01765,3e-05,1.0,0.58972,0.01324,0.0,590.0,36.3,97341;96414;96415;96416;97344;96417;96418,
2026-07-08,2026-07-08T19:14:43,14,FPO,185057,Josefine Johansson,927,71,81.0,8e-05,0.0,0.00192,0.0,1e-05,0.0,102.5,77.3,97344,
2026-07-08,2026-07-08T19:14:43,14,FPO,185534,Sofia Donnecke,964,23,547.5,0.30913,0.17571,1.0,0.99995,0.11883,0.0,927.0,22.8,97341;96414;96418;96419,
2026-07-08,2026-07-08T19:14:43,14,FPO,185627,Athena Cuevas,866,130,14.0,0.0,0.0,0.0,0.0,0.0,0.0,14.0,141.7,,
2026-07-08,2026-07-08T19:14:43,14,FPO,186277,Kassandra Fog Wichmann,879,140,6.0,0.0,0.0,0.0,0.0,0.0,0.0,6.0,154.4,,
2026-07-08,2026-07-08T19:14:43,14,FPO,186629,Sanne Dalseth,861,132,13.5,0.0,0.0,0.0,0.0,0.0,0.0,13.5,143.4,,
2026-07-08,2026-07-08T19:14:43,14,FPO,188837,JJ Sun,883,157,0.0,0.0,0.0,0.0,0.0,0.0,0.0,0.0,206.7,,
2026-07-08,2026-07-08T19:14:43,14,FPO,189702,Taylor Chocek,950,13,749.95,0.53366,0.5231,1.0,1.0,0.00995,0.0,1033.9,18.3,97341;96414;96415;96416;96418;96419,
2026-07-08,2026-07-08T19:14:43,14,FPO,193215,Lexi Marx,928,178,0.0,0.00049,0.0,0.00767,1e-05,8e-05,0.0,92.1,86.8,97341;96414;97344,
2026-07-08,2026-07-08T19:14:43,14,FPO,195549,Kylie Kohut,935,53,135.0,0.00417,0.0,0.22608,0.00039,0.00294,0.0,261.6,54.5,97341;100195;96414,
2026-07-08,2026-07-08T19:14:43,14,FPO,195550,Peyton Kohut,913,84,52.5,3e-05,0.0,1e-05,0.0,0.0,0.0,70.0,87.9,100195;96414,
2026-07-08,2026-07-08T19:14:43,14,FPO,196237,Kaire Tekku,928,73,78.75,0.0,0.0,0.0,0.0,0.0,0.0,78.8,84.3,,
2026-07-08,2026-07-08T19:14:43,14,FPO,197689,Isabella Parker,877,122,18.0,0.0,0.0,0.0,0.0,0.0,0.0,18.0,135.3,,
2026-07-08,2026-07-08T19:14:43,14,FPO,198446,Eliezra Midtlyng,944,14,746.58,0.36975,0.35714,1.0,1.0,0.01063,0.0,997.3,19.8,97341;96414;96415;96416;97344;96417;96418;96419,
2026-07-08,2026-07-08T19:14:43,14,FPO,198721,Hannah Kellar,887,104,29.0,0.0,0.0,0.0,0.0,0.0,0.0,33.7,110.3,97341,
2026-07-08,2026-07-08T19:14:43,14,FPO,202571,Elizabete Pēkšena,914,46,205.5,0.0001,0.0,0.04057,1e-05,6e-05,0.0,226.4,57.0,97344,
2026-07-08,2026-07-08T19:14:43,14,FPO,208576,Rebecca Don,960,10,801.99,0.95445,0.95406,1.0,1.0,0.00034,0.0,1193.0,12.8,97341;96414;96415;96416;97344;96418;96419,
2026-07-08,2026-07-08T19:14:43,14,FPO,209432,Eden Fletcher,899,94,38.0,0.0,0.0,0.0,0.0,0.0,0.0,38.0,104.2,,
2026-07-08,2026-07-08T19:14:43,14,FPO,209462,Erika Apple,854,171,0.0,0.0,0.0,0.0,0.0,0.0,0.0,2.0,192.6,97341,
2026-07-08,2026-07-08T19:14:43,14,FPO,210287,Mara Neal,863,182,0.0,0.0,0.0,0.0,0.0,0.0,0.0,2.2,185.1,97341,
2026-07-08,2026-07-08T19:14:43,14,FPO,210972,Kristýna Jurčíková,962,36,331.0,0.1271,0.00011,1.0,0.34503,0.10743,0.0,566.6,37.4,97344;96418,
2026-07-08,2026-07-08T19:14:43,14,FPO,214417,Fleur Verberk,896,205,0.0,0.0,0.0,0.0,0.0,0.0,0.0,3.2,171.4,97344,
2026-07-08,2026-07-08T19:14:43,14,FPO,215439,Sheliemae Lai,948,78,62.0,0.00679,0.0,0.02097,8e-05,0.00407,0.0,159.3,67.6,97341,
2026-07-08,2026-07-08T19:14:43,14,FPO,215495,Kelsey Martin,877,212,0.0,0.0,0.0,0.0,0.0,0.0,0.0,2.1,172.7,97344,
2026-07-08,2026-07-08T19:14:43,14,FPO,216558,Iida Lehtomäki,965,27,430.25,0.15829,3e-05,1.0,0.39637,0.13118,0.0,589.8,36.4,97344;96418,
2026-07-08,2026-07-08T19:14:43,14,FPO,217892,Katie Tews,889,175,0.0,0.0,0.0,0.0,0.0,0.0,0.0,5.3,183.9,97341,
2026-07-08,2026-07-08T19:14:43,14,FPO,218375,Tiia Nylén,886,161,0.0,0.0,0.0,0.0,0.0,0.0,0.0,0.0,213.7,,
2026-07-08,2026-07-08T19:14:43,14,FPO,218760,Sarah Duran,865,135,11.0,0.0,0.0,0.0,0.0,0.0,0.0,11.0,147.3,,
2026-07-08,2026-07-08T19:14:43,14,FPO,218779,Amanda Brightwell,831,165,0.0,0.0,0.0,0.0,0.0,0.0,0.0,2.0,188.0,97341,
2026-07-08,2026-07-08T19:14:43,14,FPO,219693,Anna Damberga,858,117,21.0,0.0,0.0,0.0,0.0,0.0,0.0,21.0,129.4,,
2026-07-08,2026-07-08T19:14:43,14,FPO,220605,Asta Hapulahti,911,159,0.0,0.0,0.0,0.0,0.0,0.0,0.0,0.0,209.3,,
2026-07-08,2026-07-08T19:14:43,14,FPO,221583,Evie Lou Ramey,896,193,0.0,0.0,0.0,0.0,0.0,0.0,0.0,1.5,194.6,100195,
2026-07-08,2026-07-08T19:14:43,14,FPO,222693,Tanisha Platero,856,189,0.0,0.0,0.0,0.0,0.0,0.0,0.0,2.1,161.9,97341,
2026-07-08,2026-07-08T19:14:43,14,FPO,222973,Martje Sumowski,929,101,33.0,0.0,0.0,0.0,0.0,0.0,0.0,33.0,110.5,,
2026-07-08,2026-07-08T19:14:43,14,FPO,223975,Laura Tatiana Niño Carranza,881,177,0.0,0.0,0.0,0.0,0.0,0.0,0.0,5.6,155.2,97341;97344,
2026-07-08,2026-07-08T19:14:43,14,FPO,224238,Julia Fors,951,28,428.5,0.05732,0.00011,1.0,0.54792,0.05116,0.0,598.2,36.1,97344;96418,
2026-07-08,2026-07-08T19:14:43,14,FPO,225016,Naomi Suyat,869,156,0.0,0.0,0.0,0.0,0.0,0.0,0.0,0.0,206.7,,
2026-07-08,2026-07-08T19:14:43,14,FPO,227315,Sarah Wadsworth,901,194,0.0,0.0,0.0,0.0,0.0,0.0,0.0,19.9,132.1,100195;96415,
2026-07-08,2026-07-08T19:14:43,14,FPO,228486,Stefani Ewell,857,136,10.0,0.0,0.0,0.0,0.0,0.0,0.0,10.0,148.5,,
2026-07-08,2026-07-08T19:14:43,14,FPO,229526,Sintija Klezberga,951,15,737.5,0.54601,0.5348,1.0,1.0,0.00883,0.0,1034.8,18.2,97341;96414;96415;97344;96417;96418;96419,
2026-07-08,2026-07-08T19:14:43,14,FPO,231650,Tailey Rowley,913,65,92.25,0.0,0.0,0.00248,0.0,0.0,0.0,122.3,71.8,97341;97344,
2026-07-08,2026-07-08T19:14:43,14,FPO,232666,Rebecka Hoppe,857,141,6.0,0.0,0.0,0.0,0.0,0.0,0.0,6.0,154.4,,
2026-07-08,2026-07-08T19:14:43,14,FPO,232722,Julia Hauch,904,209,0.0,1e-05,0.0,1e-05,0.0,0.0,0.0,4.7,169.4,97344,
2026-07-08,2026-07-08T19:14:43,14,FPO,235368,Madalyn Payton,897,146,0.0,0.0,0.0,0.0,0.0,0.0,0.0,0.0,204.5,,
2026-07-08,2026-07-08T19:14:43,14,FPO,238187,Ann Deputy,925,72,80.25,9e-05,0.0,0.00148,0.0,5e-05,0.0,99.3,78.3,97344,
2026-07-08,2026-07-08T19:14:43,14,FPO,240590,Amelia Saechao,875,110,24.0,0.0,0.0,0.0,0.0,0.0,0.0,24.0,122.0,,
2026-07-08,2026-07-08T19:14:43,14,FPO,242116,Eva Lutsenko,920,113,21.75,0.0,0.0,0.0,0.0,0.0,0.0,21.8,127.4,,
2026-07-08,2026-07-08T19:14:43,14,FPO,242331,Ida Kennmark,852,131,13.5,0.0,0.0,0.0,0.0,0.0,0.0,13.5,143.2,,
2026-07-08,2026-07-08T19:14:43,14,FPO,245180,Chelsea Sutton,865,169,0.0,0.0,0.0,0.0,0.0,0.0,0.0,2.2,189.8,97341,
2026-07-08,2026-07-08T19:14:43,14,FPO,245306,Netta Leppäaho,939,62,105.75,0.0,0.0,0.0,0.0,0.0,0.0,105.8,74.6,,
2026-07-08,2026-07-08T19:14:43,14,FPO,245317,Sophi Stephenson,859,133,12.0,0.0,0.0,0.0,0.0,0.0,0.0,12.0,145.0,,
2026-07-08,2026-07-08T19:14:43,14,FPO,254333,Jess Zilch,872,120,19.5,0.0,0.0,0.0,0.0,0.0,0.0,19.5,131.2,,
2026-07-08,2026-07-08T19:14:43,14,FPO,255962,Samantha Zaborowski,904,216,0.0,0.0,0.0,0.0,0.0,0.0,0.0,4.8,166.8,97344,
2026-07-08,2026-07-08T19:14:43,14,FPO,256846,Lea Tomas,885,213,0.0,0.0,0.0,0.0,0.0,0.0,0.0,2.3,172.0,97344,
2026-07-08,2026-07-08T19:14:43,14,FPO,259972,Marion Mattsson,854,134,11.25,0.0,0.0,0.0,0.0,0.0,0.0,11.2,146.3,,
2026-07-08,2026-07-08T19:14:43,14,FPO,261058,Jessica Erickson,885,87,49.0,0.0,0.0,0.0,0.0,0.0,0.0,49.0,97.9,,
2026-07-08,2026-07-08T19:14:43,14,FPO,261216,Victoria Christensen,868,125,17.25,0.0,0.0,0.0,0.0,0.0,0.0,17.2,137.6,,
2026-07-08,2026-07-08T19:14:43,14,FPO,268900,Natalie Berg,883,119,19.5,0.0,0.0,0.0,0.0,0.0,0.0,19.5,131.2,,
2026-07-08,2026-07-08T19:14:43,14,FPO,269838,Daisy Kelly,876,155,0.0,0.0,0.0,0.0,0.0,0.0,0.0,0.0,210.9,,
2026-07-08,2026-07-08T19:14:43,14,FPO,277832,Chandler Reigh,937,30,406.25,0.03108,0.00159,1.0,0.96133,0.02376,0.0,710.2,32.0,97341;100195;96414;96415;96416;97344;96417;96418,
2026-07-08,2026-07-08T19:14:43,14,FPO,278324,Kristi Prik,873,160,0.0,0.0,0.0,0.0,0.0,0.0,0.0,0.0,210.8,,
2026-07-08,2026-07-08T19:14:43,14,FPO,278450,Brit Hamburg-Kiin,848,106,28.5,0.0,0.0,0.0,0.0,0.0,0.0,28.5,115.1,,
2026-07-08,2026-07-08T19:14:43,14,FPO,279466,Gry Nagel,810,124,18.0,0.0,0.0,0.0,0.0,0.0,0.0,18.0,134.4,,
2026-07-08,2026-07-08T19:14:43,14,FPO,281626,Una Lokmane,871,105,28.5,0.0,0.0,0.0,0.0,0.0,0.0,28.5,115.6,,
2026-07-08,2026-07-08T19:14:43,14,FPO,284553,Katherine Aydelott,861,142,4.0,0.0,0.0,0.0,0.0,0.0,0.0,6.1,154.0,97341,
2026-07-08,2026-07-08T19:14:43,14,FPO,285033,Karolína Jurčíková,898,163,0.0,0.0,0.0,0.0,0.0,0.0,0.0,0.0,212.6,,
2026-07-08,2026-07-08T19:14:43,14,FPO,286978,Michelle Southworth,805,185,0.0,0.0,0.0,0.0,0.0,0.0,0.0,2.0,167.4,97341,
2026-07-08,2026-07-08T19:14:43,14,FPO,288014,Jordan Coomes,847,121,18.0,0.0,0.0,0.0,0.0,0.0,0.0,18.0,135.1,,
2026-07-08,2026-07-08T19:14:43,14,FPO,297287,Marta Villa,849,183,0.0,0.0,0.0,0.0,0.0,0.0,0.0,2.0,182.9,97341,
2026-07-08,2026-07-08T19:14:43,14,FPO,302765,Grace Wilson,891,206,0.0,0.0,0.0,0.0,0.0,0.0,0.0,2.6,172.3,97344,
2026-07-08,2026-07-08T19:14:43,14,FPO,308525,Saga Dahlstedt,906,55,127.5,0.0,0.0,0.0,0.0,0.0,0.0,127.5,69.9,,
2026-07-08,2026-07-08T19:14:43,14,FPO,311218,Mina Alme,891,98,35.25,0.0,0.0,0.0,0.0,0.0,0.0,35.2,107.7,,
2026-07-09,2026-07-09T08:12:56,14,FPO,3024,Chris O'Cleary,914,202,0.0,0.0,0.0,0.0,0.0,0.0,0.0,5.2,164.9,97344,
2026-07-09,2026-07-09T08:12:56,14,FPO,3090,Elaine King,890,203,0.0,0.0,0.0,0.0,0.0,0.0,0.0,2.1,172.3,97344,
2026-07-09,2026-07-09T08:12:56,14,FPO,8803,Ruth Steele,872,186,0.0,0.0,0.0,0.0,0.0,0.0,0.0,2.1,162.6,97341,
2026-07-09,2026-07-09T08:12:56,14,FPO,15354,Jennifer Allen,970,37,313.0,0.3914,0.04762,1.0,0.9838,0.2894,0.0,826.8,26.8,96414;96415;97344;96418,
2026-07-09,2026-07-09T08:12:56,14,FPO,27832,Kona Star Montgomery,946,24,478.0,0.08162,0.04859,1.0,1.0,0.02947,0.0,861.2,25.4,97341;96414;96415;96416;97344;96417;96418;96419,
2026-07-09,2026-07-09T08:12:56,14,FPO,29190,Paige Pierce,968,17,693.17,0.92295,0.91884,1.0,1.0,0.00403,0.0,1147.7,14.0,97341;96414;96416;97344;96418;96419,
2026-07-09,2026-07-09T08:12:56,14,FPO,29947,Stephanie Vincent,925,107,28.0,0.0,0.0,0.0,0.0,0.0,0.0,28.0,115.3,,
2026-07-09,2026-07-09T08:12:56,14,FPO,31041,Sheila Teves,883,153,0.0,0.0,0.0,0.0,0.0,0.0,0.0,0.0,205.5,,
2026-07-09,2026-07-09T08:12:56,14,FPO,32654,Lisa Fajkus,959,21,593.83,0.38985,0.33628,1.0,1.0,0.04495,0.0,981.3,20.1,96414;96415;96416;96417;96418;96419,
2026-07-09,2026-07-09T08:12:56,14,FPO,32917,Rebecca Cox,952,31,397.0,0.09349,0.01619,1.0,0.9974,0.06576,0.0,798.5,28.1,96414;96415;96416;97344;96417;96418,
2026-07-09,2026-07-09T08:12:56,14,FPO,32925,Lindsay Fish,883,180,0.0,0.0,0.0,0.0,0.0,0.0,0.0,2.4,189.4,97341,
2026-07-09,2026-07-09T08:12:56,14,FPO,34563,Sarah Hokom,949,63,101.0,0.02966,0.0,0.98142,0.09445,0.02078,0.0,449.8,41.6,96414;96415;96416;97344;96417;96418,
2026-07-09,2026-07-09T08:12:56,14,FPO,35321,Sofie Björlycke,932,70,83.25,0.0,0.0,0.0,0.0,0.0,0.0,83.2,80.8,,
2026-07-09,2026-07-09T08:12:56,14,FPO,35774,Camilla Jernberg,898,139,7.5,0.0,0.0,0.0,0.0,0.0,0.0,7.5,150.6,,
2026-07-09,2026-07-09T08:12:56,14,FPO,36307,Amanda Branch,887,199,0.0,0.0,0.0,0.0,0.0,0.0,0.0,2.0,168.0,97344,
2026-07-09,2026-07-09T08:12:56,14,FPO,39504,Zoe AnDyke,928,74,77.0,0.0,0.0,0.0,0.0,0.0,0.0,77.0,85.1,,
2026-07-09,2026-07-09T08:12:56,14,FPO,43995,Taylor Foth,899,151,0.0,0.0,0.0,0.0,0.0,0.0,0.0,0.0,207.4,,
2026-07-09,2026-07-09T08:12:56,14,FPO,44184,Catrina Allen,963,7,1010.08,1.0,1.0,1.0,1.0,0.0,0.0,1354.2,9.0,97341;100195;96414;96415;96416;97344;96417;96418;96419,
2026-07-09,2026-07-09T08:12:56,14,FPO,45407,Brittney Armentrout,851,168,0.0,0.0,0.0,0.0,0.0,0.0,0.0,2.0,188.1,97341,
2026-07-09,2026-07-09T08:12:56,14,FPO,48199,Alison Blakeman,866,158,0.0,0.0,0.0,0.0,0.0,0.0,0.0,0.0,206.4,,
2026-07-09,2026-07-09T08:12:56,14,FPO,48976,Ohn Scoggins,989,4,1219.0,1.0,1.0,1.0,1.0,0.0,0.37958,2197.2,1.9,97341;100195;96414;96415;96416;97344;96417;96418;96419,
2026-07-09,2026-07-09T08:12:56,14,FPO,50656,Jessica Gurthie,955,20,608.0,1.0,0.80827,1.0,1.0,0.00302,0.0,1096.7,15.7,97341;96414;96415;96416;97344;96417;96418;96419,
2026-07-09,2026-07-09T08:12:56,14,FPO,51277,Holly Finley,929,45,214.0,0.00052,0.0,0.98647,0.00109,0.00021,0.0,338.6,47.2,96414;96415;97344;96417;96418,
2026-07-09,2026-07-09T08:12:56,14,FPO,57529,Hannele Määttä,915,162,0.0,0.0,0.0,0.0,0.0,0.0,0.0,0.0,211.5,,
2026-07-09,2026-07-09T08:12:56,14,FPO,58303,Sai Ananda,943,187,0.0,0.00105,0.0,0.01513,0.0,0.00077,0.0,120.2,76.2,97341;97344,
2026-07-09,2026-07-09T08:12:56,14,FPO,59227,Henna Blomroos,974,9,890.0,1.0,0.99906,1.0,1.0,1e-05,0.0,1278.7,10.5,97341;96414;97344;96418;96419,
2026-07-09,2026-07-09T08:12:56,14,FPO,59431,Madison Walker,952,19,646.83,0.21104,0.16724,1.0,1.0,0.03824,0.0,932.4,22.2,97341;96414;96415;96416;97344;96417;96418;96419,
2026-07-09,2026-07-09T08:12:56,14,FPO,60798,Madison Tomaino,919,69,83.5,0.0,0.0,5e-05,0.0,0.0,0.0,120.0,70.4,96416,
2026-07-09,2026-07-09T08:12:56,14,FPO,61144,Emily Beach,895,147,0.0,0.0,0.0,0.0,0.0,0.0,0.0,0.0,208.6,,
2026-07-09,2026-07-09T08:12:56,14,FPO,61990,Katka Boďová,922,88,48.0,0.0,0.0,0.0,0.0,0.0,0.0,48.0,97.9,,
2026-07-09,2026-07-09T08:12:56,14,FPO,62879,Valerie Mandujano,975,18,673.16,1.0,1.0,1.0,1.0,0.0,0.0,1478.4,7.3,97341;96414;96415;96416;97344;96417;96418;96419,
2026-07-09,2026-07-09T08:12:56,14,FPO,62880,Alexis Mandujano,960,32,352.5,0.24696,0.1177,1.0,0.99952,0.10617,0.0,889.5,24.1,96414;96415;96416;97344;96417;96418;96419,
2026-07-09,2026-07-09T08:12:56,14,FPO,63257,Maria Oliva,917,42,237.0,3e-05,0.0,0.9999,7e-05,0.0,0.0,335.6,47.2,96414;96415;96416;97344;96417;96418,
2026-07-09,2026-07-09T08:12:56,14,FPO,64927,Eveliina Salonen,982,6,1164.67,1.0,1.0,1.0,1.0,0.0,0.0,1618.7,5.7,97341;96414;97344;96418;96419,
2026-07-09,2026-07-09T08:12:56,14,FPO,65489,Lauren Butler,919,51,157.75,2e-05,0.0,0.18896,0.0,1e-05,0.0,239.7,54.8,96414;96415;97344;96417,
2026-07-09,2026-07-09T08:12:56,14,FPO,66063,Ashlee Johnson,864,152,0.0,0.0,0.0,0.0,0.0,0.0,0.0,0.0,206.4,,
2026-07-09,2026-07-09T08:12:56,14,FPO,66599,Heidi Laine,963,12,764.75,0.96768,0.96718,1.0,1.0,0.00049,0.0,1182.4,13.0,97341;96414;96415;96416;97344;96418;96419,
2026-07-09,2026-07-09T08:12:56,14,FPO,69584,Danielle Weigandt,853,170,0.0,0.0,0.0,0.0,0.0,0.0,0.0,2.0,191.0,97341,
2026-07-09,2026-07-09T08:12:56,14,FPO,71262,Erika Stinchcomb,920,44,222.25,4e-05,0.0,0.99967,0.00105,1e-05,0.0,353.4,46.1,97341;100195;96414;96415;96416;97344;96417;96418,
2026-07-09,2026-07-09T08:12:56,14,FPO,72635,Kersti Miller,889,99,34.5,0.0,0.0,0.0,0.0,0.0,0.0,34.5,107.4,,
2026-07-09,2026-07-09T08:12:56,14,FPO,74708,Casey Pennington,922,95,37.5,0.0,0.0,1e-05,0.0,0.0,0.0,65.0,90.2,97341,
2026-07-09,2026-07-09T08:12:56,14,FPO,75029,Cynthia Ricciotti,917,60,107.25,4e-05,0.0,0.01385,0.0,0.0,0.0,182.2,60.7,100195;96414;96415;97344;96417,
2026-07-09,2026-07-09T08:12:56,14,FPO,76009,Virginia Polkinghorne,889,195,0.0,0.0,0.0,0.0,0.0,0.0,0.0,0.5,207.2,100195,
2026-07-09,2026-07-09T08:12:56,14,FPO,77385,Matilda Ringbom,938,40,274.0,0.0023,0.0,0.93413,3e-05,0.00219,0.0,311.0,49.3,96418,
2026-07-09,2026-07-09T08:12:56,14,FPO,78232,Tiger Borth,899,116,21.0,0.0,0.0,0.0,0.0,0.0,0.0,23.3,122.2,97344,
2026-07-09,2026-07-09T08:12:56,14,FPO,79233,Cadence Burge,971,64,95.25,0.44454,0.02545,0.99997,0.9126,0.31338,0.0,773.3,29.0,96414;96415;96416;97344;96417;96418,
2026-07-09,2026-07-09T08:12:56,14,FPO,80935,Lindsey Maas,902,102,32.25,0.0,0.0,0.0,0.0,0.0,0.0,53.6,94.6,96414;96415;97344,
2026-07-09,2026-07-09T08:12:56,14,FPO,82809,Alex von Stade,892,112,22.0,0.0,0.0,0.0,0.0,0.0,0.0,22.0,123.8,,
2026-07-09,2026-07-09T08:12:56,14,FPO,83376,Cassandra Lioi,889,138,8.0,0.0,0.0,0.0,0.0,0.0,0.0,8.0,149.5,,
2026-07-09,2026-07-09T08:12:56,14,FPO,84279,Kaidi Allsalu,951,47,203.62,0.02814,0.0,0.0,0.0,0.02668,0.0,285.7,51.4,,
2026-07-09,2026-07-09T08:12:56,14,FPO,85189,Samantha Bonacci,865,126,16.5,0.0,0.0,0.0,0.0,0.0,0.0,21.9,125.5,96415,
2026-07-09,2026-07-09T08:12:56,14,FPO,85484,Anneli Tõugjas-Männiste,959,25,456.0,0.21387,0.0826,1.0,0.9999,0.10663,0.0,877.2,24.7,97341;96414;96415;97344;96417;96418;96419,
2026-07-09,2026-07-09T08:12:56,14,FPO,85942,Missy Gannon,984,3,1311.5,1.0,1.0,1.0,1.0,0.0,0.00292,1874.9,4.0,97341;96414;96415;96416;97344;96417;96418;96419,
2026-07-09,2026-07-09T08:12:56,14,FPO,87094,Rose Shertick,906,215,0.0,0.0,0.0,0.0,0.0,0.0,0.0,3.0,172.0,97344,
2026-07-09,2026-07-09T08:12:56,14,FPO,87443,Andrea Cammack,874,166,0.0,0.0,0.0,0.0,0.0,0.0,0.0,2.1,187.9,97341,
2026-07-09,2026-07-09T08:12:56,14,FPO,94085,Keiti Tätte,954,49,184.12,0.03214,0.0,0.0,0.0,0.0305,0.0,253.7,54.5,,
2026-07-09,2026-07-09T08:12:56,14,FPO,96090,Sonja Laine,899,97,36.0,0.0,0.0,0.0,0.0,0.0,0.0,36.0,105.2,,
2026-07-09,2026-07-09T08:12:56,14,FPO,96480,Tori Pasquin,833,190,0.0,0.0,0.0,0.0,0.0,0.0,0.0,2.0,161.6,97341,
2026-07-09,2026-07-09T08:12:56,14,FPO,97238,Jannicke Hjemli,863,137,9.75,0.0,0.0,0.0,0.0,0.0,0.0,9.8,148.1,,
2026-07-09,2026-07-09T08:12:56,14,FPO,99441,Lykke Lorentzen,923,90,43.0,0.0,0.0,0.0,0.0,0.0,0.0,58.5,92.5,100195;97344,
2026-07-09,2026-07-09T08:12:56,14,FPO,99455,Kat Mertsch,966,8,938.67,0.99995,0.99995,1.0,1.0,0.0,0.0,1361.2,9.0,97341;100195;96414;96415;96416;97344;96417;96418;96419,
2026-07-09,2026-07-09T08:12:56,14,FPO,101949,Ratana McMahon,894,54,129.75,0.0,0.0,0.0,0.0,0.0,0.0,140.7,66.1,96415,
2026-07-09,2026-07-09T08:12:56,14,FPO,102024,Danielle Keen,906,150,0.0,0.0,0.0,0.0,0.0,0.0,0.0,0.0,207.7,,
2026-07-09,2026-07-09T08:12:56,14,FPO,103743,Karen Martel,924,129,15.0,1e-05,0.0,1e-05,0.0,0.0,0.0,27.0,125.6,97344,
2026-07-09,2026-07-09T08:12:56,14,FPO,104187,Macie Velediaz,957,38,294.67,0.11428,0.0005,1.0,0.71612,0.09222,0.0,642.1,34.2,96414;97344;96417;96418,
2026-07-09,2026-07-09T08:12:56,14,FPO,104314,Violet Main,947,41,250.0,0.02269,0.0,1.0,0.24001,0.01723,0.0,512.9,38.8,97341;96414;97344;96417;96418,
2026-07-09,2026-07-09T08:12:56,14,FPO,104814,Ellie Bryant,900,115,21.75,0.0,0.0,0.0,0.0,0.0,0.0,27.9,116.6,97341,
2026-07-09,2026-07-09T08:12:56,14,FPO,105126,Aria Castruita,949,145,0.0,0.00078,0.0,0.00103,0.0,0.00031,0.0,85.5,85.5,97341,
2026-07-09,2026-07-09T08:12:56,14,FPO,106489,Anna Pinter,875,114,21.75,0.0,0.0,0.0,0.0,0.0,0.0,21.8,125.5,,
2026-07-09,2026-07-09T08:12:56,14,FPO,107297,Maria Liivamägi,873,109,24.0,0.0,0.0,0.0,0.0,0.0,0.0,24.0,118.7,,
2026-07-09,2026-07-09T08:12:56,14,FPO,107335,Silva Saarinen,990,2,1414.84,1.0,1.0,1.0,1.0,0.0,0.44699,2213.6,1.8,97341;96414;96415;96416;97344;96418;96419,
2026-07-09,2026-07-09T08:12:56,14,FPO,108871,Brook Johnson,905,108,24.0,0.0,0.0,0.0,0.0,0.0,0.0,26.9,116.2,97344,
2026-07-09,2026-07-09T08:12:56,14,FPO,109337,Cathy Kuhn,863,148,0.0,0.0,0.0,0.0,0.0,0.0,0.0,0.0,208.5,,
2026-07-09,2026-07-09T08:12:56,14,FPO,109996,Anniken Kristiansen Steen,962,16,700.29,0.23073,0.09464,1.0,1.0,0.13331,0.0,904.6,23.5,97344;96418;96419,
2026-07-09,2026-07-09T08:12:56,14,FPO,111487,Emily Weatherman,955,11,773.33,0.94783,0.94749,1.0,1.0,0.00033,0.0,1145.0,14.0,97341;100195;96414;96415;96416;97344;96417;96418;96419,
2026-07-09,2026-07-09T08:12:56,14,FPO,112647,Hanna Huynh,963,22,561.0,0.94068,0.9389,1.0,1.0,0.00152,0.0,1164.7,13.5,97341;96414;96415;96416;97344;96417;96418;96419,
2026-07-09,2026-07-09T08:12:56,14,FPO,115503,Olivia Kindstedt,945,48,189.0,0.01031,0.0,0.33493,0.00046,0.00956,0.0,296.3,50.6,97344,
2026-07-09,2026-07-09T08:12:56,14,FPO,116694,Kristi Unt,934,89,45.0,0.0,0.0,0.0,0.0,0.0,0.0,45.0,99.5,,
2026-07-09,2026-07-09T08:12:56,14,FPO,121554,Elina Rydberg,903,111,23.25,0.0,0.0,0.0,0.0,0.0,0.0,23.2,121.5,,
2026-07-09,2026-07-09T08:12:56,14,FPO,124064,Shelby Cowen,914,56,127.0,1e-05,0.0,0.04844,0.0,0.0,0.0,205.0,58.3,97341;96414;96415;96417,
2026-07-09,2026-07-09T08:12:56,14,FPO,126226,Kati Chachere,843,174,0.0,0.0,0.0,0.0,0.0,0.0,0.0,2.0,193.5,97341,
2026-07-09,2026-07-09T08:12:56,14,FPO,128395,Michelle Saggboy,894,184,0.0,0.0,0.0,0.0,0.0,0.0,0.0,4.0,166.6,97341,
2026-07-09,2026-07-09T08:12:56,14,FPO,128532,Maarja Soasepp,892,91,42.0,0.0,0.0,0.0,0.0,0.0,0.0,42.0,101.1,,
2026-07-09,2026-07-09T08:12:56,14,FPO,130187,Kat Johnson,906,210,0.0,0.0,0.0,0.0,0.0,0.0,0.0,3.1,171.5,97344,
2026-07-09,2026-07-09T08:12:56,14,FPO,130342,Chantel Budinsky,955,81,58.5,0.01116,0.0,0.02137,5e-05,0.00933,0.0,158.4,67.6,97344,
2026-07-09,2026-07-09T08:12:56,14,FPO,130822,Hannah Manis,930,207,0.0,2e-05,0.0,4e-05,0.0,0.0,0.0,19.4,144.6,97344,
2026-07-09,2026-07-09T08:12:56,14,FPO,131583,Hannah Lengel,950,196,0.0,0.00766,0.0,0.00157,0.0,0.00111,0.0,111.8,75.3,96414;96417,
2026-07-09,2026-07-09T08:12:56,14,FPO,132291,Ashley Phelps,907,143,2.0,0.0,0.0,0.0,0.0,0.0,0.0,12.3,144.1,97341,
2026-07-09,2026-07-09T08:12:56,14,FPO,132627,Jenn Cazanov-Diggs,905,173,0.0,0.0,0.0,0.0,0.0,0.0,0.0,8.9,169.6,97341,
2026-07-09,2026-07-09T08:12:56,14,FPO,133547,Holyn Handley,987,1,1668.34,1.0,1.0,1.0,1.0,0.0,0.17051,2132.8,2.4,97341;96414;96415;96416;97344;96418;96419,
2026-07-09,2026-07-09T08:12:56,14,FPO,133701,Nathalie Ortiz,901,77,64.25,0.0,0.0,0.0,0.0,0.0,0.0,64.2,89.4,,
2026-07-09,2026-07-09T08:12:56,14,FPO,135383,Emma Arp,915,192,0.0,0.0,0.0,0.0,0.0,0.0,0.0,3.3,177.5,100195,
2026-07-09,2026-07-09T08:12:56,14,FPO,138272,Raven Klein,943,26,437.5,0.03274,0.00504,1.0,0.99807,0.02469,0.0,767.2,29.5,97341;96414;96415;96416;97344;96417;96418,
2026-07-09,2026-07-09T08:12:56,14,FPO,139109,Leah Tsinajinnie,925,83,53.0,0.0,0.0,0.0014,0.0,0.0,0.0,98.5,78.1,97341;97344,
2026-07-09,2026-07-09T08:12:56,14,FPO,139387,Hanna Jansson,892,86,50.25,0.0,0.0,0.0,0.0,0.0,0.0,50.2,95.1,,
2026-07-09,2026-07-09T08:12:56,14,FPO,139738,Megan Dophal,906,214,0.0,0.0,0.0,0.0,0.0,0.0,0.0,3.0,171.9,97344,
2026-07-09,2026-07-09T08:12:56,14,FPO,140660,María Eldey Kristínardóttir,917,66,91.5,0.0,0.0,0.0,0.0,0.0,0.0,91.5,77.6,,
2026-07-09,2026-07-09T08:12:56,14,FPO,140947,Nina Bennett,939,92,40.5,0.00141,0.0,0.00649,1e-05,0.00026,0.0,123.7,72.1,97344;96417,
2026-07-09,2026-07-09T08:12:56,14,FPO,142259,Katheryn Maloney,909,211,0.0,0.0,0.0,0.0,0.0,0.0,0.0,3.6,170.3,97344,
2026-07-09,2026-07-09T08:12:56,14,FPO,142354,Alexis Kerman,922,59,111.5,7e-05,0.0,0.3573,0.0,2e-05,0.0,254.0,53.7,97341;96414;96415;96416;97344;96417,
2026-07-09,2026-07-09T08:12:56,14,FPO,143423,Ember Simonis,909,204,0.0,0.0,0.0,0.0,0.0,0.0,0.0,3.7,168.3,97344,
2026-07-09,2026-07-09T08:12:56,14,FPO,143720,Jessica Kinard,907,198,0.0,0.0,0.0,0.0,0.0,0.0,0.0,25.6,120.1,96416,
2026-07-09,2026-07-09T08:12:56,14,FPO,144112,Ella Hansen,974,5,1214.08,1.0,1.0,1.0,1.0,0.0,0.0,1622.9,5.7,97341;96414;96415;96416;97344;96418;96419,
2026-07-09,2026-07-09T08:12:56,14,FPO,144791,Emily Yale,893,80,59.0,0.0,0.0,0.0,0.0,0.0,0.0,98.2,75.8,97341;96415;96416;97344,
2026-07-09,2026-07-09T08:12:56,14,FPO,146137,Dani K. Hart,950,33,349.5,0.07252,0.00782,1.0,0.99389,0.05528,0.0,767.9,29.4,97341;96414;96415;96416;97344;96417;96418,
2026-07-09,2026-07-09T08:12:56,14,FPO,146304,MJ Gager,932,50,160.5,0.00071,0.0,0.10987,1e-05,0.00064,0.0,234.9,55.5,97341;97344,
2026-07-09,2026-07-09T08:12:56,14,FPO,147050,Ali Smith,946,76,66.0,0.00226,0.0,0.0099,0.0,0.00192,0.0,152.4,66.5,97341,
2026-07-09,2026-07-09T08:12:56,14,FPO,147393,Sadie Shattuck,865,127,16.0,0.0,0.0,0.0,0.0,0.0,0.0,16.0,139.0,,
2026-07-09,2026-07-09T08:12:56,14,FPO,149548,VicToria Scott,887,217,0.0,0.0,0.0,0.0,0.0,0.0,0.0,2.0,168.0,97344,
2026-07-09,2026-07-09T08:12:56,14,FPO,149803,Candyce Boyce,890,100,33.0,0.0,0.0,0.0,0.0,0.0,0.0,33.0,109.3,,
2026-07-09,2026-07-09T08:12:56,14,FPO,150057,Hailey Huber,929,172,0.0,0.0,0.0,2e-05,0.0,0.0,0.0,39.3,116.7,97341,
2026-07-09,2026-07-09T08:12:56,14,FPO,151072,Jennifer Rice,895,123,18.0,0.0,0.0,0.0,0.0,0.0,0.0,18.0,133.2,,
2026-07-09,2026-07-09T08:12:56,14,FPO,152191,Kelley Foster,933,39,280.5,0.00209,0.0,1.0,0.17607,0.00154,0.0,493.0,39.3,97341;96414;96415;96416;96417;96418,
2026-07-09,2026-07-09T08:12:56,14,FPO,154098,Ariel Walker,938,93,38.25,0.00048,0.0,0.01741,1e-05,0.00036,0.0,134.7,70.7,97341;97344,
2026-07-09,2026-07-09T08:12:56,14,FPO,155026,Amanda Lennartsson,930,29,409.0,0.00051,0.0,1.0,0.00603,0.00048,0.0,430.4,41.8,96418,
2026-07-09,2026-07-09T08:12:56,14,FPO,156259,Ella Tejler,898,75,73.5,0.0,0.0,0.0,0.0,0.0,0.0,73.5,86.7,,
2026-07-09,2026-07-09T08:12:56,14,FPO,156781,Audrey Wicklander,893,200,0.0,0.0,0.0,0.0,0.0,0.0,0.0,2.1,165.6,97344,
2026-07-09,2026-07-09T08:12:56,14,FPO,157471,Nid Ovathanasin,935,128,15.0,6e-05,0.0,0.00077,0.0,1e-05,0.0,72.7,90.0,96414;97344,
2026-07-09,2026-07-09T08:12:56,14,FPO,158385,Destyne Martinez,865,144,2.0,0.0,0.0,0.0,0.0,0.0,0.0,2.0,178.5,,
2026-07-09,2026-07-09T08:12:56,14,FPO,158461,Shiru Liu,914,79,61.5,0.0,0.0,1e-05,0.0,0.0,0.0,78.2,84.4,97341,
2026-07-09,2026-07-09T08:12:56,14,FPO,160103,Jacquelyn DeLude,877,208,0.0,0.0,0.0,0.0,0.0,0.0,0.0,2.0,174.3,97344,
2026-07-09,2026-07-09T08:12:56,14,FPO,161231,Sarah May,856,188,0.0,0.0,0.0,0.0,0.0,0.0,0.0,2.0,160.5,97341,
2026-07-09,2026-07-09T08:12:56,14,FPO,161918,Addison Woodard,945,67,89.75,0.01267,0.0,0.91901,0.03641,0.00929,0.0,398.0,44.1,97341;96416;97344;96417,
2026-07-09,2026-07-09T08:12:56,14,FPO,162735,Eden Fornoff,925,197,0.0,0.0,0.0,0.0,0.0,0.0,0.0,25.6,120.3,96416,
2026-07-09,2026-07-09T08:12:56,14,FPO,162896,Therese Cuevas,938,52,143.0,0.0021,0.0,0.31198,0.00037,0.00187,0.0,266.6,53.0,97341;97344,
2026-07-09,2026-07-09T08:12:56,14,FPO,164788,Alecia Hinkson,932,58,112.5,0.00051,0.0,0.02793,1e-05,0.0002,0.0,181.2,61.1,97344;96417,
2026-07-09,2026-07-09T08:12:56,14,FPO,165652,Ceci Vollbrecht,899,201,0.0,0.0,0.0,0.0,0.0,0.0,0.0,2.3,166.4,97344,
2026-07-09,2026-07-09T08:12:56,14,FPO,166082,Ashton Webberley,904,167,0.0,0.0,0.0,0.0,0.0,0.0,0.0,8.3,168.1,97341,
2026-07-09,2026-07-09T08:12:56,14,FPO,166749,Mackenzie Morris,871,181,0.0,0.0,0.0,0.0,0.0,0.0,0.0,2.1,186.9,97341,
2026-07-09,2026-07-09T08:12:56,14,FPO,167255,AK Kaestner,825,164,0.0,0.0,0.0,0.0,0.0,0.0,0.0,2.0,187.0,97341,
2026-07-09,2026-07-09T08:12:56,14,FPO,168863,Trinity Bryant,919,43,233.0,1e-05,0.0,0.99913,0.00043,0.0,0.0,345.6,46.6,97341;96414;96415;96416;97344;96418,
2026-07-09,2026-07-09T08:12:56,14,FPO,170182,Rebecca Minnick,866,103,29.0,0.0,0.0,0.0,0.0,0.0,0.0,29.0,112.3,,
2026-07-09,2026-07-09T08:12:56,14,FPO,173601,Marie Kielas,918,85,51.0,0.0,0.0,0.0,0.0,0.0,0.0,51.0,94.0,,
2026-07-09,2026-07-09T08:12:56,14,FPO,173883,Lillianne Waite,837,179,0.0,0.0,0.0,0.0,0.0,0.0,0.0,2.0,188.9,97341,
2026-07-09,2026-07-09T08:12:56,14,FPO,173961,Ellie Caldwell,852,191,0.0,0.0,0.0,0.0,0.0,0.0,0.0,0.0,211.1,100195,
2026-07-09,2026-07-09T08:12:56,14,FPO,176242,Morgan Lynds,931,68,87.75,1e-05,0.0,0.00092,0.0,1e-05,0.0,108.8,74.1,97344,
2026-07-09,2026-07-09T08:12:56,14,FPO,176243,Jordan Lynds,945,57,113.25,0.00731,0.0,0.16921,0.00033,0.00623,0.0,246.1,55.3,96414;97344,
2026-07-09,2026-07-09T08:12:56,14,FPO,176481,Karissa Dedmon,923,118,20.0,0.0,0.0,0.00015,0.0,0.0,0.0,60.1,95.0,97341;97344,
2026-07-09,2026-07-09T08:12:56,14,FPO,178707,Joleigh Miller,923,149,0.0,1e-05,0.0,1e-05,0.0,0.0,0.0,29.0,127.4,97341,
2026-07-09,2026-07-09T08:12:56,14,FPO,178748,Kendyl Sullivan,887,176,0.0,0.0,0.0,0.0,0.0,0.0,0.0,2.8,190.0,97341,
2026-07-09,2026-07-09T08:12:56,14,FPO,179200,Jamie Williams,863,154,0.0,0.0,0.0,0.0,0.0,0.0,0.0,0.0,205.4,,
2026-07-09,2026-07-09T08:12:56,14,FPO,179873,Jenny Larsson,916,82,54.0,0.0,0.0,0.0,0.0,0.0,0.0,54.0,92.5,,
2026-07-09,2026-07-09T08:12:56,14,FPO,181772,Ida Emilie Nesse,950,35,334.0,0.0668,0.004,1.0,0.97489,0.05387,0.0,737.3,30.7,96414;96415;96416;97344;96417;96418,
2026-07-09,2026-07-09T08:12:56,14,FPO,182450,Kajsa Wahl,892,96,36.75,0.0,0.0,0.0,0.0,0.0,0.0,36.8,104.1,,
2026-07-09,2026-07-09T08:12:56,14,FPO,182582,Addison Clark,831,218,0.0,0.0,0.0,0.0,0.0,0.0,0.0,16.5,138.0,96417,
2026-07-09,2026-07-09T08:12:56,14,FPO,184609,Elva-Kate Preston,909,61,107.25,0.0,0.0,0.00171,0.0,0.0,0.0,163.0,62.8,100195;96414;96415;97344;96417,
2026-07-09,2026-07-09T08:12:56,14,FPO,184736,Jennifer Smiley,935,34,337.75,0.00561,0.0,1.0,0.46003,0.0049,0.0,551.6,37.3,97341;96414;96415;96416;97344;96417;96418,
2026-07-09,2026-07-09T08:12:56,14,FPO,185057,Josefine Johansson,927,71,81.0,0.0,0.0,0.00035,0.0,0.0,0.0,96.4,77.7,97344,
2026-07-09,2026-07-09T08:12:56,14,FPO,185534,Sofia Donnecke,964,23,547.5,0.32319,0.19619,1.0,1.0,0.12017,0.0,935.7,22.1,97341;96414;96418;96419,
2026-07-09,2026-07-09T08:12:56,14,FPO,185627,Athena Cuevas,866,130,14.0,0.0,0.0,0.0,0.0,0.0,0.0,14.0,140.4,,
2026-07-09,2026-07-09T08:12:56,14,FPO,186277,Kassandra Fog Wichmann,879,140,6.0,0.0,0.0,0.0,0.0,0.0,0.0,6.0,153.3,,
2026-07-09,2026-07-09T08:12:56,14,FPO,186629,Sanne Dalseth,861,132,13.5,0.0,0.0,0.0,0.0,0.0,0.0,13.5,142.1,,
2026-07-09,2026-07-09T08:12:56,14,FPO,188837,JJ Sun,883,157,0.0,0.0,0.0,0.0,0.0,0.0,0.0,0.0,205.0,,
2026-07-09,2026-07-09T08:12:56,14,FPO,189702,Taylor Chocek,950,13,749.95,0.52734,0.52016,1.0,1.0,0.00699,0.0,1021.0,18.4,97341;96414;96415;96416;96418;96419,
2026-07-09,2026-07-09T08:12:56,14,FPO,193215,Lexi Marx,928,178,0.0,3e-05,0.0,0.00137,0.0,1e-05,0.0,76.3,89.7,97341;96414;97344,
2026-07-09,2026-07-09T08:12:56,14,FPO,195549,Kylie Kohut,935,53,135.0,0.00142,0.0,0.50541,0.00022,0.0011,0.0,285.8,51.2,97341;100195;96414;96415,
2026-07-09,2026-07-09T08:12:56,14,FPO,195550,Peyton Kohut,913,84,52.5,0.0,0.0,0.0,0.0,0.0,0.0,84.3,81.7,100195;96414;96415,
2026-07-09,2026-07-09T08:12:56,14,FPO,196237,Kaire Tekku,928,73,78.75,0.0,0.0,0.0,0.0,0.0,0.0,78.8,83.8,,
2026-07-09,2026-07-09T08:12:56,14,FPO,197689,Isabella Parker,877,122,18.0,0.0,0.0,0.0,0.0,0.0,0.0,18.0,134.0,,
2026-07-09,2026-07-09T08:12:56,14,FPO,198446,Eliezra Midtlyng,944,14,746.58,0.25817,0.2485,1.0,1.0,0.00892,0.0,967.9,20.6,97341;96414;96415;96416;97344;96417;96418;96419,
2026-07-09,2026-07-09T08:12:56,14,FPO,198721,Hannah Kellar,887,104,29.0,0.0,0.0,0.0,0.0,0.0,0.0,31.8,110.2,97341,
2026-07-09,2026-07-09T08:12:56,14,FPO,202571,Elizabete Pēkšena,914,46,205.5,1e-05,0.0,0.01985,0.0,1e-05,0.0,216.9,57.1,97344;96418,
2026-07-09,2026-07-09T08:12:56,14,FPO,208576,Rebecca Don,960,10,801.99,0.97436,0.97413,1.0,1.0,0.00023,0.0,1187.1,12.8,97341;96414;96415;96416;97344;96418;96419,
2026-07-09,2026-07-09T08:12:56,14,FPO,209432,Eden Fletcher,899,94,38.0,0.0,0.0,0.0,0.0,0.0,0.0,38.0,102.9,,
2026-07-09,2026-07-09T08:12:56,14,FPO,209462,Erika Apple,854,171,0.0,0.0,0.0,0.0,0.0,0.0,0.0,2.0,192.3,97341,
2026-07-09,2026-07-09T08:12:56,14,FPO,210287,Mara Neal,863,182,0.0,0.0,0.0,0.0,0.0,0.0,0.0,2.0,185.8,97341,
2026-07-09,2026-07-09T08:12:56,14,FPO,210972,Kristýna Jurčíková,962,36,331.0,0.13627,2e-05,1.0,0.39278,0.12551,0.0,579.3,36.5,97344;96418,
2026-07-09,2026-07-09T08:12:56,14,FPO,214417,Fleur Verberk,896,205,0.0,0.0,0.0,0.0,0.0,0.0,0.0,2.2,171.5,97344,
2026-07-09,2026-07-09T08:12:56,14,FPO,215439,Sheliemae Lai,948,78,62.0,0.00345,0.0,0.01233,2e-05,0.0029,0.0,156.6,66.0,97341,
2026-07-09,2026-07-09T08:12:56,14,FPO,215495,Kelsey Martin,877,212,0.0,0.0,0.0,0.0,0.0,0.0,0.0,2.0,173.9,97344,
2026-07-09,2026-07-09T08:12:56,14,FPO,216558,Iida Lehtomäki,965,27,430.25,0.18115,2e-05,1.0,0.45389,0.16416,0.0,600.7,35.7,97344;96418,
2026-07-09,2026-07-09T08:12:56,14,FPO,217892,Katie Tews,889,175,0.0,0.0,0.0,0.0,0.0,0.0,0.0,3.1,188.7,97341,
2026-07-09,2026-07-09T08:12:56,14,FPO,218375,Tiia Nylén,886,161,0.0,0.0,0.0,0.0,0.0,0.0,0.0,0.0,211.8,,
2026-07-09,2026-07-09T08:12:56,14,FPO,218760,Sarah Duran,865,135,11.0,0.0,0.0,0.0,0.0,0.0,0.0,11.0,145.9,,
2026-07-09,2026-07-09T08:12:56,14,FPO,218779,Amanda Brightwell,831,165,0.0,0.0,0.0,0.0,0.0,0.0,0.0,2.0,187.7,97341,
2026-07-09,2026-07-09T08:12:56,14,FPO,219693,Anna Damberga,858,117,21.0,0.0,0.0,0.0,0.0,0.0,0.0,21.0,127.8,,
2026-07-09,2026-07-09T08:12:56,14,FPO,220605,Asta Hapulahti,911,159,0.0,0.0,0.0,0.0,0.0,0.0,0.0,0.0,208.1,,
2026-07-09,2026-07-09T08:12:56,14,FPO,221583,Evie Lou Ramey,896,193,0.0,0.0,0.0,0.0,0.0,0.0,0.0,1.0,199.9,100195,
2026-07-09,2026-07-09T08:12:56,14,FPO,222693,Tanisha Platero,856,189,0.0,0.0,0.0,0.0,0.0,0.0,0.0,2.0,160.9,97341,
2026-07-09,2026-07-09T08:12:56,14,FPO,222973,Martje Sumowski,929,101,33.0,0.0,0.0,0.0,0.0,0.0,0.0,33.0,109.1,,
2026-07-09,2026-07-09T08:12:56,14,FPO,223975,Laura Tatiana Niño Carranza,881,177,0.0,0.0,0.0,0.0,0.0,0.0,0.0,4.3,155.8,97341;97344,
2026-07-09,2026-07-09T08:12:56,14,FPO,224238,Julia Fors,951,28,428.5,0.04492,2e-05,1.0,0.5924,0.04265,0.0,594.4,35.9,97344;96418,
2026-07-09,2026-07-09T08:12:56,14,FPO,225016,Naomi Suyat,869,156,0.0,0.0,0.0,0.0,0.0,0.0,0.0,0.0,204.9,,
2026-07-09,2026-07-09T08:12:56,14,FPO,227315,Sarah Wadsworth,901,194,0.0,0.0,0.0,0.0,0.0,0.0,0.0,14.8,138.7,100195;96415,
2026-07-09,2026-07-09T08:12:56,14,FPO,228486,Stefani Ewell,857,136,10.0,0.0,0.0,0.0,0.0,0.0,0.0,10.0,147.1,,
2026-07-09,2026-07-09T08:12:56,14,FPO,229526,Sintija Klezberga,951,15,737.5,0.53479,0.52747,1.0,1.0,0.00652,0.0,1021.4,18.3,97341;96414;96415;97344;96417;96418;96419,
2026-07-09,2026-07-09T08:12:56,14,FPO,231650,Tailey Rowley,913,65,92.25,0.0,0.0,0.00028,0.0,0.0,0.0,112.9,72.2,97341;97344,
2026-07-09,2026-07-09T08:12:56,14,FPO,232666,Rebecka Hoppe,857,141,6.0,0.0,0.0,0.0,0.0,0.0,0.0,6.0,153.0,,
2026-07-09,2026-07-09T08:12:56,14,FPO,232722,Julia Hauch,904,209,0.0,0.0,0.0,0.0,0.0,0.0,0.0,2.8,172.5,97344,
2026-07-09,2026-07-09T08:12:56,14,FPO,235368,Madalyn Payton,897,146,0.0,0.0,0.0,0.0,0.0,0.0,0.0,0.0,208.1,,
2026-07-09,2026-07-09T08:12:56,14,FPO,238187,Ann Deputy,925,72,80.25,1e-05,0.0,0.00024,0.0,0.0,0.0,93.4,78.8,97344,
2026-07-09,2026-07-09T08:12:56,14,FPO,240590,Amelia Saechao,875,110,24.0,0.0,0.0,0.0,0.0,0.0,0.0,24.0,119.8,,
2026-07-09,2026-07-09T08:12:56,14,FPO,242116,Eva Lutsenko,920,113,21.75,0.0,0.0,0.0,0.0,0.0,0.0,21.8,125.6,,
2026-07-09,2026-07-09T08:12:56,14,FPO,242331,Ida Kennmark,852,131,13.5,0.0,0.0,0.0,0.0,0.0,0.0,13.5,141.9,,
2026-07-09,2026-07-09T08:12:56,14,FPO,245180,Chelsea Sutton,865,169,0.0,0.0,0.0,0.0,0.0,0.0,0.0,2.0,188.9,97341,
2026-07-09,2026-07-09T08:12:56,14,FPO,245306,Netta Leppäaho,939,62,105.75,0.0,0.0,0.0,0.0,0.0,0.0,105.8,73.4,,
2026-07-09,2026-07-09T08:12:56,14,FPO,245317,Sophi Stephenson,859,133,12.0,0.0,0.0,0.0,0.0,0.0,0.0,12.0,143.7,,
2026-07-09,2026-07-09T08:12:56,14,FPO,254333,Jess Zilch,872,120,19.5,0.0,0.0,0.0,0.0,0.0,0.0,19.5,129.8,,
2026-07-09,2026-07-09T08:12:56,14,FPO,255962,Samantha Zaborowski,904,216,0.0,0.0,0.0,0.0,0.0,0.0,0.0,2.8,172.7,97344,
2026-07-09,2026-07-09T08:12:56,14,FPO,256846,Lea Tomas,885,213,0.0,0.0,0.0,0.0,0.0,0.0,0.0,2.0,174.1,97344,
2026-07-09,2026-07-09T08:12:56,14,FPO,259972,Marion Mattsson,854,134,11.25,0.0,0.0,0.0,0.0,0.0,0.0,11.2,144.9,,
2026-07-09,2026-07-09T08:12:56,14,FPO,261058,Jessica Erickson,885,87,49.0,0.0,0.0,0.0,0.0,0.0,0.0,49.0,96.7,,
2026-07-09,2026-07-09T08:12:56,14,FPO,261216,Victoria Christensen,868,125,17.25,0.0,0.0,0.0,0.0,0.0,0.0,17.2,136.2,,
2026-07-09,2026-07-09T08:12:56,14,FPO,268900,Natalie Berg,883,119,19.5,0.0,0.0,0.0,0.0,0.0,0.0,19.5,130.0,,
2026-07-09,2026-07-09T08:12:56,14,FPO,269838,Daisy Kelly,876,155,0.0,0.0,0.0,0.0,0.0,0.0,0.0,0.0,207.9,,
2026-07-09,2026-07-09T08:12:56,14,FPO,277832,Chandler Reigh,937,30,406.25,0.01289,0.00013,1.0,0.96758,0.01164,0.0,678.1,33.1,97341;100195;96414;96415;96416;97344;96417;96418,
2026-07-09,2026-07-09T08:12:56,14,FPO,278324,Kristi Prik,873,160,0.0,0.0,0.0,0.0,0.0,0.0,0.0,0.0,209.5,,
2026-07-09,2026-07-09T08:12:56,14,FPO,278450,Brit Hamburg-Kiin,848,106,28.5,0.0,0.0,0.0,0.0,0.0,0.0,28.5,113.8,,
2026-07-09,2026-07-09T08:12:56,14,FPO,279466,Gry Nagel,810,124,18.0,0.0,0.0,0.0,0.0,0.0,0.0,18.0,132.9,,
2026-07-09,2026-07-09T08:12:56,14,FPO,281626,Una Lokmane,871,105,28.5,0.0,0.0,0.0,0.0,0.0,0.0,28.5,113.9,,
2026-07-09,2026-07-09T08:12:56,14,FPO,284553,Katherine Aydelott,861,142,4.0,0.0,0.0,0.0,0.0,0.0,0.0,6.0,152.5,97341,
2026-07-09,2026-07-09T08:12:56,14,FPO,285033,Karolína Jurčíková,898,163,0.0,0.0,0.0,0.0,0.0,0.0,0.0,0.0,211.5,,
2026-07-09,2026-07-09T08:12:56,14,FPO,286978,Michelle Southworth,805,185,0.0,0.0,0.0,0.0,0.0,0.0,0.0,2.0,167.0,97341,
2026-07-09,2026-07-09T08:12:56,14,FPO,288014,Jordan Coomes,847,121,18.0,0.0,0.0,0.0,0.0,0.0,0.0,18.0,134.2,,
2026-07-09,2026-07-09T08:12:56,14,FPO,297287,Marta Villa,849,183,0.0,0.0,0.0,0.0,0.0,0.0,0.0,2.0,180.9,97341,
2026-07-09,2026-07-09T08:12:56,14,FPO,302765,Grace Wilson,891,206,0.0,0.0,0.0,0.0,0.0,0.0,0.0,2.1,172.2,97344,
2026-07-09,2026-07-09T08:12:56,14,FPO,308525,Saga Dahlstedt,906,55,127.5,0.0,0.0,0.0,0.0,0.0,0.0,127.5,68.7,,
2026-07-09,2026-07-09T08:12:56,14,FPO,311218,Mina Alme,891,98,35.25,0.0,0.0,0.0,0.0,0.0,0.0,35.2,106.3,,
2026-07-10,2026-07-10T01:18:30,14,FPO,3024,Chris O'Cleary,914,202,0.0,0.0,0.0,0.0,0.0,0.0,0.0,5.2,174.3,97344,
2026-07-10,2026-07-10T01:18:30,14,FPO,3090,Elaine King,890,203,0.0,0.0,0.0,0.0,0.0,0.0,0.0,2.1,181.6,97344,
2026-07-10,2026-07-10T01:18:30,14,FPO,8803,Ruth Steele,872,186,0.0,0.0,0.0,0.0,0.0,0.0,0.0,2.1,162.9,97341,
2026-07-10,2026-07-10T01:18:30,14,FPO,15354,Jennifer Allen,970,37,313.0,0.38515,0.05041,1.0,0.98324,0.28045,0.0,826.8,26.5,96414;96415;97344;96418,
2026-07-10,2026-07-10T01:18:30,14,FPO,27832,Kona Star Montgomery,946,24,478.0,0.08554,0.0547,1.0,1.0,0.02741,0.0,863.9,24.9,97341;96414;96415;96416;97344;96417;96418;96419,
2026-07-10,2026-07-10T01:18:30,14,FPO,29190,Paige Pierce,968,17,693.17,0.93114,0.92793,1.0,1.0,0.00314,0.0,1148.9,13.9,97341;96414;96416;97344;96418;96419,
2026-07-10,2026-07-10T01:18:30,14,FPO,29947,Stephanie Vincent,925,107,28.0,0.0,0.0,0.0,0.0,0.0,0.0,28.0,115.6,,
2026-07-10,2026-07-10T01:18:30,14,FPO,31041,Sheila Teves,883,153,0.0,0.0,0.0,0.0,0.0,0.0,0.0,0.0,213.4,,
2026-07-10,2026-07-10T01:18:30,14,FPO,32654,Lisa Fajkus,959,21,593.83,0.40123,0.3519,1.0,1.0,0.04121,0.0,981.3,19.8,96414;96415;96416;96417;96418;96419,
2026-07-10,2026-07-10T01:18:30,14,FPO,32917,Rebecca Cox,952,31,397.0,0.09223,0.01756,1.0,0.99726,0.06319,0.0,798.6,27.8,96414;96415;96416;97344;96417;96418,
2026-07-10,2026-07-10T01:18:30,14,FPO,32925,Lindsay Fish,883,180,0.0,0.0,0.0,0.0,0.0,0.0,0.0,2.6,166.6,97341,
2026-07-10,2026-07-10T01:18:30,14,FPO,34563,Sarah Hokom,949,63,101.0,0.02909,0.0,0.98003,0.09283,0.02021,0.0,449.8,41.6,96414;96415;96416;97344;96417;96418,
2026-07-10,2026-07-10T01:18:30,14,FPO,35321,Sofie Björlycke,932,70,83.25,0.0,0.0,0.0,0.0,0.0,0.0,83.2,81.1,,
2026-07-10,2026-07-10T01:18:30,14,FPO,35774,Camilla Jernberg,898,139,7.5,0.0,0.0,0.0,0.0,0.0,0.0,7.5,151.3,,
2026-07-10,2026-07-10T01:18:30,14,FPO,36307,Amanda Branch,887,199,0.0,0.0,0.0,0.0,0.0,0.0,0.0,2.0,181.0,97344,
2026-07-10,2026-07-10T01:18:30,14,FPO,39504,Zoe AnDyke,928,74,77.0,0.0,0.0,0.0,0.0,0.0,0.0,77.0,85.4,,
2026-07-10,2026-07-10T01:18:30,14,FPO,43995,Taylor Foth,899,151,0.0,0.0,0.0,0.0,0.0,0.0,0.0,0.0,215.0,,
2026-07-10,2026-07-10T01:18:30,14,FPO,44184,Catrina Allen,963,7,1010.08,1.0,1.0,1.0,1.0,0.0,0.0,1356.4,9.0,97341;100195;96414;96415;96416;97344;96417;96418;96419,
2026-07-10,2026-07-10T01:18:30,14,FPO,45407,Brittney Armentrout,851,168,0.0,0.0,0.0,0.0,0.0,0.0,0.0,2.0,187.6,97341,
2026-07-10,2026-07-10T01:18:30,14,FPO,48199,Alison Blakeman,866,158,0.0,0.0,0.0,0.0,0.0,0.0,0.0,0.0,206.0,,
2026-07-10,2026-07-10T01:18:30,14,FPO,48976,Ohn Scoggins,989,4,1219.0,1.0,1.0,1.0,1.0,0.0,0.38299,2199.0,1.9,97341;100195;96414;96415;96416;97344;96417;96418;96419,
2026-07-10,2026-07-10T01:18:30,14,FPO,50656,Jessica Gurthie,955,20,608.0,1.0,0.82835,1.0,1.0,0.00241,0.0,1099.4,15.5,97341;96414;96415;96416;97344;96417;96418;96419,
2026-07-10,2026-07-10T01:18:30,14,FPO,51277,Holly Finley,929,45,214.0,0.00051,0.0,0.98409,0.00105,0.0002,0.0,338.6,47.2,96414;96415;97344;96417;96418,
2026-07-10,2026-07-10T01:18:30,14,FPO,57529,Hannele Määttä,915,162,0.0,0.0,0.0,0.0,0.0,0.0,0.0,0.0,201.7,,
2026-07-10,2026-07-10T01:18:30,14,FPO,58303,Sai Ananda,943,187,0.0,0.00104,0.0,0.01549,1e-05,0.00075,0.0,123.2,75.5,97341;97344,
2026-07-10,2026-07-10T01:18:30,14,FPO,59227,Henna Blomroos,974,9,890.0,1.0,0.99933,1.0,1.0,1e-05,0.0,1279.4,10.5,97341;96414;97344;96418;96419,
2026-07-10,2026-07-10T01:18:30,14,FPO,59431,Madison Walker,952,19,646.83,0.2224,0.18219,1.0,1.0,0.03496,0.0,934.2,21.8,97341;96414;96415;96416;97344;96417;96418;96419,
2026-07-10,2026-07-10T01:18:30,14,FPO,60798,Madison Tomaino,919,69,83.5,0.0,0.0,4e-05,0.0,0.0,0.0,120.0,70.6,96416,
2026-07-10,2026-07-10T01:18:30,14,FPO,61144,Emily Beach,895,147,0.0,0.0,0.0,0.0,0.0,0.0,0.0,0.0,209.2,,
2026-07-10,2026-07-10T01:18:30,14,FPO,61990,Katka Boďová,922,88,48.0,0.0,0.0,0.0,0.0,0.0,0.0,48.0,98.2,,
2026-07-10,2026-07-10T01:18:30,14,FPO,62879,Valerie Mandujano,975,18,673.16,1.0,1.0,1.0,1.0,0.0,0.0,1479.6,7.3,97341;96414;96415;96416;97344;96417;96418;96419,
2026-07-10,2026-07-10T01:18:30,14,FPO,62880,Alexis Mandujano,960,32,352.5,0.24814,0.12429,1.0,0.99951,0.10132,0.0,889.6,23.8,96414;96415;96416;97344;96417;96418;96419,
2026-07-10,2026-07-10T01:18:30,14,FPO,63257,Maria Oliva,917,42,237.0,3e-05,0.0,0.99987,6e-05,0.0,0.0,335.6,47.2,96414;96415;96416;97344;96417;96418,
2026-07-10,2026-07-10T01:18:30,14,FPO,64927,Eveliina Salonen,982,6,1164.67,1.0,1.0,1.0,1.0,0.0,0.0,1619.0,5.7,97341;96414;97344;96418;96419,
2026-07-10,2026-07-10T01:18:30,14,FPO,65489,Lauren Butler,919,51,157.75,2e-05,0.0,0.17466,0.0,1e-05,0.0,239.7,54.9,96414;96415;97344;96417,
2026-07-10,2026-07-10T01:18:30,14,FPO,66063,Ashlee Johnson,864,152,0.0,0.0,0.0,0.0,0.0,0.0,0.0,0.0,216.0,,
2026-07-10,2026-07-10T01:18:30,14,FPO,66599,Heidi Laine,963,12,764.75,0.972,0.97164,1.0,1.0,0.00035,0.0,1184.0,12.9,97341;96414;96415;96416;97344;96418;96419,
2026-07-10,2026-07-10T01:18:30,14,FPO,69584,Danielle Weigandt,853,170,0.0,0.0,0.0,0.0,0.0,0.0,0.0,2.0,180.7,97341,
2026-07-10,2026-07-10T01:18:30,14,FPO,71262,Erika Stinchcomb,920,44,222.25,4e-05,0.0,0.99934,0.0009,1e-05,0.0,351.6,46.3,97341;96414;96415;96416;97344;96417;96418,
2026-07-10,2026-07-10T01:18:30,14,FPO,72635,Kersti Miller,889,99,34.5,0.0,0.0,0.0,0.0,0.0,0.0,34.5,107.6,,
2026-07-10,2026-07-10T01:18:30,14,FPO,74708,Casey Pennington,922,95,37.5,0.0,0.0,1e-05,0.0,0.0,0.0,67.4,89.5,97341,
2026-07-10,2026-07-10T01:18:30,14,FPO,75029,Cynthia Ricciotti,917,60,107.25,4e-05,0.0,0.01416,0.0,0.0,0.0,184.9,60.5,100195;96414;96415;97344;96417,
2026-07-10,2026-07-10T01:18:30,14,FPO,76009,Virginia Polkinghorne,889,195,0.0,0.0,0.0,0.0,0.0,0.0,0.0,2.0,194.2,100195,
2026-07-10,2026-07-10T01:18:30,14,FPO,77385,Matilda Ringbom,938,40,274.0,0.00216,0.0,0.92077,3e-05,0.00205,0.0,311.0,49.3,96418,
2026-07-10,2026-07-10T01:18:30,14,FPO,78232,Tiger Borth,899,116,21.0,0.0,0.0,0.0,0.0,0.0,0.0,23.3,122.5,97344,
2026-07-10,2026-07-10T01:18:30,14,FPO,79233,Cadence Burge,971,64,95.25,0.43841,0.02704,0.99997,0.91086,0.30498,0.0,773.3,28.8,96414;96415;96416;97344;96417;96418,
2026-07-10,2026-07-10T01:18:30,14,FPO,80935,Lindsey Maas,902,102,32.25,0.0,0.0,0.0,0.0,0.0,0.0,53.6,94.9,96414;96415;97344,
2026-07-10,2026-07-10T01:18:30,14,FPO,82809,Alex von Stade,892,112,22.0,0.0,0.0,0.0,0.0,0.0,0.0,22.0,124.0,,
2026-07-10,2026-07-10T01:18:30,14,FPO,83376,Cassandra Lioi,889,138,8.0,0.0,0.0,0.0,0.0,0.0,0.0,8.0,150.2,,
2026-07-10,2026-07-10T01:18:30,14,FPO,84279,Kaidi Allsalu,951,47,203.62,0.02732,0.0,0.0,0.0,0.02586,0.0,285.8,51.5,,
2026-07-10,2026-07-10T01:18:30,14,FPO,85189,Samantha Bonacci,865,126,16.5,0.0,0.0,0.0,0.0,0.0,0.0,21.9,125.6,96415,
2026-07-10,2026-07-10T01:18:30,14,FPO,85484,Anneli Tõugjas-Männiste,959,25,456.0,0.21531,0.09,1.0,0.99991,0.10118,0.0,878.9,24.2,97341;96414;96415;97344;96417;96418;96419,
2026-07-10,2026-07-10T01:18:30,14,FPO,85942,Missy Gannon,984,3,1311.5,1.0,1.0,1.0,1.0,0.0,0.00285,1875.5,4.0,97341;96414;96415;96416;97344;96417;96418;96419,
2026-07-10,2026-07-10T01:18:30,14,FPO,87094,Rose Shertick,906,215,0.0,0.0,0.0,0.0,0.0,0.0,0.0,3.0,193.7,97344,
2026-07-10,2026-07-10T01:18:30,14,FPO,87443,Andrea Cammack,874,166,0.0,0.0,0.0,0.0,0.0,0.0,0.0,2.1,173.9,97341,
2026-07-10,2026-07-10T01:18:30,14,FPO,94085,Keiti Tätte,954,49,184.12,0.02902,0.0,0.0,0.0,0.02747,0.0,249.2,55.0,,
2026-07-10,2026-07-10T01:18:30,14,FPO,96090,Sonja Laine,899,97,36.0,0.0,0.0,0.0,0.0,0.0,0.0,36.0,105.5,,
2026-07-10,2026-07-10T01:18:30,14,FPO,96480,Tori Pasquin,833,190,0.0,0.0,0.0,0.0,0.0,0.0,0.0,2.0,170.9,97341,
2026-07-10,2026-07-10T01:18:30,14,FPO,97238,Jannicke Hjemli,863,137,9.75,0.0,0.0,0.0,0.0,0.0,0.0,9.8,148.8,,
2026-07-10,2026-07-10T01:18:30,14,FPO,99441,Lykke Lorentzen,923,90,43.0,0.0,0.0,0.0,0.0,0.0,0.0,60.9,91.2,100195;97344,
2026-07-10,2026-07-10T01:18:30,14,FPO,99455,Kat Mertsch,966,8,938.67,0.99995,0.99995,1.0,1.0,0.0,0.0,1352.2,9.1,97341;96414;96415;96416;97344;96417;96418;96419,
2026-07-10,2026-07-10T01:18:30,14,FPO,101949,Ratana McMahon,894,54,129.75,0.0,0.0,0.0,0.0,0.0,0.0,140.7,66.2,96415,
2026-07-10,2026-07-10T01:18:30,14,FPO,102024,Danielle Keen,906,150,0.0,0.0,0.0,0.0,0.0,0.0,0.0,0.0,214.0,,
2026-07-10,2026-07-10T01:18:30,14,FPO,103743,Karen Martel,924,129,15.0,1e-05,0.0,1e-05,0.0,0.0,0.0,27.0,126.0,97344,
2026-07-10,2026-07-10T01:18:30,14,FPO,104187,Macie Velediaz,957,38,294.67,0.11133,0.00054,1.0,0.71191,0.08919,0.0,642.0,34.2,96414;97344;96417;96418,
2026-07-10,2026-07-10T01:18:30,14,FPO,104314,Violet Main,947,41,250.0,0.02233,0.0,1.0,0.24454,0.01684,0.0,515.1,38.7,97341;96414;97344;96417;96418,
2026-07-10,2026-07-10T01:18:30,14,FPO,104814,Ellie Bryant,900,115,21.75,0.0,0.0,0.0,0.0,0.0,0.0,28.8,116.0,97341,
2026-07-10,2026-07-10T01:18:30,14,FPO,105126,Aria Castruita,949,145,0.0,0.0008,0.0,0.00096,0.0,0.00028,0.0,88.4,84.4,97341,
2026-07-10,2026-07-10T01:18:30,14,FPO,106489,Anna Pinter,875,114,21.75,0.0,0.0,0.0,0.0,0.0,0.0,21.8,126.1,,
2026-07-10,2026-07-10T01:18:30,14,FPO,107297,Maria Liivamägi,873,109,24.0,0.0,0.0,0.0,0.0,0.0,0.0,24.0,119.2,,
2026-07-10,2026-07-10T01:18:30,14,FPO,107335,Silva Saarinen,990,2,1414.84,1.0,1.0,1.0,1.0,0.0,0.44483,2214.0,1.8,97341;96414;96415;96416;97344;96418;96419,
2026-07-10,2026-07-10T01:18:30,14,FPO,108871,Brook Johnson,905,108,24.0,0.0,0.0,0.0,0.0,0.0,0.0,26.9,116.5,97344,
2026-07-10,2026-07-10T01:18:30,14,FPO,109337,Cathy Kuhn,863,148,0.0,0.0,0.0,0.0,0.0,0.0,0.0,0.0,212.6,,
2026-07-10,2026-07-10T01:18:30,14,FPO,109996,Anniken Kristiansen Steen,962,16,700.29,0.22996,0.10077,1.0,1.0,0.12659,0.0,904.7,23.1,97344;96418;96419,
2026-07-10,2026-07-10T01:18:30,14,FPO,111487,Emily Weatherman,955,11,773.33,0.94284,0.94247,1.0,1.0,0.00034,0.0,1137.1,14.2,97341;96414;96415;96416;97344;96417;96418;96419,
2026-07-10,2026-07-10T01:18:30,14,FPO,112647,Hanna Huynh,963,22,561.0,0.94769,0.94637,1.0,1.0,0.00109,0.0,1166.4,13.4,97341;96414;96415;96416;97344;96417;96418;96419,
2026-07-10,2026-07-10T01:18:30,14,FPO,115503,Olivia Kindstedt,945,48,189.0,0.00991,0.0,0.32012,0.00043,0.00916,0.0,296.3,50.7,97344,
2026-07-10,2026-07-10T01:18:30,14,FPO,116694,Kristi Unt,934,89,45.0,0.0,0.0,0.0,0.0,0.0,0.0,45.0,99.8,,
2026-07-10,2026-07-10T01:18:30,14,FPO,121554,Elina Rydberg,903,111,23.25,0.0,0.0,0.0,0.0,0.0,0.0,23.2,121.8,,
2026-07-10,2026-07-10T01:18:30,14,FPO,124064,Shelby Cowen,914,56,127.0,1e-05,0.0,0.05045,0.0,0.0,0.0,207.0,58.2,97341;96414;96415;96417,
2026-07-10,2026-07-10T01:18:30,14,FPO,126226,Kati Chachere,843,174,0.0,0.0,0.0,0.0,0.0,0.0,0.0,2.0,190.7,97341,
2026-07-10,2026-07-10T01:18:30,14,FPO,128395,Michelle Saggboy,894,184,0.0,0.0,0.0,0.0,0.0,0.0,0.0,4.5,157.0,97341,
2026-07-10,2026-07-10T01:18:30,14,FPO,128532,Maarja Soasepp,892,91,42.0,0.0,0.0,0.0,0.0,0.0,0.0,42.0,101.4,,
2026-07-10,2026-07-10T01:18:30,14,FPO,130187,Kat Johnson,906,210,0.0,0.0,0.0,0.0,0.0,0.0,0.0,3.1,192.6,97344,
2026-07-10,2026-07-10T01:18:30,14,FPO,130342,Chantel Budinsky,955,81,58.5,0.01048,0.0,0.02018,5e-05,0.00866,0.0,157.8,67.9,97344,
2026-07-10,2026-07-10T01:18:30,14,FPO,130822,Hannah Manis,930,207,0.0,2e-05,0.0,4e-05,0.0,0.0,0.0,19.3,148.2,97344,
2026-07-10,2026-07-10T01:18:30,14,FPO,131583,Hannah Lengel,950,196,0.0,0.0076,0.0,0.00147,0.0,0.00104,0.0,111.6,75.6,96414;96417,
2026-07-10,2026-07-10T01:18:30,14,FPO,132291,Ashley Phelps,907,143,2.0,0.0,0.0,0.0,0.0,0.0,0.0,13.7,142.7,97341,
2026-07-10,2026-07-10T01:18:30,14,FPO,132627,Jenn Cazanov-Diggs,905,173,0.0,0.0,0.0,0.0,0.0,0.0,0.0,10.1,165.2,97341,
2026-07-10,2026-07-10T01:18:30,14,FPO,133547,Holyn Handley,987,1,1668.34,1.0,1.0,1.0,1.0,0.0,0.16933,2133.2,2.4,97341;96414;96415;96416;97344;96418;96419,
2026-07-10,2026-07-10T01:18:30,14,FPO,133701,Nathalie Ortiz,901,77,64.25,0.0,0.0,0.0,0.0,0.0,0.0,64.2,89.7,,
2026-07-10,2026-07-10T01:18:30,14,FPO,135383,Emma Arp,915,192,0.0,0.0,0.0,0.0,0.0,0.0,0.0,5.8,158.7,100195,
2026-07-10,2026-07-10T01:18:30,14,FPO,138272,Raven Klein,943,26,437.5,0.03253,0.00588,1.0,0.99825,0.02369,0.0,770.0,29.1,97341;96414;96415;96416;97344;96417;96418,
2026-07-10,2026-07-10T01:18:30,14,FPO,139109,Leah Tsinajinnie,925,83,53.0,0.0,0.0,0.00143,0.0,0.0,0.0,101.0,77.6,97341;97344,
2026-07-10,2026-07-10T01:18:30,14,FPO,139387,Hanna Jansson,892,86,50.25,0.0,0.0,0.0,0.0,0.0,0.0,50.2,95.6,,
2026-07-10,2026-07-10T01:18:30,14,FPO,139738,Megan Dophal,906,214,0.0,0.0,0.0,0.0,0.0,0.0,0.0,3.0,191.6,97344,
2026-07-10,2026-07-10T01:18:30,14,FPO,140660,María Eldey Kristínardóttir,917,66,91.5,0.0,0.0,0.0,0.0,0.0,0.0,91.5,77.9,,
2026-07-10,2026-07-10T01:18:30,14,FPO,140947,Nina Bennett,939,92,40.5,0.0014,0.0,0.00596,1e-05,0.00025,0.0,123.6,72.4,97344;96417,
2026-07-10,2026-07-10T01:18:30,14,FPO,142259,Katheryn Maloney,909,211,0.0,0.0,0.0,0.0,0.0,0.0,0.0,3.6,187.9,97344,
2026-07-10,2026-07-10T01:18:30,14,FPO,142354,Alexis Kerman,922,59,111.5,7e-05,0.0,0.36709,0.0,2e-05,0.0,256.5,53.6,97341;96414;96415;96416;97344;96417,
2026-07-10,2026-07-10T01:18:30,14,FPO,143423,Ember Simonis,909,204,0.0,0.0,0.0,0.0,0.0,0.0,0.0,3.7,177.9,97344,
2026-07-10,2026-07-10T01:18:30,14,FPO,143720,Jessica Kinard,907,198,0.0,0.0,0.0,0.0,0.0,0.0,0.0,25.6,120.5,96416,
2026-07-10,2026-07-10T01:18:30,14,FPO,144112,Ella Hansen,974,5,1214.08,1.0,1.0,1.0,1.0,0.0,0.0,1623.8,5.7,97341;96414;96415;96416;97344;96418;96419,
2026-07-10,2026-07-10T01:18:30,14,FPO,144791,Emily Yale,893,80,59.0,0.0,0.0,0.0,0.0,0.0,0.0,98.7,76.0,97341;96415;96416;97344,
2026-07-10,2026-07-10T01:18:30,14,FPO,146137,Dani K. Hart,950,33,349.5,0.0712,0.00877,1.0,0.99406,0.05312,0.0,770.3,29.1,97341;96414;96415;96416;97344;96417;96418,
2026-07-10,2026-07-10T01:18:30,14,FPO,146304,MJ Gager,932,50,160.5,0.0007,0.0,0.11206,1e-05,0.00063,0.0,237.2,55.4,97341;97344,
2026-07-10,2026-07-10T01:18:30,14,FPO,147050,Ali Smith,946,76,66.0,0.0023,0.0,0.00987,0.0,0.00194,0.0,155.9,66.1,97341,
2026-07-10,2026-07-10T01:18:30,14,FPO,147393,Sadie Shattuck,865,127,16.0,0.0,0.0,0.0,0.0,0.0,0.0,16.0,139.4,,
2026-07-10,2026-07-10T01:18:30,14,FPO,149548,VicToria Scott,887,217,0.0,0.0,0.0,0.0,0.0,0.0,0.0,2.0,189.1,97344,
2026-07-10,2026-07-10T01:18:30,14,FPO,149803,Candyce Boyce,890,100,33.0,0.0,0.0,0.0,0.0,0.0,0.0,33.0,109.2,,
2026-07-10,2026-07-10T01:18:30,14,FPO,150057,Hailey Huber,929,172,0.0,0.0,0.0,2e-05,0.0,0.0,0.0,41.9,113.3,97341,
2026-07-10,2026-07-10T01:18:30,14,FPO,151072,Jennifer Rice,895,123,18.0,0.0,0.0,0.0,0.0,0.0,0.0,18.0,134.9,,
2026-07-10,2026-07-10T01:18:30,14,FPO,152191,Kelley Foster,933,39,280.5,0.00199,0.0,1.0,0.18481,0.00144,0.0,496.1,39.3,97341;96414;96415;96416;96417;96418,
2026-07-10,2026-07-10T01:18:30,14,FPO,154098,Ariel Walker,938,93,38.25,0.00048,0.0,0.01808,1e-05,0.00036,0.0,137.7,70.2,97341;97344,
2026-07-10,2026-07-10T01:18:30,14,FPO,155026,Amanda Lennartsson,930,29,409.0,0.00049,0.0,1.0,0.00578,0.00046,0.0,430.4,41.8,96418,
2026-07-10,2026-07-10T01:18:30,14,FPO,156259,Ella Tejler,898,75,73.5,0.0,0.0,0.0,0.0,0.0,0.0,73.5,87.1,,
2026-07-10,2026-07-10T01:18:30,14,FPO,156781,Audrey Wicklander,893,200,0.0,0.0,0.0,0.0,0.0,0.0,0.0,2.1,181.8,97344,
2026-07-10,2026-07-10T01:18:30,14,FPO,157471,Nid Ovathanasin,935,128,15.0,6e-05,0.0,0.00071,0.0,1e-05,0.0,72.7,90.3,96414;97344,
2026-07-10,2026-07-10T01:18:30,14,FPO,158385,Destyne Martinez,865,144,2.0,0.0,0.0,0.0,0.0,0.0,0.0,2.0,166.4,,
2026-07-10,2026-07-10T01:18:30,14,FPO,158461,Shiru Liu,914,79,61.5,0.0,0.0,1e-05,0.0,0.0,0.0,80.1,84.0,97341,
2026-07-10,2026-07-10T01:18:30,14,FPO,160103,Jacquelyn DeLude,877,208,0.0,0.0,0.0,0.0,0.0,0.0,0.0,2.0,177.5,97344,
2026-07-10,2026-07-10T01:18:30,14,FPO,161231,Sarah May,856,188,0.0,0.0,0.0,0.0,0.0,0.0,0.0,2.0,169.5,97341,
2026-07-10,2026-07-10T01:18:30,14,FPO,161918,Addison Woodard,945,67,89.75,0.01244,0.0,0.92233,0.03785,0.00905,0.0,401.0,44.0,97341;96416;97344;96417;96418,
2026-07-10,2026-07-10T01:18:30,14,FPO,162735,Eden Fornoff,925,197,0.0,0.0,0.0,0.0,0.0,0.0,0.0,25.6,120.5,96416,
2026-07-10,2026-07-10T01:18:30,14,FPO,162896,Therese Cuevas,938,52,143.0,0.00203,0.0,0.32046,0.00034,0.00179,0.0,269.8,52.8,97341;97344,
2026-07-10,2026-07-10T01:18:30,14,FPO,164788,Alecia Hinkson,932,58,112.5,0.0005,0.0,0.02622,1e-05,0.00019,0.0,180.9,61.3,97344;96417,
2026-07-10,2026-07-10T01:18:30,14,FPO,165652,Ceci Vollbrecht,899,201,0.0,0.0,0.0,0.0,0.0,0.0,0.0,2.3,179.9,97344,
2026-07-10,2026-07-10T01:18:30,14,FPO,166082,Ashton Webberley,904,167,0.0,0.0,0.0,0.0,0.0,0.0,0.0,9.4,156.8,97341,
2026-07-10,2026-07-10T01:18:30,14,FPO,166749,Mackenzie Morris,871,181,0.0,0.0,0.0,0.0,0.0,0.0,0.0,2.1,165.2,97341,
2026-07-10,2026-07-10T01:18:30,14,FPO,167255,AK Kaestner,825,164,0.0,0.0,0.0,0.0,0.0,0.0,0.0,2.0,175.0,97341,
2026-07-10,2026-07-10T01:18:30,14,FPO,168863,Trinity Bryant,919,43,233.0,1e-05,0.0,0.99905,0.00046,0.0,0.0,347.7,46.5,97341;96414;96415;96416;97344;96418,
2026-07-10,2026-07-10T01:18:30,14,FPO,170182,Rebecca Minnick,866,103,29.0,0.0,0.0,0.0,0.0,0.0,0.0,29.0,112.6,,
2026-07-10,2026-07-10T01:18:30,14,FPO,173601,Marie Kielas,918,85,51.0,0.0,0.0,0.0,0.0,0.0,0.0,51.0,94.4,,
2026-07-10,2026-07-10T01:18:30,14,FPO,173883,Lillianne Waite,837,179,0.0,0.0,0.0,0.0,0.0,0.0,0.0,2.0,167.3,97341,
2026-07-10,2026-07-10T01:18:30,14,FPO,173961,Ellie Caldwell,852,191,0.0,0.0,0.0,0.0,0.0,0.0,0.0,0.1,200.1,100195,
2026-07-10,2026-07-10T01:18:30,14,FPO,176242,Morgan Lynds,931,68,87.75,1e-05,0.0,0.00084,0.0,1e-05,0.0,108.8,74.4,97344,
2026-07-10,2026-07-10T01:18:30,14,FPO,176243,Jordan Lynds,945,57,113.25,0.00703,0.0,0.16238,0.00033,0.00595,0.0,245.6,55.5,96414;97344,
2026-07-10,2026-07-10T01:18:30,14,FPO,176481,Karissa Dedmon,923,118,20.0,0.0,0.0,0.00015,0.0,0.0,0.0,62.6,93.9,97341;97344,
2026-07-10,2026-07-10T01:18:30,14,FPO,178707,Joleigh Miller,923,149,0.0,1e-05,0.0,1e-05,0.0,0.0,0.0,31.5,122.4,97341,
2026-07-10,2026-07-10T01:18:30,14,FPO,178748,Kendyl Sullivan,887,176,0.0,0.0,0.0,0.0,0.0,0.0,0.0,3.1,163.3,97341,
2026-07-10,2026-07-10T01:18:30,14,FPO,179200,Jamie Williams,863,154,0.0,0.0,0.0,0.0,0.0,0.0,0.0,0.0,204.4,,
2026-07-10,2026-07-10T01:18:30,14,FPO,179873,Jenny Larsson,916,82,54.0,0.0,0.0,0.0,0.0,0.0,0.0,54.0,93.0,,
2026-07-10,2026-07-10T01:18:30,14,FPO,181772,Ida Emilie Nesse,950,35,334.0,0.06481,0.00439,1.0,0.97371,0.05152,0.0,737.3,30.5,96414;96415;96416;97344;96417;96418,
2026-07-10,2026-07-10T01:18:30,14,FPO,182450,Kajsa Wahl,892,96,36.75,0.0,0.0,0.0,0.0,0.0,0.0,36.8,104.3,,
2026-07-10,2026-07-10T01:18:30,14,FPO,182582,Addison Clark,831,218,0.0,0.0,0.0,0.0,0.0,0.0,0.0,16.5,138.3,96417,
2026-07-10,2026-07-10T01:18:30,14,FPO,184609,Elva-Kate Preston,909,61,107.25,0.0,0.0,0.00171,0.0,0.0,0.0,165.5,62.7,100195;96414;96415;97344;96417,
2026-07-10,2026-07-10T01:18:30,14,FPO,184736,Jennifer Smiley,935,34,337.75,0.00538,0.0,1.0,0.46814,0.00467,0.0,554.1,37.2,97341;96414;96415;96416;97344;96417;96418,
2026-07-10,2026-07-10T01:18:30,14,FPO,185057,Josefine Johansson,927,71,81.0,0.0,0.0,0.00032,0.0,0.0,0.0,96.4,78.0,97344,
2026-07-10,2026-07-10T01:18:30,14,FPO,185534,Sofia Donnecke,964,23,547.5,0.22283,0.01068,1.0,0.99973,0.19683,0.0,807.2,27.5,96414;96418;96419,
2026-07-10,2026-07-10T01:18:30,14,FPO,185627,Athena Cuevas,866,130,14.0,0.0,0.0,0.0,0.0,0.0,0.0,14.0,140.8,,
2026-07-10,2026-07-10T01:18:30,14,FPO,186277,Kassandra Fog Wichmann,879,140,6.0,0.0,0.0,0.0,0.0,0.0,0.0,6.0,153.7,,
2026-07-10,2026-07-10T01:18:30,14,FPO,186629,Sanne Dalseth,861,132,13.5,0.0,0.0,0.0,0.0,0.0,0.0,13.5,142.3,,
2026-07-10,2026-07-10T01:18:30,14,FPO,188837,JJ Sun,883,157,0.0,0.0,0.0,0.0,0.0,0.0,0.0,0.0,205.0,,
2026-07-10,2026-07-10T01:18:30,14,FPO,189702,Taylor Chocek,950,13,749.95,0.55807,0.55228,1.0,1.0,0.00565,0.0,1023.1,18.1,97341;96414;96415;96416;96418;96419,
2026-07-10,2026-07-10T01:18:30,14,FPO,193215,Lexi Marx,928,178,0.0,3e-05,0.0,0.00135,0.0,1e-05,0.0,79.0,88.6,97341;96414;97344,
2026-07-10,2026-07-10T01:18:30,14,FPO,195549,Kylie Kohut,935,53,135.0,0.00142,0.0,0.53809,0.00024,0.0011,0.0,290.9,50.9,97341;100195;96414;96415,
2026-07-10,2026-07-10T01:18:30,14,FPO,195550,Peyton Kohut,913,84,52.5,0.0,0.0,0.0,0.0,0.0,0.0,86.8,81.0,100195;96414;96415,
2026-07-10,2026-07-10T01:18:30,14,FPO,196237,Kaire Tekku,928,73,78.75,0.0,0.0,0.0,0.0,0.0,0.0,78.8,84.2,,
2026-07-10,2026-07-10T01:18:30,14,FPO,197689,Isabella Parker,877,122,18.0,0.0,0.0,0.0,0.0,0.0,0.0,18.0,132.9,,
2026-07-10,2026-07-10T01:18:30,14,FPO,198446,Eliezra Midtlyng,944,14,746.58,0.28114,0.27258,1.0,1.0,0.00791,0.0,969.8,20.2,97341;96414;96415;96416;97344;96417;96418;96419,
2026-07-10,2026-07-10T01:18:30,14,FPO,198721,Hannah Kellar,887,104,29.0,0.0,0.0,0.0,0.0,0.0,0.0,32.1,110.3,97341,
2026-07-10,2026-07-10T01:18:30,14,FPO,202571,Elizabete Pēkšena,914,46,205.5,1e-05,0.0,0.01794,0.0,1e-05,0.0,217.0,57.2,97344;96418,
2026-07-10,2026-07-10T01:18:30,14,FPO,208576,Rebecca Don,960,10,801.99,0.97834,0.97819,1.0,1.0,0.00015,0.0,1189.4,12.7,97341;96414;96415;96416;97344;96418;96419,
2026-07-10,2026-07-10T01:18:30,14,FPO,209432,Eden Fletcher,899,94,38.0,0.0,0.0,0.0,0.0,0.0,0.0,38.0,103.2,,
2026-07-10,2026-07-10T01:18:30,14,FPO,209462,Erika Apple,854,171,0.0,0.0,0.0,0.0,0.0,0.0,0.0,2.0,186.8,97341,
2026-07-10,2026-07-10T01:18:30,14,FPO,210287,Mara Neal,863,182,0.0,0.0,0.0,0.0,0.0,0.0,0.0,2.0,165.3,97341,
2026-07-10,2026-07-10T01:18:30,14,FPO,210972,Kristýna Jurčíková,962,36,331.0,0.13293,2e-05,1.0,0.38803,0.12206,0.0,579.3,36.5,97344;96418,
2026-07-10,2026-07-10T01:18:30,14,FPO,214417,Fleur Verberk,896,205,0.0,0.0,0.0,0.0,0.0,0.0,0.0,2.2,181.2,97344,
2026-07-10,2026-07-10T01:18:30,14,FPO,215439,Sheliemae Lai,948,78,62.0,0.00352,0.0,0.01175,2e-05,0.00296,0.0,160.1,65.6,97341,
2026-07-10,2026-07-10T01:18:30,14,FPO,215495,Kelsey Martin,877,212,0.0,0.0,0.0,0.0,0.0,0.0,0.0,2.0,197.9,97344,
2026-07-10,2026-07-10T01:18:30,14,FPO,216558,Iida Lehtomäki,965,27,430.25,0.17733,3e-05,1.0,0.44734,0.16023,0.0,600.7,35.7,97344;96418,
2026-07-10,2026-07-10T01:18:30,14,FPO,217892,Katie Tews,889,175,0.0,0.0,0.0,0.0,0.0,0.0,0.0,3.4,181.8,97341,
2026-07-10,2026-07-10T01:18:30,14,FPO,218375,Tiia Nylén,886,161,0.0,0.0,0.0,0.0,0.0,0.0,0.0,0.0,212.0,,
2026-07-10,2026-07-10T01:18:30,14,FPO,218760,Sarah Duran,865,135,11.0,0.0,0.0,0.0,0.0,0.0,0.0,11.0,146.3,,
2026-07-10,2026-07-10T01:18:30,14,FPO,218779,Amanda Brightwell,831,165,0.0,0.0,0.0,0.0,0.0,0.0,0.0,2.0,173.9,97341,
2026-07-10,2026-07-10T01:18:30,14,FPO,219693,Anna Damberga,858,117,21.0,0.0,0.0,0.0,0.0,0.0,0.0,21.0,128.2,,
2026-07-10,2026-07-10T01:18:30,14,FPO,220605,Asta Hapulahti,911,159,0.0,0.0,0.0,0.0,0.0,0.0,0.0,0.0,207.0,,
2026-07-10,2026-07-10T01:18:30,14,FPO,221583,Evie Lou Ramey,896,193,0.0,0.0,0.0,0.0,0.0,0.0,0.0,3.0,183.8,100195,
2026-07-10,2026-07-10T01:18:30,14,FPO,222693,Tanisha Platero,856,189,0.0,0.0,0.0,0.0,0.0,0.0,0.0,2.0,170.0,97341,
2026-07-10,2026-07-10T01:18:30,14,FPO,222973,Martje Sumowski,929,101,33.0,0.0,0.0,0.0,0.0,0.0,0.0,33.0,109.8,,
2026-07-10,2026-07-10T01:18:30,14,FPO,223975,Laura Tatiana Niño Carranza,881,177,0.0,0.0,0.0,0.0,0.0,0.0,0.0,4.4,157.0,97341;97344,
2026-07-10,2026-07-10T01:18:30,14,FPO,224238,Julia Fors,951,28,428.5,0.04341,2e-05,1.0,0.58679,0.04113,0.0,594.2,35.9,97344;96418,
2026-07-10,2026-07-10T01:18:30,14,FPO,225016,Naomi Suyat,869,156,0.0,0.0,0.0,0.0,0.0,0.0,0.0,0.0,204.0,,
2026-07-10,2026-07-10T01:18:30,14,FPO,227315,Sarah Wadsworth,901,194,0.0,0.0,0.0,0.0,0.0,0.0,0.0,17.1,135.5,100195;96415,
2026-07-10,2026-07-10T01:18:30,14,FPO,228486,Stefani Ewell,857,136,10.0,0.0,0.0,0.0,0.0,0.0,0.0,10.0,147.6,,
2026-07-10,2026-07-10T01:18:30,14,FPO,229526,Sintija Klezberga,951,15,737.5,0.55767,0.55155,1.0,1.0,0.00543,0.0,1021.5,18.2,97341;96414;96415;97344;96417;96418;96419,
2026-07-10,2026-07-10T01:18:30,14,FPO,231650,Tailey Rowley,913,65,92.25,0.0,0.0,0.00028,0.0,0.0,0.0,114.8,72.1,97341;97344,
2026-07-10,2026-07-10T01:18:30,14,FPO,232666,Rebecka Hoppe,857,141,6.0,0.0,0.0,0.0,0.0,0.0,0.0,6.0,153.5,,
2026-07-10,2026-07-10T01:18:30,14,FPO,232722,Julia Hauch,904,209,0.0,0.0,0.0,0.0,0.0,0.0,0.0,2.8,179.1,97344,
2026-07-10,2026-07-10T01:18:30,14,FPO,235368,Madalyn Payton,897,146,0.0,0.0,0.0,0.0,0.0,0.0,0.0,0.0,210.0,,
2026-07-10,2026-07-10T01:18:30,14,FPO,238187,Ann Deputy,925,72,80.25,1e-05,0.0,0.00023,0.0,0.0,0.0,93.4,79.2,97344,
2026-07-10,2026-07-10T01:18:30,14,FPO,240590,Amelia Saechao,875,110,24.0,0.0,0.0,0.0,0.0,0.0,0.0,24.0,119.8,,
2026-07-10,2026-07-10T01:18:30,14,FPO,242116,Eva Lutsenko,920,113,21.75,0.0,0.0,0.0,0.0,0.0,0.0,21.8,125.5,,
2026-07-10,2026-07-10T01:18:30,14,FPO,242331,Ida Kennmark,852,131,13.5,0.0,0.0,0.0,0.0,0.0,0.0,13.5,142.4,,
2026-07-10,2026-07-10T01:18:30,14,FPO,245180,Chelsea Sutton,865,169,0.0,0.0,0.0,0.0,0.0,0.0,0.0,2.0,178.8,97341,
2026-07-10,2026-07-10T01:18:30,14,FPO,245306,Netta Leppäaho,939,62,105.75,0.0,0.0,0.0,0.0,0.0,0.0,105.8,73.7,,
2026-07-10,2026-07-10T01:18:30,14,FPO,245317,Sophi Stephenson,859,133,12.0,0.0,0.0,0.0,0.0,0.0,0.0,12.0,144.1,,
2026-07-10,2026-07-10T01:18:30,14,FPO,254333,Jess Zilch,872,120,19.5,0.0,0.0,0.0,0.0,0.0,0.0,19.5,130.1,,
2026-07-10,2026-07-10T01:18:30,14,FPO,255962,Samantha Zaborowski,904,216,0.0,0.0,0.0,0.0,0.0,0.0,0.0,2.8,176.6,97344,
2026-07-10,2026-07-10T01:18:30,14,FPO,256846,Lea Tomas,885,213,0.0,0.0,0.0,0.0,0.0,0.0,0.0,2.0,195.8,97344,
2026-07-10,2026-07-10T01:18:30,14,FPO,259972,Marion Mattsson,854,134,11.25,0.0,0.0,0.0,0.0,0.0,0.0,11.2,145.3,,
2026-07-10,2026-07-10T01:18:30,14,FPO,261058,Jessica Erickson,885,87,49.0,0.0,0.0,0.0,0.0,0.0,0.0,49.0,97.1,,
2026-07-10,2026-07-10T01:18:30,14,FPO,261216,Victoria Christensen,868,125,17.25,0.0,0.0,0.0,0.0,0.0,0.0,17.2,136.6,,
2026-07-10,2026-07-10T01:18:30,14,FPO,268900,Natalie Berg,883,119,19.5,0.0,0.0,0.0,0.0,0.0,0.0,19.5,130.2,,
2026-07-10,2026-07-10T01:18:30,14,FPO,269838,Daisy Kelly,876,155,0.0,0.0,0.0,0.0,0.0,0.0,0.0,0.0,203.0,,
2026-07-10,2026-07-10T01:18:30,14,FPO,277832,Chandler Reigh,937,30,406.25,0.01236,0.00017,1.0,0.97149,0.01107,0.0,682.6,32.8,97341;100195;96414;96415;96416;97344;96417;96418,
2026-07-10,2026-07-10T01:18:30,14,FPO,278324,Kristi Prik,873,160,0.0,0.0,0.0,0.0,0.0,0.0,0.0,0.0,208.0,,
2026-07-10,2026-07-10T01:18:30,14,FPO,278450,Brit Hamburg-Kiin,848,106,28.5,0.0,0.0,0.0,0.0,0.0,0.0,28.5,114.4,,
2026-07-10,2026-07-10T01:18:30,14,FPO,279466,Gry Nagel,810,124,18.0,0.0,0.0,0.0,0.0,0.0,0.0,18.0,135.0,,
2026-07-10,2026-07-10T01:18:30,14,FPO,281626,Una Lokmane,871,105,28.5,0.0,0.0,0.0,0.0,0.0,0.0,28.5,113.8,,
2026-07-10,2026-07-10T01:18:30,14,FPO,284553,Katherine Aydelott,861,142,4.0,0.0,0.0,0.0,0.0,0.0,0.0,6.0,153.3,97341,
2026-07-10,2026-07-10T01:18:30,14,FPO,285033,Karolína Jurčíková,898,163,0.0,0.0,0.0,0.0,0.0,0.0,0.0,0.0,209.7,,
2026-07-10,2026-07-10T01:18:30,14,FPO,286978,Michelle Southworth,805,185,0.0,0.0,0.0,0.0,0.0,0.0,0.0,2.0,170.9,97341,
2026-07-10,2026-07-10T01:18:30,14,FPO,288014,Jordan Coomes,847,121,18.0,0.0,0.0,0.0,0.0,0.0,0.0,18.0,133.0,,
2026-07-10,2026-07-10T01:18:30,14,FPO,297287,Marta Villa,849,183,0.0,0.0,0.0,0.0,0.0,0.0,0.0,2.0,162.4,97341,
2026-07-10,2026-07-10T01:18:30,14,FPO,302765,Grace Wilson,891,206,0.0,0.0,0.0,0.0,0.0,0.0,0.0,2.1,179.8,97344,
2026-07-10,2026-07-10T01:18:30,14,FPO,308525,Saga Dahlstedt,906,55,127.5,0.0,0.0,0.0,0.0,0.0,0.0,127.5,69.0,,
2026-07-10,2026-07-10T01:18:30,14,FPO,311218,Mina Alme,891,98,35.25,0.0,0.0,0.0,0.0,0.0,0.0,35.2,106.6,,
2026-07-11,2026-07-11T06:54:30,14,FPO,3024,Chris O'Cleary,914,202,0.0,0.0,0.0,0.0,0.0,0.0,0.0,5.2,174.3,97344,
2026-07-11,2026-07-11T06:54:30,14,FPO,3090,Elaine King,890,203,0.0,0.0,0.0,0.0,0.0,0.0,0.0,2.1,181.6,97344,
2026-07-11,2026-07-11T06:54:30,14,FPO,8803,Ruth Steele,872,186,0.0,0.0,0.0,0.0,0.0,0.0,0.0,2.1,162.9,97341,
2026-07-11,2026-07-11T06:54:30,14,FPO,15354,Jennifer Allen,970,37,313.0,0.38448,0.0515,1.0,0.98264,0.27877,0.0,826.0,26.5,96414;96415;97344;96418,
2026-07-11,2026-07-11T06:54:30,14,FPO,27832,Kona Star Montgomery,946,24,478.0,0.08485,0.05406,1.0,1.0,0.02742,0.0,861.5,24.9,97341;96414;96415;96416;97344;96417;96418;96419,
2026-07-11,2026-07-11T06:54:30,14,FPO,29190,Paige Pierce,968,17,693.17,0.93281,0.92968,1.0,1.0,0.00306,0.0,1148.5,13.9,97341;96414;96416;97344;96418;96419,
2026-07-11,2026-07-11T06:54:30,14,FPO,29947,Stephanie Vincent,925,107,28.0,0.0,0.0,0.0,0.0,0.0,0.0,28.0,115.6,,
2026-07-11,2026-07-11T06:54:30,14,FPO,31041,Sheila Teves,883,153,0.0,0.0,0.0,0.0,0.0,0.0,0.0,0.0,213.4,,
2026-07-11,2026-07-11T06:54:30,14,FPO,32654,Lisa Fajkus,959,21,593.83,0.40025,0.35088,1.0,1.0,0.04144,0.0,979.4,19.8,96414;96415;96416;96417;96418;96419,
2026-07-11,2026-07-11T06:54:30,14,FPO,32917,Rebecca Cox,952,31,397.0,0.09156,0.01742,1.0,0.99692,0.06275,0.0,796.3,27.9,96414;96415;96416;97344;96417;96418,
2026-07-11,2026-07-11T06:54:30,14,FPO,32925,Lindsay Fish,883,180,0.0,0.0,0.0,0.0,0.0,0.0,0.0,2.6,166.6,97341,
2026-07-11,2026-07-11T06:54:30,14,FPO,34563,Sarah Hokom,949,63,101.0,0.02832,0.0,0.97562,0.0896,0.01954,0.0,446.8,41.9,96414;96415;96416;97344;96417;96418,
2026-07-11,2026-07-11T06:54:30,14,FPO,35321,Sofie Björlycke,932,70,83.25,0.0,0.0,0.0,0.0,0.0,0.0,83.2,81.2,,
2026-07-11,2026-07-11T06:54:30,14,FPO,35774,Camilla Jernberg,898,139,7.5,0.0,0.0,0.0,0.0,0.0,0.0,7.5,151.2,,
2026-07-11,2026-07-11T06:54:30,14,FPO,36307,Amanda Branch,887,199,0.0,0.0,0.0,0.0,0.0,0.0,0.0,2.0,181.0,97344,
2026-07-11,2026-07-11T06:54:30,14,FPO,39504,Zoe AnDyke,928,74,77.0,0.0,0.0,0.0,0.0,0.0,0.0,77.0,85.4,,
2026-07-11,2026-07-11T06:54:30,14,FPO,43995,Taylor Foth,899,151,0.0,0.0,0.0,0.0,0.0,0.0,0.0,0.0,215.0,,
2026-07-11,2026-07-11T06:54:30,14,FPO,44184,Catrina Allen,963,7,1010.08,1.0,1.0,1.0,1.0,0.0,0.0,1355.6,9.0,97341;100195;96414;96415;96416;97344;96417;96418;96419,
2026-07-11,2026-07-11T06:54:30,14,FPO,45407,Brittney Armentrout,851,168,0.0,0.0,0.0,0.0,0.0,0.0,0.0,2.0,187.6,97341,
2026-07-11,2026-07-11T06:54:30,14,FPO,48199,Alison Blakeman,866,158,0.0,0.0,0.0,0.0,0.0,0.0,0.0,0.0,206.0,,
2026-07-11,2026-07-11T06:54:30,14,FPO,48976,Ohn Scoggins,989,4,1219.0,1.0,1.0,1.0,1.0,0.0,0.38222,2198.4,1.9,97341;100195;96414;96415;96416;97344;96417;96418;96419,
2026-07-11,2026-07-11T06:54:30,14,FPO,50656,Jessica Gurthie,955,20,608.0,1.0,0.82702,1.0,1.0,0.00247,0.0,1097.5,15.5,97341;96414;96415;96416;97344;96417;96418;96419,
2026-07-11,2026-07-11T06:54:30,14,FPO,51277,Holly Finley,929,45,214.0,0.0005,0.0,0.9765,0.00097,0.00019,0.0,336.2,47.6,96414;96415;97344;96417;96418,
2026-07-11,2026-07-11T06:54:30,14,FPO,57529,Hannele Määttä,915,161,0.0,0.0,0.0,0.0,0.0,0.0,0.0,0.0,212.0,,
2026-07-11,2026-07-11T06:54:30,14,FPO,58303,Sai Ananda,943,187,0.0,0.00096,0.0,0.01469,0.0,0.00066,0.0,123.0,75.5,97341;97344,
2026-07-11,2026-07-11T06:54:30,14,FPO,59227,Henna Blomroos,974,9,890.0,1.0,0.99939,1.0,1.0,1e-05,0.0,1279.1,10.5,97341;96414;97344;96418;96419,
2026-07-11,2026-07-11T06:54:30,14,FPO,59431,Madison Walker,952,19,646.83,0.22135,0.18131,1.0,1.0,0.0349,0.0,932.2,21.8,97341;96414;96415;96416;97344;96417;96418;96419,
2026-07-11,2026-07-11T06:54:30,14,FPO,60798,Madison Tomaino,919,69,83.5,0.0,0.0,3e-05,0.0,0.0,0.0,120.0,70.8,96416,
2026-07-11,2026-07-11T06:54:30,14,FPO,61144,Emily Beach,895,147,0.0,0.0,0.0,0.0,0.0,0.0,0.0,0.0,209.2,,
2026-07-11,2026-07-11T06:54:30,14,FPO,61990,Katka Boďová,922,88,48.0,0.0,0.0,0.0,0.0,0.0,0.0,48.0,97.8,,
2026-07-11,2026-07-11T06:54:30,14,FPO,62879,Valerie Mandujano,975,18,673.16,0.99999,0.99999,1.0,1.0,0.0,0.0,1478.3,7.3,97341;96414;96415;96416;97344;96417;96418;96419,
2026-07-11,2026-07-11T06:54:30,14,FPO,62880,Alexis Mandujano,960,32,352.5,0.24747,0.12423,1.0,0.99944,0.10103,0.0,887.5,23.8,96414;96415;96416;97344;96417;96418;96419,
2026-07-11,2026-07-11T06:54:30,14,FPO,63257,Maria Oliva,917,42,237.0,3e-05,0.0,0.99979,6e-05,0.0,0.0,333.8,47.6,96414;96415;96416;97344;96417;96418,
2026-07-11,2026-07-11T06:54:30,14,FPO,64927,Eveliina Salonen,982,6,1164.67,1.0,1.0,1.0,1.0,0.0,0.0,1618.8,5.7,97341;96414;97344;96418;96419,
2026-07-11,2026-07-11T06:54:30,14,FPO,65489,Lauren Butler,919,51,157.75,2e-05,0.0,0.146,0.0,1e-05,0.0,237.6,55.3,96414;96415;97344;96417,
2026-07-11,2026-07-11T06:54:30,14,FPO,66063,Ashlee Johnson,864,152,0.0,0.0,0.0,0.0,0.0,0.0,0.0,0.0,216.0,,
2026-07-11,2026-07-11T06:54:30,14,FPO,66599,Heidi Laine,963,12,764.75,0.97255,0.97218,1.0,1.0,0.00036,0.0,1183.2,12.9,97341;96414;96415;96416;97344;96418;96419,
2026-07-11,2026-07-11T06:54:30,14,FPO,69584,Danielle Weigandt,853,170,0.0,0.0,0.0,0.0,0.0,0.0,0.0,2.0,180.7,97341,
2026-07-11,2026-07-11T06:54:30,14,FPO,71262,Erika Stinchcomb,920,44,222.25,4e-05,0.0,0.99885,0.00085,1e-05,0.0,349.7,46.6,97341;96414;96415;96416;97344;96417;96418,
2026-07-11,2026-07-11T06:54:30,14,FPO,72635,Kersti Miller,889,99,34.5,0.0,0.0,0.0,0.0,0.0,0.0,34.5,107.6,,
2026-07-11,2026-07-11T06:54:30,14,FPO,74708,Casey Pennington,922,95,37.5,0.0,0.0,1e-05,0.0,0.0,0.0,67.4,89.3,97341,
2026-07-11,2026-07-11T06:54:30,14,FPO,75029,Cynthia Ricciotti,917,60,107.25,4e-05,0.0,0.01173,0.0,0.0,0.0,182.6,60.8,100195;96414;96415;97344;96417,
2026-07-11,2026-07-11T06:54:30,14,FPO,76009,Virginia Polkinghorne,889,195,0.0,0.0,0.0,0.0,0.0,0.0,0.0,2.0,194.2,100195,
2026-07-11,2026-07-11T06:54:30,14,FPO,77385,Matilda Ringbom,938,40,274.0,0.00201,0.0,0.89843,3e-05,0.0019,0.0,310.3,49.6,96418,
2026-07-11,2026-07-11T06:54:30,14,FPO,78232,Tiger Borth,899,116,21.0,0.0,0.0,0.0,0.0,0.0,0.0,23.3,122.4,97344,
2026-07-11,2026-07-11T06:54:30,14,FPO,79233,Cadence Burge,971,64,95.25,0.4366,0.02733,0.99997,0.90784,0.30332,0.0,771.4,28.8,96414;96415;96416;97344;96417;96418,
2026-07-11,2026-07-11T06:54:30,14,FPO,80935,Lindsey Maas,902,102,32.25,0.0,0.0,0.0,0.0,0.0,0.0,39.8,102.7,96414;97344,
2026-07-11,2026-07-11T06:54:30,14,FPO,82809,Alex von Stade,892,112,22.0,0.0,0.0,0.0,0.0,0.0,0.0,22.0,124.0,,
2026-07-11,2026-07-11T06:54:30,14,FPO,83376,Cassandra Lioi,889,138,8.0,0.0,0.0,0.0,0.0,0.0,0.0,8.0,150.2,,
2026-07-11,2026-07-11T06:54:30,14,FPO,84279,Kaidi Allsalu,951,47,203.62,0.02665,0.0,0.0,0.0,0.02519,0.0,284.4,51.8,,
2026-07-11,2026-07-11T06:54:30,14,FPO,85189,Samantha Bonacci,865,126,16.5,0.0,0.0,0.0,0.0,0.0,0.0,21.8,125.7,96415,
2026-07-11,2026-07-11T06:54:30,14,FPO,85484,Anneli Tõugjas-Männiste,959,25,456.0,0.21471,0.08975,1.0,0.99989,0.10098,0.0,876.8,24.3,97341;96414;96415;97344;96417;96418;96419,
2026-07-11,2026-07-11T06:54:30,14,FPO,85942,Missy Gannon,984,3,1311.5,1.0,1.0,1.0,1.0,0.0,0.00288,1875.0,4.0,97341;96414;96415;96416;97344;96417;96418;96419,
2026-07-11,2026-07-11T06:54:30,14,FPO,87094,Rose Shertick,906,215,0.0,0.0,0.0,0.0,0.0,0.0,0.0,3.0,193.7,97344,
2026-07-11,2026-07-11T06:54:30,14,FPO,87443,Andrea Cammack,874,166,0.0,0.0,0.0,0.0,0.0,0.0,0.0,2.1,173.9,97341,
2026-07-11,2026-07-11T06:54:30,14,FPO,94085,Keiti Tätte,954,49,184.12,0.02614,0.0,0.0,0.0,0.02464,0.0,243.2,55.7,,
2026-07-11,2026-07-11T06:54:30,14,FPO,96090,Sonja Laine,899,97,36.0,0.0,0.0,0.0,0.0,0.0,0.0,36.0,104.8,,
2026-07-11,2026-07-11T06:54:30,14,FPO,96480,Tori Pasquin,833,190,0.0,0.0,0.0,0.0,0.0,0.0,0.0,2.0,170.9,97341,
2026-07-11,2026-07-11T06:54:30,14,FPO,97238,Jannicke Hjemli,863,137,9.75,0.0,0.0,0.0,0.0,0.0,0.0,9.8,148.8,,
2026-07-11,2026-07-11T06:54:30,14,FPO,99441,Lykke Lorentzen,923,90,43.0,0.0,0.0,1e-05,0.0,0.0,0.0,60.9,90.9,100195;97344,
2026-07-11,2026-07-11T06:54:30,14,FPO,99455,Kat Mertsch,966,8,938.67,0.99995,0.99995,1.0,1.0,0.0,0.0,1350.7,9.1,97341;96414;96415;96416;97344;96417;96418;96419,
2026-07-11,2026-07-11T06:54:30,14,FPO,101949,Ratana McMahon,894,54,129.75,0.0,0.0,0.0,0.0,0.0,0.0,140.2,66.2,96415,
2026-07-11,2026-07-11T06:54:30,14,FPO,102024,Danielle Keen,906,150,0.0,0.0,0.0,0.0,0.0,0.0,0.0,0.0,214.0,,
2026-07-11,2026-07-11T06:54:30,14,FPO,103743,Karen Martel,924,129,15.0,1e-05,0.0,1e-05,0.0,0.0,0.0,27.0,125.9,97344,
2026-07-11,2026-07-11T06:54:30,14,FPO,104187,Macie Velediaz,957,38,294.67,0.11036,0.00057,1.0,0.70527,0.08844,0.0,639.9,34.2,96414;97344;96417;96418,
2026-07-11,2026-07-11T06:54:30,14,FPO,104314,Violet Main,947,41,250.0,0.0219,0.0,1.0,0.23856,0.01643,0.0,512.9,38.9,97341;96414;97344;96417;96418,
2026-07-11,2026-07-11T06:54:30,14,FPO,104814,Ellie Bryant,900,115,21.75,0.0,0.0,0.0,0.0,0.0,0.0,28.8,115.9,97341,
2026-07-11,2026-07-11T06:54:30,14,FPO,105126,Aria Castruita,949,145,0.0,0.0008,0.0,0.00087,0.0,0.00029,0.0,88.3,84.3,97341,
2026-07-11,2026-07-11T06:54:30,14,FPO,106489,Anna Pinter,875,114,21.75,0.0,0.0,0.0,0.0,0.0,0.0,21.8,126.1,,
2026-07-11,2026-07-11T06:54:30,14,FPO,107297,Maria Liivamägi,873,109,24.0,0.0,0.0,0.0,0.0,0.0,0.0,24.0,119.1,,
2026-07-11,2026-07-11T06:54:30,14,FPO,107335,Silva Saarinen,990,2,1414.84,1.0,1.0,1.0,1.0,0.0,0.44504,2213.7,1.8,97341;96414;96415;96416;97344;96418;96419,
2026-07-11,2026-07-11T06:54:30,14,FPO,108871,Brook Johnson,905,108,24.0,0.0,0.0,0.0,0.0,0.0,0.0,26.9,116.5,97344,
2026-07-11,2026-07-11T06:54:30,14,FPO,109337,Cathy Kuhn,863,148,0.0,0.0,0.0,0.0,0.0,0.0,0.0,0.0,212.6,,
2026-07-11,2026-07-11T06:54:30,14,FPO,109996,Anniken Kristiansen Steen,962,16,700.29,0.23083,0.10275,1.0,1.0,0.12556,0.0,904.3,23.0,97344;96418;96419,
2026-07-11,2026-07-11T06:54:30,14,FPO,111487,Emily Weatherman,955,11,773.33,0.94211,0.94177,1.0,1.0,0.00032,0.0,1135.2,14.2,97341;96414;96415;96416;97344;96417;96418;96419,
2026-07-11,2026-07-11T06:54:30,14,FPO,112647,Hanna Huynh,963,22,561.0,0.9471,0.94575,1.0,1.0,0.00111,0.0,1164.5,13.4,97341;96414;96415;96416;97344;96417;96418;96419,
2026-07-11,2026-07-11T06:54:30,14,FPO,115503,Olivia Kindstedt,945,48,189.0,0.00946,0.0,0.30382,0.00042,0.00871,0.0,295.1,51.0,97344,
2026-07-11,2026-07-11T06:54:30,14,FPO,116694,Kristi Unt,934,89,45.0,0.0,0.0,0.0,0.0,0.0,0.0,45.0,99.2,,
2026-07-11,2026-07-11T06:54:30,14,FPO,121554,Elina Rydberg,903,111,23.25,0.0,0.0,0.0,0.0,0.0,0.0,23.2,121.8,,
2026-07-11,2026-07-11T06:54:30,14,FPO,124064,Shelby Cowen,914,56,127.0,1e-05,0.0,0.04204,0.0,0.0,0.0,204.9,58.5,97341;96414;96415;96417,
2026-07-11,2026-07-11T06:54:30,14,FPO,126226,Kati Chachere,843,174,0.0,0.0,0.0,0.0,0.0,0.0,0.0,2.0,190.7,97341,
2026-07-11,2026-07-11T06:54:30,14,FPO,128395,Michelle Saggboy,894,184,0.0,0.0,0.0,0.0,0.0,0.0,0.0,4.5,157.0,97341,
2026-07-11,2026-07-11T06:54:30,14,FPO,128532,Maarja Soasepp,892,91,42.0,0.0,0.0,0.0,0.0,0.0,0.0,42.0,100.7,,
2026-07-11,2026-07-11T06:54:30,14,FPO,130187,Kat Johnson,906,210,0.0,0.0,0.0,0.0,0.0,0.0,0.0,3.1,192.5,97344,
2026-07-11,2026-07-11T06:54:30,14,FPO,130342,Chantel Budinsky,955,81,58.5,0.03918,0.0,0.15751,0.00085,0.02688,0.0,260.9,55.2,97344;96417,
2026-07-11,2026-07-11T06:54:30,14,FPO,130822,Hannah Manis,930,207,0.0,2e-05,0.0,3e-05,0.0,0.0,0.0,19.3,148.2,97344,
2026-07-11,2026-07-11T06:54:30,14,FPO,131583,Hannah Lengel,950,196,0.0,0.00731,0.0,0.00125,0.0,0.00089,0.0,110.1,76.0,96414;96417,
2026-07-11,2026-07-11T06:54:30,14,FPO,132291,Ashley Phelps,907,143,2.0,0.0,0.0,0.0,0.0,0.0,0.0,13.7,142.7,97341,
2026-07-11,2026-07-11T06:54:30,14,FPO,132627,Jenn Cazanov-Diggs,905,173,0.0,0.0,0.0,0.0,0.0,0.0,0.0,10.1,165.1,97341,
2026-07-11,2026-07-11T06:54:30,14,FPO,133547,Holyn Handley,987,1,1668.34,1.0,1.0,1.0,1.0,0.0,0.16986,2133.0,2.4,97341;96414;96415;96416;97344;96418;96419,
2026-07-11,2026-07-11T06:54:30,14,FPO,133701,Nathalie Ortiz,901,77,64.25,0.0,0.0,0.0,0.0,0.0,0.0,64.2,89.6,,
2026-07-11,2026-07-11T06:54:30,14,FPO,135383,Emma Arp,915,192,0.0,0.0,0.0,0.0,0.0,0.0,0.0,5.8,158.7,100195,
2026-07-11,2026-07-11T06:54:30,14,FPO,138272,Raven Klein,943,26,437.5,0.03232,0.00588,1.0,0.99811,0.02354,0.0,768.3,29.1,97341;96414;96415;96416;97344;96417;96418,
2026-07-11,2026-07-11T06:54:30,14,FPO,139109,Leah Tsinajinnie,925,83,53.0,0.0,0.0,0.00138,0.0,0.0,0.0,101.0,77.7,97341;97344,
2026-07-11,2026-07-11T06:54:30,14,FPO,139387,Hanna Jansson,892,86,50.25,0.0,0.0,0.0,0.0,0.0,0.0,50.2,95.1,,
2026-07-11,2026-07-11T06:54:30,14,FPO,139738,Megan Dophal,906,214,0.0,0.0,0.0,0.0,0.0,0.0,0.0,3.0,191.6,97344,
2026-07-11,2026-07-11T06:54:30,14,FPO,140660,María Eldey Kristínardóttir,917,66,91.5,0.0,0.0,0.0,0.0,0.0,0.0,91.5,78.0,,
2026-07-11,2026-07-11T06:54:30,14,FPO,140947,Nina Bennett,939,92,40.5,0.00139,0.0,0.00543,1e-05,0.00027,0.0,122.2,72.8,97344;96417,
2026-07-11,2026-07-11T06:54:30,14,FPO,142259,Katheryn Maloney,909,211,0.0,0.0,0.0,0.0,0.0,0.0,0.0,3.6,187.9,97344,
2026-07-11,2026-07-11T06:54:30,14,FPO,142354,Alexis Kerman,922,59,111.5,7e-05,0.0,0.33025,0.0,2e-05,0.0,254.2,54.0,97341;96414;96415;96416;97344;96417,
2026-07-11,2026-07-11T06:54:30,14,FPO,143423,Ember Simonis,909,204,0.0,0.0,0.0,0.0,0.0,0.0,0.0,3.7,177.9,97344,
2026-07-11,2026-07-11T06:54:30,14,FPO,143720,Jessica Kinard,907,198,0.0,0.0,0.0,0.0,0.0,0.0,0.0,25.6,120.4,96416,
2026-07-11,2026-07-11T06:54:30,14,FPO,144112,Ella Hansen,974,5,1214.08,1.0,1.0,1.0,1.0,0.0,0.0,1623.4,5.7,97341;96414;96415;96416;97344;96418;96419,
2026-07-11,2026-07-11T06:54:30,14,FPO,144791,Emily Yale,893,80,59.0,0.0,0.0,0.0,0.0,0.0,0.0,98.2,76.3,97341;96415;96416;97344,
2026-07-11,2026-07-11T06:54:30,14,FPO,146137,Dani K. Hart,950,33,349.5,0.07077,0.00874,1.0,0.9934,0.05277,0.0,767.9,29.1,97341;96414;96415;96416;97344;96417;96418,
2026-07-11,2026-07-11T06:54:30,14,FPO,146304,MJ Gager,932,50,160.5,0.00068,0.0,0.10447,1e-05,0.00061,0.0,236.5,55.6,97341;97344,
2026-07-11,2026-07-11T06:54:30,14,FPO,147050,Ali Smith,946,76,66.0,0.00221,0.0,0.00921,0.0,0.00186,0.0,155.4,66.2,97341,
2026-07-11,2026-07-11T06:54:30,14,FPO,147393,Sadie Shattuck,865,127,16.0,0.0,0.0,0.0,0.0,0.0,0.0,16.0,139.3,,
2026-07-11,2026-07-11T06:54:30,14,FPO,149548,VicToria Scott,887,217,0.0,0.0,0.0,0.0,0.0,0.0,0.0,2.0,189.1,97344,
2026-07-11,2026-07-11T06:54:30,14,FPO,149803,Candyce Boyce,890,100,33.0,0.0,0.0,0.0,0.0,0.0,0.0,33.0,109.2,,
2026-07-11,2026-07-11T06:54:30,14,FPO,150057,Hailey Huber,929,172,0.0,0.0,0.0,2e-05,0.0,0.0,0.0,41.9,113.2,97341,
2026-07-11,2026-07-11T06:54:30,14,FPO,151072,Jennifer Rice,895,123,18.0,0.0,0.0,0.0,0.0,0.0,0.0,18.0,134.9,,
2026-07-11,2026-07-11T06:54:30,14,FPO,152191,Kelley Foster,933,39,280.5,0.00193,0.0,1.0,0.1749,0.00138,0.0,493.2,39.4,97341;96414;96415;96416;96417;96418,
2026-07-11,2026-07-11T06:54:30,14,FPO,154098,Ariel Walker,938,93,38.25,0.00045,0.0,0.01674,1e-05,0.00033,0.0,137.5,70.3,97341;97344,
2026-07-11,2026-07-11T06:54:30,14,FPO,155026,Amanda Lennartsson,930,29,409.0,0.00047,0.0,1.0,0.00585,0.00044,0.0,430.0,42.0,96418,
2026-07-11,2026-07-11T06:54:30,14,FPO,156259,Ella Tejler,898,75,73.5,0.0,0.0,0.0,0.0,0.0,0.0,73.5,87.1,,
2026-07-11,2026-07-11T06:54:30,14,FPO,156781,Audrey Wicklander,893,200,0.0,0.0,0.0,0.0,0.0,0.0,0.0,2.1,181.8,97344,
2026-07-11,2026-07-11T06:54:30,14,FPO,157471,Nid Ovathanasin,935,128,15.0,6e-05,0.0,0.00064,0.0,1e-05,0.0,72.7,90.2,96414;97344,
2026-07-11,2026-07-11T06:54:30,14,FPO,158385,Destyne Martinez,865,144,2.0,0.0,0.0,0.0,0.0,0.0,0.0,2.0,166.4,,
2026-07-11,2026-07-11T06:54:30,14,FPO,158461,Shiru Liu,914,79,61.5,0.0,0.0,2e-05,0.0,0.0,0.0,80.1,84.0,97341,
2026-07-11,2026-07-11T06:54:30,14,FPO,160103,Jacquelyn DeLude,877,208,0.0,0.0,0.0,0.0,0.0,0.0,0.0,2.0,177.5,97344,
2026-07-11,2026-07-11T06:54:30,14,FPO,161231,Sarah May,856,188,0.0,0.0,0.0,0.0,0.0,0.0,0.0,2.0,169.5,97341,
2026-07-11,2026-07-11T06:54:30,14,FPO,161918,Addison Woodard,945,67,89.75,0.0138,0.0,0.97992,0.0941,0.00974,0.0,442.9,42.0,97341;96415;96416;97344;96417;96418,
2026-07-11,2026-07-11T06:54:30,14,FPO,162735,Eden Fornoff,925,197,0.0,0.0,0.0,0.0,0.0,0.0,0.0,25.6,120.4,96416,
2026-07-11,2026-07-11T06:54:30,14,FPO,162896,Therese Cuevas,938,52,143.0,0.00195,0.0,0.30791,0.00034,0.00171,0.0,269.0,53.1,97341;97344,
2026-07-11,2026-07-11T06:54:30,14,FPO,164788,Alecia Hinkson,932,58,112.5,0.00045,0.0,0.0234,1e-05,0.00016,0.0,179.1,61.5,97344;96417,
2026-07-11,2026-07-11T06:54:30,14,FPO,165652,Ceci Vollbrecht,899,201,0.0,0.0,0.0,0.0,0.0,0.0,0.0,2.3,179.9,97344,
2026-07-11,2026-07-11T06:54:30,14,FPO,166082,Ashton Webberley,904,167,0.0,0.0,0.0,0.0,0.0,0.0,0.0,9.4,156.8,97341,
2026-07-11,2026-07-11T06:54:30,14,FPO,166749,Mackenzie Morris,871,181,0.0,0.0,0.0,0.0,0.0,0.0,0.0,2.1,165.2,97341,
2026-07-11,2026-07-11T06:54:30,14,FPO,167255,AK Kaestner,825,164,0.0,0.0,0.0,0.0,0.0,0.0,0.0,2.0,175.0,97341,
2026-07-11,2026-07-11T06:54:30,14,FPO,168863,Trinity Bryant,919,43,233.0,1e-05,0.0,0.99855,0.00043,0.0,0.0,346.6,46.8,97341;96414;96415;96416;97344;96418,
2026-07-11,2026-07-11T06:54:30,14,FPO,170182,Rebecca Minnick,866,103,29.0,0.0,0.0,0.0,0.0,0.0,0.0,29.0,112.6,,
2026-07-11,2026-07-11T06:54:30,14,FPO,173601,Marie Kielas,918,85,51.0,0.0,0.0,0.0,0.0,0.0,0.0,51.0,94.0,,
2026-07-11,2026-07-11T06:54:30,14,FPO,173883,Lillianne Waite,837,179,0.0,0.0,0.0,0.0,0.0,0.0,0.0,2.0,167.3,97341,
2026-07-11,2026-07-11T06:54:30,14,FPO,173961,Ellie Caldwell,852,191,0.0,0.0,0.0,0.0,0.0,0.0,0.0,0.1,200.1,100195,
2026-07-11,2026-07-11T06:54:30,14,FPO,176242,Morgan Lynds,931,68,87.75,1e-05,0.0,0.0007,0.0,1e-05,0.0,108.8,74.4,97344,
2026-07-11,2026-07-11T06:54:30,14,FPO,176243,Jordan Lynds,945,57,113.25,0.00677,0.0,0.15533,0.00034,0.0057,0.0,244.4,55.7,96414;97344,
2026-07-11,2026-07-11T06:54:30,14,FPO,176481,Karissa Dedmon,923,118,20.0,0.0,0.0,0.00013,0.0,0.0,0.0,62.6,93.7,97341;97344,
2026-07-11,2026-07-11T06:54:30,14,FPO,178707,Joleigh Miller,923,149,0.0,1e-05,0.0,1e-05,0.0,0.0,0.0,31.5,122.3,97341,
2026-07-11,2026-07-11T06:54:30,14,FPO,178748,Kendyl Sullivan,887,176,0.0,0.0,0.0,0.0,0.0,0.0,0.0,3.1,163.3,97341,
2026-07-11,2026-07-11T06:54:30,14,FPO,179200,Jamie Williams,863,154,0.0,0.0,0.0,0.0,0.0,0.0,0.0,0.0,204.4,,
2026-07-11,2026-07-11T06:54:30,14,FPO,179873,Jenny Larsson,916,82,54.0,0.0,0.0,0.0,0.0,0.0,0.0,54.0,92.7,,
2026-07-11,2026-07-11T06:54:30,14,FPO,181772,Ida Emilie Nesse,950,35,334.0,0.06437,0.00436,1.0,0.97146,0.0512,0.0,734.8,30.5,96414;96415;96416;97344;96417;96418,
2026-07-11,2026-07-11T06:54:30,14,FPO,182450,Kajsa Wahl,892,96,36.75,0.0,0.0,0.0,0.0,0.0,0.0,36.8,103.7,,
2026-07-11,2026-07-11T06:54:30,14,FPO,182582,Addison Clark,831,218,0.0,0.0,0.0,0.0,0.0,0.0,0.0,16.5,138.3,96417,
2026-07-11,2026-07-11T06:54:30,14,FPO,184609,Elva-Kate Preston,909,61,107.25,0.0,0.0,0.00026,0.0,0.0,0.0,139.8,66.7,100195;96414;96415;97344,
2026-07-11,2026-07-11T06:54:30,14,FPO,184736,Jennifer Smiley,935,34,337.75,0.00523,0.0,1.0,0.45278,0.00452,0.0,551.3,37.4,97341;96414;96415;96416;97344;96417;96418,
2026-07-11,2026-07-11T06:54:30,14,FPO,185057,Josefine Johansson,927,71,81.0,0.0,0.0,0.00027,0.0,0.0,0.0,96.4,78.1,97344,
2026-07-11,2026-07-11T06:54:30,14,FPO,185534,Sofia Donnecke,964,23,547.5,0.22258,0.0111,1.0,0.99968,0.19622,0.0,806.8,27.4,96414;96418;96419,
2026-07-11,2026-07-11T06:54:30,14,FPO,185627,Athena Cuevas,866,130,14.0,0.0,0.0,0.0,0.0,0.0,0.0,14.0,140.8,,
2026-07-11,2026-07-11T06:54:30,14,FPO,186277,Kassandra Fog Wichmann,879,140,6.0,0.0,0.0,0.0,0.0,0.0,0.0,6.0,153.7,,
2026-07-11,2026-07-11T06:54:30,14,FPO,186629,Sanne Dalseth,861,132,13.5,0.0,0.0,0.0,0.0,0.0,0.0,13.5,142.3,,
2026-07-11,2026-07-11T06:54:30,14,FPO,188837,JJ Sun,883,157,0.0,0.0,0.0,0.0,0.0,0.0,0.0,0.0,205.0,,
2026-07-11,2026-07-11T06:54:30,14,FPO,189702,Taylor Chocek,950,13,749.95,0.56175,0.55605,1.0,1.0,0.00556,0.0,1022.2,18.1,97341;96414;96415;96416;96418;96419,
2026-07-11,2026-07-11T06:54:30,14,FPO,193215,Lexi Marx,928,178,0.0,3e-05,0.0,0.00125,0.0,1e-05,0.0,78.9,88.6,97341;96414;97344,
2026-07-11,2026-07-11T06:54:30,14,FPO,195549,Kylie Kohut,935,53,135.0,0.0014,0.0,0.50925,0.00024,0.00108,0.0,289.4,51.2,97341;100195;96414;96415,
2026-07-11,2026-07-11T06:54:30,14,FPO,195550,Peyton Kohut,913,84,52.5,0.0,0.0,0.0,0.0,0.0,0.0,85.9,81.4,100195;96414;96415,
2026-07-11,2026-07-11T06:54:30,14,FPO,196237,Kaire Tekku,928,73,78.75,0.0,0.0,0.0,0.0,0.0,0.0,78.8,84.2,,
2026-07-11,2026-07-11T06:54:30,14,FPO,197689,Isabella Parker,877,122,18.0,0.0,0.0,0.0,0.0,0.0,0.0,18.0,132.9,,
2026-07-11,2026-07-11T06:54:30,14,FPO,198446,Eliezra Midtlyng,944,14,746.58,0.2812,0.27271,1.0,1.0,0.00786,0.0,968.1,20.2,97341;96414;96415;96416;97344;96417;96418;96419,
2026-07-11,2026-07-11T06:54:30,14,FPO,198721,Hannah Kellar,887,104,29.0,0.0,0.0,0.0,0.0,0.0,0.0,32.1,110.2,97341,
2026-07-11,2026-07-11T06:54:30,14,FPO,202571,Elizabete Pēkšena,914,46,205.5,0.0,0.0,0.01629,0.0,0.0,0.0,216.8,57.3,97344;96418,
2026-07-11,2026-07-11T06:54:30,14,FPO,208576,Rebecca Don,960,10,801.99,0.97891,0.97879,1.0,1.0,0.00012,0.0,1188.5,12.7,97341;96414;96415;96416;97344;96418;96419,
2026-07-11,2026-07-11T06:54:30,14,FPO,209432,Eden Fletcher,899,94,38.0,0.0,0.0,0.0,0.0,0.0,0.0,38.0,102.5,,
2026-07-11,2026-07-11T06:54:30,14,FPO,209462,Erika Apple,854,171,0.0,0.0,0.0,0.0,0.0,0.0,0.0,2.0,186.8,97341,
2026-07-11,2026-07-11T06:54:30,14,FPO,210287,Mara Neal,863,182,0.0,0.0,0.0,0.0,0.0,0.0,0.0,2.0,165.3,97341,
2026-07-11,2026-07-11T06:54:30,14,FPO,210972,Kristýna Jurčíková,962,36,331.0,0.13102,2e-05,1.0,0.38659,0.12013,0.0,578.2,36.6,97344;96418,
2026-07-11,2026-07-11T06:54:30,14,FPO,214417,Fleur Verberk,896,205,0.0,0.0,0.0,0.0,0.0,0.0,0.0,2.2,181.2,97344,
2026-07-11,2026-07-11T06:54:30,14,FPO,215439,Sheliemae Lai,948,78,62.0,0.00338,0.0,0.01097,2e-05,0.00282,0.0,159.5,65.7,97341,
2026-07-11,2026-07-11T06:54:30,14,FPO,215495,Kelsey Martin,877,212,0.0,0.0,0.0,0.0,0.0,0.0,0.0,2.0,197.9,97344,
2026-07-11,2026-07-11T06:54:30,14,FPO,216558,Iida Lehtomäki,965,27,430.25,0.17504,3e-05,1.0,0.4448,0.15794,0.0,599.5,35.8,97344;96418,
2026-07-11,2026-07-11T06:54:30,14,FPO,217892,Katie Tews,889,175,0.0,0.0,0.0,0.0,0.0,0.0,0.0,3.4,181.8,97341,
2026-07-11,2026-07-11T06:54:30,14,FPO,218375,Tiia Nylén,886,162,0.0,0.0,0.0,0.0,0.0,0.0,0.0,0.0,201.7,,
2026-07-11,2026-07-11T06:54:30,14,FPO,218760,Sarah Duran,865,135,11.0,0.0,0.0,0.0,0.0,0.0,0.0,11.0,146.3,,
2026-07-11,2026-07-11T06:54:30,14,FPO,218779,Amanda Brightwell,831,165,0.0,0.0,0.0,0.0,0.0,0.0,0.0,2.0,173.9,97341,
2026-07-11,2026-07-11T06:54:30,14,FPO,219693,Anna Damberga,858,117,21.0,0.0,0.0,0.0,0.0,0.0,0.0,21.0,128.2,,
2026-07-11,2026-07-11T06:54:30,14,FPO,220605,Asta Hapulahti,911,160,0.0,0.0,0.0,0.0,0.0,0.0,0.0,0.0,208.0,,
2026-07-11,2026-07-11T06:54:30,14,FPO,221583,Evie Lou Ramey,896,193,0.0,0.0,0.0,0.0,0.0,0.0,0.0,3.0,183.8,100195,
2026-07-11,2026-07-11T06:54:30,14,FPO,222693,Tanisha Platero,856,189,0.0,0.0,0.0,0.0,0.0,0.0,0.0,2.0,170.0,97341,
2026-07-11,2026-07-11T06:54:30,14,FPO,222973,Martje Sumowski,929,101,33.0,0.0,0.0,0.0,0.0,0.0,0.0,33.0,109.8,,
2026-07-11,2026-07-11T06:54:30,14,FPO,223975,Laura Tatiana Niño Carranza,881,177,0.0,0.0,0.0,0.0,0.0,0.0,0.0,4.4,157.0,97341;97344,
2026-07-11,2026-07-11T06:54:30,14,FPO,224238,Julia Fors,951,28,428.5,0.04259,2e-05,1.0,0.58452,0.0403,0.0,593.4,35.9,97344;96418,
2026-07-11,2026-07-11T06:54:30,14,FPO,225016,Naomi Suyat,869,156,0.0,0.0,0.0,0.0,0.0,0.0,0.0,0.0,204.0,,
2026-07-11,2026-07-11T06:54:30,14,FPO,227315,Sarah Wadsworth,901,194,0.0,0.0,0.0,0.0,0.0,0.0,0.0,16.4,136.6,100195;96415,
2026-07-11,2026-07-11T06:54:30,14,FPO,228486,Stefani Ewell,857,136,10.0,0.0,0.0,0.0,0.0,0.0,0.0,10.0,147.6,,
2026-07-11,2026-07-11T06:54:30,14,FPO,229526,Sintija Klezberga,951,15,737.5,0.55279,0.5466,1.0,1.0,0.00549,0.0,1019.2,18.2,97341;96414;96415;97344;96417;96418;96419,
2026-07-11,2026-07-11T06:54:30,14,FPO,231650,Tailey Rowley,913,65,92.25,0.0,0.0,0.00024,0.0,0.0,0.0,114.8,72.2,97341;97344,
2026-07-11,2026-07-11T06:54:30,14,FPO,232666,Rebecka Hoppe,857,141,6.0,0.0,0.0,0.0,0.0,0.0,0.0,6.0,153.5,,
2026-07-11,2026-07-11T06:54:30,14,FPO,232722,Julia Hauch,904,209,0.0,0.0,0.0,0.0,0.0,0.0,0.0,2.8,179.1,97344,
2026-07-11,2026-07-11T06:54:30,14,FPO,235368,Madalyn Payton,897,146,0.0,0.0,0.0,0.0,0.0,0.0,0.0,0.0,210.0,,
2026-07-11,2026-07-11T06:54:30,14,FPO,238187,Ann Deputy,925,72,80.25,1e-05,0.0,0.0002,0.0,0.0,0.0,93.4,79.2,97344,
2026-07-11,2026-07-11T06:54:30,14,FPO,240590,Amelia Saechao,875,110,24.0,0.0,0.0,0.0,0.0,0.0,0.0,24.0,119.7,,
2026-07-11,2026-07-11T06:54:30,14,FPO,242116,Eva Lutsenko,920,113,21.75,0.0,0.0,0.0,0.0,0.0,0.0,21.8,125.4,,
2026-07-11,2026-07-11T06:54:30,14,FPO,242331,Ida Kennmark,852,131,13.5,0.0,0.0,0.0,0.0,0.0,0.0,13.5,142.4,,
2026-07-11,2026-07-11T06:54:30,14,FPO,245180,Chelsea Sutton,865,169,0.0,0.0,0.0,0.0,0.0,0.0,0.0,2.0,178.8,97341,
2026-07-11,2026-07-11T06:54:30,14,FPO,245306,Netta Leppäaho,939,62,105.75,0.0,0.0,0.0,0.0,0.0,0.0,105.8,73.9,,
2026-07-11,2026-07-11T06:54:30,14,FPO,245317,Sophi Stephenson,859,133,12.0,0.0,0.0,0.0,0.0,0.0,0.0,12.0,144.1,,
2026-07-11,2026-07-11T06:54:30,14,FPO,254333,Jess Zilch,872,120,19.5,0.0,0.0,0.0,0.0,0.0,0.0,19.5,130.1,,
2026-07-11,2026-07-11T06:54:30,14,FPO,255962,Samantha Zaborowski,904,216,0.0,0.0,0.0,0.0,0.0,0.0,0.0,2.8,176.6,97344,
2026-07-11,2026-07-11T06:54:30,14,FPO,256846,Lea Tomas,885,213,0.0,0.0,0.0,0.0,0.0,0.0,0.0,2.0,195.8,97344,
2026-07-11,2026-07-11T06:54:30,14,FPO,259972,Marion Mattsson,854,134,11.25,0.0,0.0,0.0,0.0,0.0,0.0,11.2,145.3,,
2026-07-11,2026-07-11T06:54:30,14,FPO,261058,Jessica Erickson,885,87,49.0,0.0,0.0,0.0,0.0,0.0,0.0,49.0,96.6,,
2026-07-11,2026-07-11T06:54:30,14,FPO,261216,Victoria Christensen,868,125,17.25,0.0,0.0,0.0,0.0,0.0,0.0,17.2,136.5,,
2026-07-11,2026-07-11T06:54:30,14,FPO,268900,Natalie Berg,883,119,19.5,0.0,0.0,0.0,0.0,0.0,0.0,19.5,130.2,,
2026-07-11,2026-07-11T06:54:30,14,FPO,269838,Daisy Kelly,876,155,0.0,0.0,0.0,0.0,0.0,0.0,0.0,0.0,203.0,,
2026-07-11,2026-07-11T06:54:30,14,FPO,277832,Chandler Reigh,937,30,406.25,0.01216,0.00017,1.0,0.96906,0.01092,0.0,680.3,32.9,97341;100195;96414;96415;96416;97344;96417;96418,
2026-07-11,2026-07-11T06:54:30,14,FPO,278324,Kristi Prik,873,163,0.0,0.0,0.0,0.0,0.0,0.0,0.0,0.0,209.7,,
2026-07-11,2026-07-11T06:54:30,14,FPO,278450,Brit Hamburg-Kiin,848,106,28.5,0.0,0.0,0.0,0.0,0.0,0.0,28.5,114.4,,
2026-07-11,2026-07-11T06:54:30,14,FPO,279466,Gry Nagel,810,124,18.0,0.0,0.0,0.0,0.0,0.0,0.0,18.0,134.9,,
2026-07-11,2026-07-11T06:54:30,14,FPO,281626,Una Lokmane,871,105,28.5,0.0,0.0,0.0,0.0,0.0,0.0,28.5,113.8,,
2026-07-11,2026-07-11T06:54:30,14,FPO,284553,Katherine Aydelott,861,142,4.0,0.0,0.0,0.0,0.0,0.0,0.0,6.0,153.3,97341,
2026-07-11,2026-07-11T06:54:30,14,FPO,285033,Karolína Jurčíková,898,159,0.0,0.0,0.0,0.0,0.0,0.0,0.0,0.0,207.0,,
2026-07-11,2026-07-11T06:54:30,14,FPO,286978,Michelle Southworth,805,185,0.0,0.0,0.0,0.0,0.0,0.0,0.0,2.0,170.9,97341,
2026-07-11,2026-07-11T06:54:30,14,FPO,288014,Jordan Coomes,847,121,18.0,0.0,0.0,0.0,0.0,0.0,0.0,18.0,132.9,,
2026-07-11,2026-07-11T06:54:30,14,FPO,297287,Marta Villa,849,183,0.0,0.0,0.0,0.0,0.0,0.0,0.0,2.0,162.4,97341,
2026-07-11,2026-07-11T06:54:30,14,FPO,302765,Grace Wilson,891,206,0.0,0.0,0.0,0.0,0.0,0.0,0.0,2.1,179.8,97344,
2026-07-11,2026-07-11T06:54:30,14,FPO,308525,Saga Dahlstedt,906,55,127.5,0.0,0.0,0.0,0.0,0.0,0.0,127.5,69.1,,
2026-07-11,2026-07-11T06:54:30,14,FPO,311218,Mina Alme,891,98,35.25,0.0,0.0,0.0,0.0,0.0,0.0,35.2,106.6,,
2026-07-13,2026-07-13T13:21:37,15,FPO,3024,Chris O'Cleary,914,197,0.0,0.0,0.0,0.0,0.0,0.0,0.0,5.2,179.4,97344,
2026-07-13,2026-07-13T13:21:37,15,FPO,3090,Elaine King,890,198,0.0,0.0,0.0,0.0,0.0,0.0,0.0,2.1,186.7,97344,
2026-07-13,2026-07-13T13:21:37,15,FPO,8803,Ruth Steele,872,181,0.0,0.0,0.0,0.0,0.0,0.0,0.0,2.1,170.8,97341,
2026-07-13,2026-07-13T13:21:37,15,FPO,15354,Jennifer Allen,970,37,313.0,0.38224,0.05106,1.0,0.98166,0.27863,0.0,825.0,26.5,96414;96415;97344;96418,
2026-07-13,2026-07-13T13:21:37,15,FPO,27832,Kona Star Montgomery,946,24,478.0,0.08476,0.05428,1.0,1.0,0.0271,0.0,861.7,24.9,97341;96414;96415;96416;97344;96417;96418;96419,
2026-07-13,2026-07-13T13:21:37,15,FPO,29190,Paige Pierce,968,17,693.17,0.93148,0.92849,1.0,1.0,0.00297,0.0,1148.0,13.9,97341;96414;96416;97344;96418;96419,
2026-07-13,2026-07-13T13:21:37,15,FPO,29947,Stephanie Vincent,925,107,28.0,0.0,0.0,0.0,0.0,0.0,0.0,28.0,115.6,,
2026-07-13,2026-07-13T13:21:37,15,FPO,31041,Sheila Teves,883,153,0.0,0.0,0.0,0.0,0.0,0.0,0.0,0.0,208.6,,
2026-07-13,2026-07-13T13:21:37,15,FPO,32654,Lisa Fajkus,959,21,593.83,0.40038,0.35121,1.0,1.0,0.04141,0.0,979.4,19.8,96414;96415;96416;96417;96418;96419,
2026-07-13,2026-07-13T13:21:37,15,FPO,32917,Rebecca Cox,952,31,397.0,0.09029,0.01751,1.0,0.99689,0.06226,0.0,796.2,27.9,96414;96415;96416;97344;96417;96418,
2026-07-13,2026-07-13T13:21:37,15,FPO,32925,Lindsay Fish,883,175,0.0,0.0,0.0,0.0,0.0,0.0,0.0,2.6,161.0,97341,
2026-07-13,2026-07-13T13:21:37,15,FPO,34563,Sarah Hokom,949,63,101.0,0.02761,0.0,0.97364,0.08902,0.01939,0.0,446.2,41.9,96414;96415;96416;97344;96417;96418,
2026-07-13,2026-07-13T13:21:37,15,FPO,35321,Sofie Björlycke,932,70,83.25,0.0,0.0,0.0,0.0,0.0,0.0,83.2,81.1,,
2026-07-13,2026-07-13T13:21:37,15,FPO,35774,Camilla Jernberg,898,139,7.5,0.0,0.0,0.0,0.0,0.0,0.0,7.5,151.2,,
2026-07-13,2026-07-13T13:21:37,15,FPO,36307,Amanda Branch,887,194,0.0,0.0,0.0,0.0,0.0,0.0,0.0,2.0,187.7,97344,
2026-07-13,2026-07-13T13:21:37,15,FPO,39504,Zoe AnDyke,928,74,77.0,0.0,0.0,0.0,0.0,0.0,0.0,77.0,85.4,,
2026-07-13,2026-07-13T13:21:37,15,FPO,43995,Taylor Foth,899,151,0.0,0.0,0.0,0.0,0.0,0.0,0.0,0.0,202.9,,
2026-07-13,2026-07-13T13:21:37,15,FPO,44184,Catrina Allen,963,7,1010.08,1.0,1.0,1.0,1.0,0.0,0.0,1355.5,9.0,97341;100195;96414;96415;96416;97344;96417;96418;96419,
2026-07-13,2026-07-13T13:21:37,15,FPO,45407,Brittney Armentrout,851,163,0.0,0.0,0.0,0.0,0.0,0.0,0.0,2.0,174.2,97341,
2026-07-13,2026-07-13T13:21:37,15,FPO,48199,Alison Blakeman,866,158,0.0,0.0,0.0,0.0,0.0,0.0,0.0,0.0,204.2,,
2026-07-13,2026-07-13T13:21:37,15,FPO,48976,Ohn Scoggins,989,4,1219.0,1.0,1.0,1.0,1.0,0.0,0.37918,2198.0,1.9,97341;100195;96414;96415;96416;97344;96417;96418;96419,
2026-07-13,2026-07-13T13:21:37,15,FPO,50656,Jessica Gurthie,955,20,608.0,1.0,0.82313,1.0,1.0,0.00282,0.0,1096.5,15.5,97341;96414;96415;96416;97344;96417;96418;96419,
2026-07-13,2026-07-13T13:21:37,15,FPO,51277,Holly Finley,929,45,214.0,0.00039,0.0,0.97336,0.00096,0.00018,0.0,335.5,47.6,96414;96415;97344;96417;96418,
2026-07-13,2026-07-13T13:21:37,15,FPO,58303,Sai Ananda,943,182,0.0,0.00104,0.0,0.01485,0.0,0.00076,0.0,122.7,75.6,97341;97344,
2026-07-13,2026-07-13T13:21:37,15,FPO,59227,Henna Blomroos,974,9,890.0,1.0,0.99919,1.0,1.0,0.0,0.0,1279.7,10.5,97341;96414;97344;96418;96419,
2026-07-13,2026-07-13T13:21:37,15,FPO,59431,Madison Walker,952,19,646.83,0.21959,0.17928,1.0,1.0,0.03513,0.0,931.5,21.9,97341;96414;96415;96416;97344;96417;96418;96419,
2026-07-13,2026-07-13T13:21:37,15,FPO,60798,Madison Tomaino,919,69,83.5,0.0,0.0,0.0,0.0,0.0,0.0,119.9,70.8,96416,
2026-07-13,2026-07-13T13:21:37,15,FPO,61144,Emily Beach,895,147,0.0,0.0,0.0,0.0,0.0,0.0,0.0,0.0,204.6,,
2026-07-13,2026-07-13T13:21:37,15,FPO,61990,Katka Boďová,922,88,48.0,0.0,0.0,0.0,0.0,0.0,0.0,48.0,97.7,,
2026-07-13,2026-07-13T13:21:37,15,FPO,62879,Valerie Mandujano,975,18,673.16,1.0,1.0,1.0,1.0,0.0,0.0,1478.7,7.3,97341;96414;96415;96416;97344;96417;96418;96419,
2026-07-13,2026-07-13T13:21:37,15,FPO,62880,Alexis Mandujano,960,32,352.5,0.25332,0.12648,1.0,0.99952,0.1034,0.0,888.7,23.8,96414;96415;96416;97344;96417;96418;96419,
2026-07-13,2026-07-13T13:21:37,15,FPO,63257,Maria Oliva,917,42,237.0,0.0,0.0,0.99978,8e-05,0.0,0.0,333.7,47.5,96414;96415;96416;97344;96417;96418,
2026-07-13,2026-07-13T13:21:37,15,FPO,64927,Eveliina Salonen,982,6,1164.67,1.0,1.0,1.0,1.0,0.0,0.0,1619.1,5.7,97341;96414;97344;96418;96419,
2026-07-13,2026-07-13T13:21:37,15,FPO,65489,Lauren Butler,919,51,157.75,3e-05,0.0,0.14057,0.0,2e-05,0.0,236.8,55.5,96414;96415;97344;96417,
2026-07-13,2026-07-13T13:21:37,15,FPO,66063,Ashlee Johnson,864,152,0.0,0.0,0.0,0.0,0.0,0.0,0.0,0.0,201.0,,
2026-07-13,2026-07-13T13:21:37,15,FPO,66599,Heidi Laine,963,12,764.75,0.97194,0.97166,1.0,1.0,0.00027,0.0,1182.9,12.9,97341;96414;96415;96416;97344;96418;96419,
2026-07-13,2026-07-13T13:21:37,15,FPO,69584,Danielle Weigandt,853,165,0.0,0.0,0.0,0.0,0.0,0.0,0.0,2.0,174.6,97341,
2026-07-13,2026-07-13T13:21:37,15,FPO,71262,Erika Stinchcomb,920,44,222.25,4e-05,0.0,0.99853,0.00069,0.0,0.0,349.1,46.6,97341;96414;96415;96416;97344;96417;96418,
2026-07-13,2026-07-13T13:21:37,15,FPO,72635,Kersti Miller,889,99,34.5,0.0,0.0,0.0,0.0,0.0,0.0,34.5,107.6,,
2026-07-13,2026-07-13T13:21:37,15,FPO,74708,Casey Pennington,922,95,37.5,0.0,0.0,2e-05,0.0,0.0,0.0,67.3,89.3,97341,
2026-07-13,2026-07-13T13:21:37,15,FPO,75029,Cynthia Ricciotti,917,60,107.25,3e-05,0.0,0.01088,0.0,0.0,0.0,181.5,61.1,100195;96414;96415;97344;96417,
2026-07-13,2026-07-13T13:21:37,15,FPO,76009,Virginia Polkinghorne,889,190,0.0,0.0,0.0,0.0,0.0,0.0,0.0,2.0,188.9,100195,
2026-07-13,2026-07-13T13:21:37,15,FPO,77385,Matilda Ringbom,938,40,274.0,0.00227,0.0,0.89524,4e-05,0.00212,0.0,310.6,49.5,96418,
2026-07-13,2026-07-13T13:21:37,15,FPO,78232,Tiger Borth,899,116,21.0,0.0,0.0,0.0,0.0,0.0,0.0,23.3,122.4,97344,
2026-07-13,2026-07-13T13:21:37,15,FPO,79233,Cadence Burge,971,64,95.25,0.4364,0.02617,0.99998,0.90785,0.303,0.0,771.4,28.8,96414;96415;96416;97344;96417;96418,
2026-07-13,2026-07-13T13:21:37,15,FPO,80935,Lindsey Maas,902,102,32.25,0.0,0.0,0.0,0.0,0.0,0.0,39.3,103.1,96414;97344,
2026-07-13,2026-07-13T13:21:37,15,FPO,82809,Alex von Stade,892,112,22.0,0.0,0.0,0.0,0.0,0.0,0.0,22.0,124.0,,
2026-07-13,2026-07-13T13:21:37,15,FPO,83376,Cassandra Lioi,889,138,8.0,0.0,0.0,0.0,0.0,0.0,0.0,8.0,150.2,,
2026-07-13,2026-07-13T13:21:37,15,FPO,84279,Kaidi Allsalu,951,47,203.62,0.02528,0.0,0.0,0.0,0.02389,0.0,283.9,51.8,,
2026-07-13,2026-07-13T13:21:37,15,FPO,85189,Samantha Bonacci,865,126,16.5,0.0,0.0,0.0,0.0,0.0,0.0,21.8,125.7,96415,
2026-07-13,2026-07-13T13:21:37,15,FPO,85484,Anneli Tõugjas-Männiste,959,25,456.0,0.21747,0.09334,1.0,0.99992,0.10111,0.0,876.9,24.3,97341;96414;96415;97344;96417;96418;96419,
2026-07-13,2026-07-13T13:21:37,15,FPO,85942,Missy Gannon,984,3,1311.5,1.0,1.0,1.0,1.0,0.0,0.00302,1875.3,4.0,97341;96414;96415;96416;97344;96417;96418;96419,
2026-07-13,2026-07-13T13:21:37,15,FPO,87094,Rose Shertick,906,210,0.0,0.0,0.0,0.0,0.0,0.0,0.0,3.1,192.4,97344,
2026-07-13,2026-07-13T13:21:37,15,FPO,87443,Andrea Cammack,874,161,0.0,0.0,0.0,0.0,0.0,0.0,0.0,2.1,173.0,97341,
2026-07-13,2026-07-13T13:21:37,15,FPO,94085,Keiti Tätte,954,49,184.12,0.02277,0.0,0.0,0.0,0.02164,0.0,236.5,56.4,,
2026-07-13,2026-07-13T13:21:37,15,FPO,96090,Sonja Laine,899,97,36.0,0.0,0.0,0.0,0.0,0.0,0.0,36.0,104.7,,
2026-07-13,2026-07-13T13:21:37,15,FPO,96480,Tori Pasquin,833,185,0.0,0.0,0.0,0.0,0.0,0.0,0.0,2.0,177.8,97341,
2026-07-13,2026-07-13T13:21:37,15,FPO,97238,Jannicke Hjemli,863,137,9.75,0.0,0.0,0.0,0.0,0.0,0.0,9.8,148.8,,
2026-07-13,2026-07-13T13:21:37,15,FPO,99441,Lykke Lorentzen,923,90,43.0,0.0,0.0,4e-05,0.0,0.0,0.0,61.0,90.9,100195;97344,
2026-07-13,2026-07-13T13:21:37,15,FPO,99455,Kat Mertsch,966,8,938.67,0.99994,0.99994,1.0,1.0,0.0,0.0,1350.5,9.1,97341;96414;96415;96416;97344;96417;96418;96419,
2026-07-13,2026-07-13T13:21:37,15,FPO,101949,Ratana McMahon,894,54,129.75,0.0,0.0,0.0,0.0,0.0,0.0,140.2,66.3,96415,
2026-07-13,2026-07-13T13:21:37,15,FPO,102024,Danielle Keen,906,150,0.0,0.0,0.0,0.0,0.0,0.0,0.0,0.0,200.7,,
2026-07-13,2026-07-13T13:21:37,15,FPO,103743,Karen Martel,924,129,15.0,0.0,0.0,1e-05,0.0,0.0,0.0,26.9,126.0,97344,
2026-07-13,2026-07-13T13:21:37,15,FPO,104187,Macie Velediaz,957,38,294.67,0.10889,0.00058,1.0,0.70556,0.08746,0.0,639.7,34.2,96414;97344;96417;96418,
2026-07-13,2026-07-13T13:21:37,15,FPO,104314,Violet Main,947,41,250.0,0.02241,0.0,1.0,0.23992,0.01714,0.0,512.9,38.9,97341;96414;97344;96417;96418,
2026-07-13,2026-07-13T13:21:37,15,FPO,104814,Ellie Bryant,900,115,21.75,0.0,0.0,0.0,0.0,0.0,0.0,28.8,115.9,97341,
2026-07-13,2026-07-13T13:21:37,15,FPO,105126,Aria Castruita,949,145,0.0,0.00084,0.0,0.00104,0.0,0.00019,0.0,88.3,84.3,97341,
2026-07-13,2026-07-13T13:21:37,15,FPO,106489,Anna Pinter,875,114,21.75,0.0,0.0,0.0,0.0,0.0,0.0,21.8,126.1,,
2026-07-13,2026-07-13T13:21:37,15,FPO,107297,Maria Liivamägi,873,109,24.0,0.0,0.0,0.0,0.0,0.0,0.0,24.0,119.1,,
2026-07-13,2026-07-13T13:21:37,15,FPO,107335,Silva Saarinen,990,2,1414.84,1.0,1.0,1.0,1.0,0.0,0.44681,2213.8,1.8,97341;96414;96415;96416;97344;96418;96419,
2026-07-13,2026-07-13T13:21:37,15,FPO,108871,Brook Johnson,905,108,24.0,0.0,0.0,0.0,0.0,0.0,0.0,26.9,116.4,97344,
2026-07-13,2026-07-13T13:21:37,15,FPO,109337,Cathy Kuhn,863,148,0.0,0.0,0.0,0.0,0.0,0.0,0.0,0.0,213.0,,
2026-07-13,2026-07-13T13:21:37,15,FPO,109996,Anniken Kristiansen Steen,962,16,700.29,0.22708,0.10257,1.0,1.0,0.12216,0.0,904.1,23.0,97344;96418;96419,
2026-07-13,2026-07-13T13:21:37,15,FPO,111487,Emily Weatherman,955,11,773.33,0.94348,0.94321,1.0,1.0,0.00024,0.0,1135.7,14.2,97341;96414;96415;96416;97344;96417;96418;96419,
2026-07-13,2026-07-13T13:21:37,15,FPO,112647,Hanna Huynh,963,22,561.0,0.94752,0.94604,1.0,1.0,0.00133,0.0,1164.3,13.4,97341;96414;96415;96416;97344;96417;96418;96419,
2026-07-13,2026-07-13T13:21:37,15,FPO,115503,Olivia Kindstedt,945,48,189.0,0.0095,0.0,0.29818,0.00056,0.0088,0.0,295.1,51.0,97344,
2026-07-13,2026-07-13T13:21:37,15,FPO,116694,Kristi Unt,934,89,45.0,0.0,0.0,0.0,0.0,0.0,0.0,45.0,99.2,,
2026-07-13,2026-07-13T13:21:37,15,FPO,121554,Elina Rydberg,903,111,23.25,0.0,0.0,0.0,0.0,0.0,0.0,23.2,121.7,,
2026-07-13,2026-07-13T13:21:37,15,FPO,124064,Shelby Cowen,914,56,127.0,2e-05,0.0,0.03962,0.0,0.0,0.0,203.9,58.8,97341;96414;96415;96417,
2026-07-13,2026-07-13T13:21:37,15,FPO,126226,Kati Chachere,843,169,0.0,0.0,0.0,0.0,0.0,0.0,0.0,2.0,165.1,97341,
2026-07-13,2026-07-13T13:21:37,15,FPO,128395,Michelle Saggboy,894,179,0.0,0.0,0.0,0.0,0.0,0.0,0.0,4.6,162.6,97341,
2026-07-13,2026-07-13T13:21:37,15,FPO,128532,Maarja Soasepp,892,91,42.0,0.0,0.0,0.0,0.0,0.0,0.0,42.0,100.7,,
2026-07-13,2026-07-13T13:21:37,15,FPO,130187,Kat Johnson,906,205,0.0,0.0,0.0,0.0,0.0,0.0,0.0,3.0,177.5,97344,
2026-07-13,2026-07-13T13:21:37,15,FPO,130342,Chantel Budinsky,955,81,58.5,0.03895,0.0,0.1556,0.00103,0.02632,0.0,259.0,55.4,97344;96417,
2026-07-13,2026-07-13T13:21:37,15,FPO,130822,Hannah Manis,930,202,0.0,0.0,0.0,0.0,0.0,0.0,0.0,19.2,149.9,97344,
2026-07-13,2026-07-13T13:21:37,15,FPO,131583,Hannah Lengel,950,191,0.0,0.00708,0.0,0.00133,0.0,0.00087,0.0,109.6,76.2,96414;96417,
2026-07-13,2026-07-13T13:21:37,15,FPO,132291,Ashley Phelps,907,143,2.0,0.0,0.0,0.0,0.0,0.0,0.0,13.8,142.6,97341,
2026-07-13,2026-07-13T13:21:37,15,FPO,132627,Jenn Cazanov-Diggs,905,168,0.0,0.0,0.0,0.0,0.0,0.0,0.0,10.2,159.1,97341,
2026-07-13,2026-07-13T13:21:37,15,FPO,133547,Holyn Handley,987,1,1668.34,1.0,1.0,1.0,1.0,0.0,0.17099,2132.8,2.4,97341;96414;96415;96416;97344;96418;96419,
2026-07-13,2026-07-13T13:21:37,15,FPO,133701,Nathalie Ortiz,901,77,64.25,0.0,0.0,0.0,0.0,0.0,0.0,64.2,89.6,,
2026-07-13,2026-07-13T13:21:37,15,FPO,135383,Emma Arp,915,187,0.0,0.0,0.0,0.0,0.0,0.0,0.0,5.8,159.9,100195,
2026-07-13,2026-07-13T13:21:37,15,FPO,138272,Raven Klein,943,26,437.5,0.0317,0.0057,1.0,0.998,0.023,0.0,768.0,29.1,97341;96414;96415;96416;97344;96417;96418,
2026-07-13,2026-07-13T13:21:37,15,FPO,139109,Leah Tsinajinnie,925,83,53.0,2e-05,0.0,0.00115,0.0,0.0,0.0,101.3,77.6,97341;97344,
2026-07-13,2026-07-13T13:21:37,15,FPO,139387,Hanna Jansson,892,86,50.25,0.0,0.0,0.0,0.0,0.0,0.0,50.2,95.1,,
2026-07-13,2026-07-13T13:21:37,15,FPO,139738,Megan Dophal,906,209,0.0,0.0,0.0,0.0,0.0,0.0,0.0,3.0,190.8,97344,
2026-07-13,2026-07-13T13:21:37,15,FPO,140660,María Eldey Kristínardóttir,917,66,91.5,0.0,0.0,0.0,0.0,0.0,0.0,91.5,78.0,,
2026-07-13,2026-07-13T13:21:37,15,FPO,140947,Nina Bennett,939,92,40.5,0.00128,0.0,0.00568,0.0,0.00021,0.0,122.4,72.8,97344;96417,
2026-07-13,2026-07-13T13:21:37,15,FPO,142259,Katheryn Maloney,909,206,0.0,0.0,0.0,0.0,0.0,0.0,0.0,3.6,177.2,97344,
2026-07-13,2026-07-13T13:21:37,15,FPO,142354,Alexis Kerman,922,59,111.5,5e-05,0.0,0.31933,2e-05,2e-05,0.0,253.2,54.1,97341;96414;96415;96416;97344;96417,
2026-07-13,2026-07-13T13:21:37,15,FPO,143423,Ember Simonis,909,199,0.0,0.0,0.0,0.0,0.0,0.0,0.0,3.6,182.3,97344,
2026-07-13,2026-07-13T13:21:37,15,FPO,143720,Jessica Kinard,907,193,0.0,0.0,0.0,0.0,0.0,0.0,0.0,25.6,120.7,96416,
2026-07-13,2026-07-13T13:21:37,15,FPO,144112,Ella Hansen,974,5,1214.08,1.0,1.0,1.0,1.0,0.0,0.0,1623.7,5.7,97341;96414;96415;96416;97344;96418;96419,
2026-07-13,2026-07-13T13:21:37,15,FPO,144791,Emily Yale,893,80,59.0,0.0,0.0,0.0,0.0,0.0,0.0,98.2,76.3,97341;96415;96416;97344,
2026-07-13,2026-07-13T13:21:37,15,FPO,146137,Dani K. Hart,950,33,349.5,0.07007,0.00859,1.0,0.993,0.05205,0.0,767.4,29.1,97341;96414;96415;96416;97344;96417;96418,
2026-07-13,2026-07-13T13:21:37,15,FPO,146304,MJ Gager,932,50,160.5,0.00039,0.0,0.10038,0.0,0.00037,0.0,236.0,55.7,97341;97344,
2026-07-13,2026-07-13T13:21:37,15,FPO,147050,Ali Smith,946,76,66.0,0.00223,0.0,0.00903,1e-05,0.00189,0.0,155.5,66.2,97341,
2026-07-13,2026-07-13T13:21:37,15,FPO,147393,Sadie Shattuck,865,127,16.0,0.0,0.0,0.0,0.0,0.0,0.0,16.0,139.3,,
2026-07-13,2026-07-13T13:21:37,15,FPO,149548,VicToria Scott,887,212,0.0,0.0,0.0,0.0,0.0,0.0,0.0,2.0,196.9,97344,
2026-07-13,2026-07-13T13:21:37,15,FPO,149803,Candyce Boyce,890,100,33.0,0.0,0.0,0.0,0.0,0.0,0.0,33.0,109.2,,
2026-07-13,2026-07-13T13:21:37,15,FPO,150057,Hailey Huber,929,167,0.0,1e-05,0.0,2e-05,0.0,0.0,0.0,41.6,112.8,97341,
2026-07-13,2026-07-13T13:21:37,15,FPO,151072,Jennifer Rice,895,123,18.0,0.0,0.0,0.0,0.0,0.0,0.0,18.0,134.9,,
2026-07-13,2026-07-13T13:21:37,15,FPO,152191,Kelley Foster,933,39,280.5,0.00196,0.0,1.0,0.17353,0.00154,0.0,492.6,39.5,97341;96414;96415;96416;96417;96418,
2026-07-13,2026-07-13T13:21:37,15,FPO,154098,Ariel Walker,938,93,38.25,0.00044,0.0,0.01611,1e-05,0.00031,0.0,137.2,70.3,97341;97344,
2026-07-13,2026-07-13T13:21:37,15,FPO,155026,Amanda Lennartsson,930,29,409.0,0.0004,0.0,1.0,0.00592,0.00038,0.0,429.9,42.0,96418,
2026-07-13,2026-07-13T13:21:37,15,FPO,156259,Ella Tejler,898,75,73.5,0.0,0.0,0.0,0.0,0.0,0.0,73.5,87.0,,
2026-07-13,2026-07-13T13:21:37,15,FPO,156781,Audrey Wicklander,893,195,0.0,0.0,0.0,0.0,0.0,0.0,0.0,2.1,187.9,97344,
2026-07-13,2026-07-13T13:21:37,15,FPO,157471,Nid Ovathanasin,935,128,15.0,9e-05,0.0,0.00063,0.0,1e-05,0.0,71.8,90.8,96414;97344,
2026-07-13,2026-07-13T13:21:37,15,FPO,158385,Destyne Martinez,865,144,2.0,0.0,0.0,0.0,0.0,0.0,0.0,2.0,167.5,,
2026-07-13,2026-07-13T13:21:37,15,FPO,158461,Shiru Liu,914,79,61.5,0.0,0.0,1e-05,0.0,0.0,0.0,80.3,83.9,97341,
2026-07-13,2026-07-13T13:21:37,15,FPO,160103,Jacquelyn DeLude,877,203,0.0,0.0,0.0,0.0,0.0,0.0,0.0,2.0,181.9,97344,
2026-07-13,2026-07-13T13:21:37,15,FPO,161231,Sarah May,856,183,0.0,0.0,0.0,0.0,0.0,0.0,0.0,2.0,170.0,97341,
2026-07-13,2026-07-13T13:21:37,15,FPO,161918,Addison Woodard,945,67,89.75,0.01403,0.0,0.98035,0.09496,0.00982,0.0,443.3,42.0,97341;96415;96416;97344;96417;96418,
2026-07-13,2026-07-13T13:21:37,15,FPO,162735,Eden Fornoff,925,192,0.0,0.0,0.0,0.0,0.0,0.0,0.0,25.6,120.1,96416,
2026-07-13,2026-07-13T13:21:37,15,FPO,162896,Therese Cuevas,938,52,143.0,0.00204,0.0,0.30746,0.00035,0.00185,0.0,269.0,53.1,97341;97344,
2026-07-13,2026-07-13T13:21:37,15,FPO,164788,Alecia Hinkson,932,58,112.5,0.00061,0.0,0.07977,0.0,0.0003,0.0,211.1,58.3,96414;97344;96417,
2026-07-13,2026-07-13T13:21:37,15,FPO,165652,Ceci Vollbrecht,899,196,0.0,0.0,0.0,0.0,0.0,0.0,0.0,2.3,190.6,97344,
2026-07-13,2026-07-13T13:21:37,15,FPO,166082,Ashton Webberley,904,162,0.0,0.0,0.0,0.0,0.0,0.0,0.0,9.3,158.0,97341,
2026-07-13,2026-07-13T13:21:37,15,FPO,166749,Mackenzie Morris,871,176,0.0,0.0,0.0,0.0,0.0,0.0,0.0,2.1,161.0,97341,
2026-07-13,2026-07-13T13:21:37,15,FPO,167255,AK Kaestner,825,159,0.0,0.0,0.0,0.0,0.0,0.0,0.0,2.0,190.2,97341,
2026-07-13,2026-07-13T13:21:37,15,FPO,168863,Trinity Bryant,919,43,233.0,1e-05,0.0,0.9983,0.00054,1e-05,0.0,346.0,46.8,97341;96414;96415;96416;97344;96418,
2026-07-13,2026-07-13T13:21:37,15,FPO,170182,Rebecca Minnick,866,103,29.0,0.0,0.0,0.0,0.0,0.0,0.0,29.0,112.5,,
2026-07-13,2026-07-13T13:21:37,15,FPO,173601,Marie Kielas,918,85,51.0,0.0,0.0,0.0,0.0,0.0,0.0,51.0,94.0,,
2026-07-13,2026-07-13T13:21:37,15,FPO,173883,Lillianne Waite,837,174,0.0,0.0,0.0,0.0,0.0,0.0,0.0,2.0,163.0,97341,
2026-07-13,2026-07-13T13:21:37,15,FPO,173961,Ellie Caldwell,852,186,0.0,0.0,0.0,0.0,0.0,0.0,0.0,0.1,209.4,100195,
2026-07-13,2026-07-13T13:21:37,15,FPO,176242,Morgan Lynds,931,68,87.75,1e-05,0.0,0.001,0.0,1e-05,0.0,109.1,74.4,97344,
2026-07-13,2026-07-13T13:21:37,15,FPO,176243,Jordan Lynds,945,57,113.25,0.00709,0.0,0.15252,0.00037,0.00584,0.0,243.0,55.9,96414;97344,
2026-07-13,2026-07-13T13:21:37,15,FPO,176481,Karissa Dedmon,923,118,20.0,0.0,0.0,8e-05,0.0,0.0,0.0,62.6,93.7,97341;97344,
2026-07-13,2026-07-13T13:21:37,15,FPO,178707,Joleigh Miller,923,149,0.0,0.0,0.0,0.0,0.0,0.0,0.0,31.3,122.6,97341,
2026-07-13,2026-07-13T13:21:37,15,FPO,178748,Kendyl Sullivan,887,171,0.0,0.0,0.0,0.0,0.0,0.0,0.0,3.0,162.1,97341,
2026-07-13,2026-07-13T13:21:37,15,FPO,179200,Jamie Williams,863,154,0.0,0.0,0.0,0.0,0.0,0.0,0.0,0.0,212.0,,
2026-07-13,2026-07-13T13:21:37,15,FPO,179873,Jenny Larsson,916,82,54.0,0.0,0.0,0.0,0.0,0.0,0.0,54.0,92.6,,
2026-07-13,2026-07-13T13:21:37,15,FPO,181772,Ida Emilie Nesse,950,35,334.0,0.06539,0.00427,1.0,0.96994,0.05242,0.0,734.3,30.5,96414;96415;96416;97344;96417;96418,
2026-07-13,2026-07-13T13:21:37,15,FPO,182450,Kajsa Wahl,892,96,36.75,0.0,0.0,0.0,0.0,0.0,0.0,36.8,103.6,,
2026-07-13,2026-07-13T13:21:37,15,FPO,182582,Addison Clark,831,213,0.0,0.0,0.0,0.0,0.0,0.0,0.0,16.5,138.3,96417,
2026-07-13,2026-07-13T13:21:37,15,FPO,184609,Elva-Kate Preston,909,61,107.25,0.0,0.0,0.00019,0.0,0.0,0.0,139.0,66.9,100195;96414;96415;97344,
2026-07-13,2026-07-13T13:21:37,15,FPO,184736,Jennifer Smiley,935,34,337.75,0.00472,0.0,1.0,0.44907,0.0039,0.0,550.8,37.4,97341;96414;96415;96416;97344;96417;96418,
2026-07-13,2026-07-13T13:21:37,15,FPO,185057,Josefine Johansson,927,71,81.0,0.0,0.0,0.00032,0.0,0.0,0.0,96.4,78.1,97344,
2026-07-13,2026-07-13T13:21:37,15,FPO,185534,Sofia Donnecke,964,23,547.5,0.2251,0.01117,1.0,0.99971,0.19931,0.0,806.6,27.4,96414;96418;96419,
2026-07-13,2026-07-13T13:21:37,15,FPO,185627,Athena Cuevas,866,130,14.0,0.0,0.0,0.0,0.0,0.0,0.0,14.0,140.8,,
2026-07-13,2026-07-13T13:21:37,15,FPO,186277,Kassandra Fog Wichmann,879,140,6.0,0.0,0.0,0.0,0.0,0.0,0.0,6.0,153.8,,
2026-07-13,2026-07-13T13:21:37,15,FPO,186629,Sanne Dalseth,861,132,13.5,0.0,0.0,0.0,0.0,0.0,0.0,13.5,142.3,,
2026-07-13,2026-07-13T13:21:37,15,FPO,188837,JJ Sun,883,157,0.0,0.0,0.0,0.0,0.0,0.0,0.0,0.0,204.0,,
2026-07-13,2026-07-13T13:21:37,15,FPO,189702,Taylor Chocek,950,13,749.95,0.56151,0.55551,1.0,1.0,0.00582,0.0,1022.4,18.1,97341;96414;96415;96416;96418;96419,
2026-07-13,2026-07-13T13:21:37,15,FPO,193215,Lexi Marx,928,173,0.0,0.0,0.0,0.00092,0.0,0.0,0.0,78.0,89.1,97341;96414;97344,
2026-07-13,2026-07-13T13:21:37,15,FPO,195549,Kylie Kohut,935,53,135.0,0.00126,0.0,0.49808,0.00024,0.00101,0.0,288.7,51.3,97341;100195;96414;96415,
2026-07-13,2026-07-13T13:21:37,15,FPO,195550,Peyton Kohut,913,84,52.5,1e-05,0.0,0.0,0.0,0.0,0.0,85.2,81.7,100195;96414;96415,
2026-07-13,2026-07-13T13:21:37,15,FPO,196237,Kaire Tekku,928,73,78.75,0.0,0.0,0.0,0.0,0.0,0.0,78.8,84.1,,
2026-07-13,2026-07-13T13:21:37,15,FPO,197689,Isabella Parker,877,122,18.0,0.0,0.0,0.0,0.0,0.0,0.0,18.0,132.9,,
2026-07-13,2026-07-13T13:21:37,15,FPO,198446,Eliezra Midtlyng,944,14,746.58,0.28259,0.27411,1.0,1.0,0.00779,0.0,968.7,20.2,97341;96414;96415;96416;97344;96417;96418;96419,
2026-07-13,2026-07-13T13:21:37,15,FPO,198721,Hannah Kellar,887,104,29.0,0.0,0.0,0.0,0.0,0.0,0.0,32.0,110.2,97341,
2026-07-13,2026-07-13T13:21:37,15,FPO,202571,Elizabete Pēkšena,914,46,205.5,0.0,0.0,0.01562,0.0,0.0,0.0,216.8,57.4,97344;96418,
2026-07-13,2026-07-13T13:21:37,15,FPO,208576,Rebecca Don,960,10,801.99,0.97933,0.97919,1.0,1.0,0.00013,0.0,1188.4,12.7,97341;96414;96415;96416;97344;96418;96419,
2026-07-13,2026-07-13T13:21:37,15,FPO,209432,Eden Fletcher,899,94,38.0,0.0,0.0,0.0,0.0,0.0,0.0,38.0,102.4,,
2026-07-13,2026-07-13T13:21:37,15,FPO,209462,Erika Apple,854,166,0.0,0.0,0.0,0.0,0.0,0.0,0.0,2.0,171.1,97341,
2026-07-13,2026-07-13T13:21:37,15,FPO,210287,Mara Neal,863,177,0.0,0.0,0.0,0.0,0.0,0.0,0.0,2.0,168.8,97341,
2026-07-13,2026-07-13T13:21:37,15,FPO,210972,Kristýna Jurčíková,962,36,331.0,0.13234,7e-05,1.0,0.39123,0.12145,0.0,578.6,36.5,97344;96418,
2026-07-13,2026-07-13T13:21:37,15,FPO,214417,Fleur Verberk,896,200,0.0,0.0,0.0,0.0,0.0,0.0,0.0,2.2,189.3,97344,
2026-07-13,2026-07-13T13:21:37,15,FPO,215439,Sheliemae Lai,948,78,62.0,0.00296,0.0,0.00996,0.0,0.00248,0.0,158.5,65.9,97341,
2026-07-13,2026-07-13T13:21:37,15,FPO,215495,Kelsey Martin,877,207,0.0,0.0,0.0,0.0,0.0,0.0,0.0,2.0,193.0,97344,
2026-07-13,2026-07-13T13:21:37,15,FPO,216558,Iida Lehtomäki,965,27,430.25,0.17751,2e-05,1.0,0.44676,0.16072,0.0,599.8,35.8,97344;96418,
2026-07-13,2026-07-13T13:21:37,15,FPO,217892,Katie Tews,889,170,0.0,0.0,0.0,0.0,0.0,0.0,0.0,3.4,165.6,97341,
2026-07-13,2026-07-13T13:21:37,15,FPO,218760,Sarah Duran,865,135,11.0,0.0,0.0,0.0,0.0,0.0,0.0,11.0,146.3,,
2026-07-13,2026-07-13T13:21:37,15,FPO,218779,Amanda Brightwell,831,160,0.0,0.0,0.0,0.0,0.0,0.0,0.0,2.0,182.2,97341,
2026-07-13,2026-07-13T13:21:37,15,FPO,219693,Anna Damberga,858,117,21.0,0.0,0.0,0.0,0.0,0.0,0.0,21.0,128.2,,
2026-07-13,2026-07-13T13:21:37,15,FPO,221583,Evie Lou Ramey,896,188,0.0,0.0,0.0,0.0,0.0,0.0,0.0,3.0,180.3,100195,
2026-07-13,2026-07-13T13:21:37,15,FPO,222693,Tanisha Platero,856,184,0.0,0.0,0.0,0.0,0.0,0.0,0.0,2.0,169.0,97341,
2026-07-13,2026-07-13T13:21:37,15,FPO,222973,Martje Sumowski,929,101,33.0,0.0,0.0,0.0,0.0,0.0,0.0,33.0,109.8,,
2026-07-13,2026-07-13T13:21:37,15,FPO,223975,Laura Tatiana Niño Carranza,881,172,0.0,0.0,0.0,0.0,0.0,0.0,0.0,4.4,157.0,97341;97344,
2026-07-13,2026-07-13T13:21:37,15,FPO,224238,Julia Fors,951,28,428.5,0.04252,5e-05,1.0,0.58218,0.04011,0.0,593.4,35.9,97344;96418,
2026-07-13,2026-07-13T13:21:37,15,FPO,225016,Naomi Suyat,869,156,0.0,0.0,0.0,0.0,0.0,0.0,0.0,0.0,205.0,,
2026-07-13,2026-07-13T13:21:37,15,FPO,227315,Sarah Wadsworth,901,189,0.0,0.0,0.0,0.0,0.0,0.0,0.0,16.4,136.5,100195;96415,
2026-07-13,2026-07-13T13:21:37,15,FPO,228486,Stefani Ewell,857,136,10.0,0.0,0.0,0.0,0.0,0.0,0.0,10.0,147.6,,
2026-07-13,2026-07-13T13:21:37,15,FPO,229526,Sintija Klezberga,951,15,737.5,0.55348,0.54705,1.0,1.0,0.00582,0.0,1019.2,18.2,97341;96414;96415;97344;96417;96418;96419,
2026-07-13,2026-07-13T13:21:37,15,FPO,231650,Tailey Rowley,913,65,92.25,0.0,0.0,0.00025,0.0,0.0,0.0,114.7,72.2,97341;97344,
2026-07-13,2026-07-13T13:21:37,15,FPO,232666,Rebecka Hoppe,857,141,6.0,0.0,0.0,0.0,0.0,0.0,0.0,6.0,153.6,,
2026-07-13,2026-07-13T13:21:37,15,FPO,232722,Julia Hauch,904,204,0.0,0.0,0.0,0.0,0.0,0.0,0.0,2.7,178.9,97344,
2026-07-13,2026-07-13T13:21:37,15,FPO,235368,Madalyn Payton,897,146,0.0,0.0,0.0,0.0,0.0,0.0,0.0,0.0,208.0,,
2026-07-13,2026-07-13T13:21:37,15,FPO,238187,Ann Deputy,925,72,80.25,0.0,0.0,0.00017,0.0,0.0,0.0,93.4,79.2,97344,
2026-07-13,2026-07-13T13:21:37,15,FPO,240590,Amelia Saechao,875,110,24.0,0.0,0.0,0.0,0.0,0.0,0.0,24.0,119.7,,
2026-07-13,2026-07-13T13:21:37,15,FPO,242116,Eva Lutsenko,920,113,21.75,0.0,0.0,0.0,0.0,0.0,0.0,21.8,125.4,,
2026-07-13,2026-07-13T13:21:37,15,FPO,242331,Ida Kennmark,852,131,13.5,0.0,0.0,0.0,0.0,0.0,0.0,13.5,142.3,,
2026-07-13,2026-07-13T13:21:37,15,FPO,245180,Chelsea Sutton,865,164,0.0,0.0,0.0,0.0,0.0,0.0,0.0,2.0,173.4,97341,
2026-07-13,2026-07-13T13:21:37,15,FPO,245306,Netta Leppäaho,939,62,105.75,0.0,0.0,0.0,0.0,0.0,0.0,105.8,73.9,,
2026-07-13,2026-07-13T13:21:37,15,FPO,245317,Sophi Stephenson,859,133,12.0,0.0,0.0,0.0,0.0,0.0,0.0,12.0,144.1,,
2026-07-13,2026-07-13T13:21:37,15,FPO,254333,Jess Zilch,872,120,19.5,0.0,0.0,0.0,0.0,0.0,0.0,19.5,130.1,,
2026-07-13,2026-07-13T13:21:37,15,FPO,255962,Samantha Zaborowski,904,211,0.0,0.0,0.0,0.0,0.0,0.0,0.0,2.8,192.4,97344,
2026-07-13,2026-07-13T13:21:37,15,FPO,256846,Lea Tomas,885,208,0.0,0.0,0.0,0.0,0.0,0.0,0.0,2.0,192.9,97344,
2026-07-13,2026-07-13T13:21:37,15,FPO,259972,Marion Mattsson,854,134,11.25,0.0,0.0,0.0,0.0,0.0,0.0,11.2,145.3,,
2026-07-13,2026-07-13T13:21:37,15,FPO,261058,Jessica Erickson,885,87,49.0,0.0,0.0,0.0,0.0,0.0,0.0,49.0,96.6,,
2026-07-13,2026-07-13T13:21:37,15,FPO,261216,Victoria Christensen,868,125,17.25,0.0,0.0,0.0,0.0,0.0,0.0,17.2,136.5,,
2026-07-13,2026-07-13T13:21:37,15,FPO,268900,Natalie Berg,883,119,19.5,0.0,0.0,0.0,0.0,0.0,0.0,19.5,130.2,,
2026-07-13,2026-07-13T13:21:37,15,FPO,269838,Daisy Kelly,876,155,0.0,0.0,0.0,0.0,0.0,0.0,0.0,0.0,205.5,,
2026-07-13,2026-07-13T13:21:37,15,FPO,277832,Chandler Reigh,937,30,406.25,0.01188,0.00013,1.0,0.97046,0.01082,0.0,680.5,32.9,97341;100195;96414;96415;96416;97344;96417;96418,
2026-07-13,2026-07-13T13:21:37,15,FPO,278450,Brit Hamburg-Kiin,848,106,28.5,0.0,0.0,0.0,0.0,0.0,0.0,28.5,114.4,,
2026-07-13,2026-07-13T13:21:37,15,FPO,279466,Gry Nagel,810,124,18.0,0.0,0.0,0.0,0.0,0.0,0.0,18.0,134.9,,
2026-07-13,2026-07-13T13:21:37,15,FPO,281626,Una Lokmane,871,105,28.5,0.0,0.0,0.0,0.0,0.0,0.0,28.5,113.8,,
2026-07-13,2026-07-13T13:21:37,15,FPO,284553,Katherine Aydelott,861,142,4.0,0.0,0.0,0.0,0.0,0.0,0.0,6.0,153.2,97341,
2026-07-13,2026-07-13T13:21:37,15,FPO,286978,Michelle Southworth,805,180,0.0,0.0,0.0,0.0,0.0,0.0,0.0,2.0,172.3,97341,
2026-07-13,2026-07-13T13:21:37,15,FPO,288014,Jordan Coomes,847,121,18.0,0.0,0.0,0.0,0.0,0.0,0.0,18.0,132.9,,
2026-07-13,2026-07-13T13:21:37,15,FPO,297287,Marta Villa,849,178,0.0,0.0,0.0,0.0,0.0,0.0,0.0,2.0,173.3,97341,
2026-07-13,2026-07-13T13:21:37,15,FPO,302765,Grace Wilson,891,201,0.0,0.0,0.0,0.0,0.0,0.0,0.0,2.1,183.0,97344,
2026-07-13,2026-07-13T13:21:37,15,FPO,308525,Saga Dahlstedt,906,55,127.5,0.0,0.0,0.0,0.0,0.0,0.0,127.5,69.1,,
2026-07-13,2026-07-13T13:21:37,15,FPO,311218,Mina Alme,891,98,35.25,0.0,0.0,0.0,0.0,0.0,0.0,35.2,106.5,,
2026-07-15,2026-07-15T14:56:48,15,FPO,3024,Chris O'Cleary,914,197,0.0,0.0,0.0,0.0,0.0,0.0,0.0,4.7,180.5,97344,
2026-07-15,2026-07-15T14:56:48,15,FPO,3090,Elaine King,888,198,0.0,0.0,0.0,0.0,0.0,0.0,0.0,2.0,186.8,97344,
2026-07-15,2026-07-15T14:56:48,15,FPO,8803,Ruth Steele,872,181,0.0,0.0,0.0,0.0,0.0,0.0,0.0,2.1,170.9,97341,
2026-07-15,2026-07-15T14:56:48,15,FPO,15354,Jennifer Allen,967,37,313.0,0.2796,0.02032,1.0,0.94661,0.21956,0.0,776.6,28.5,96414;96415;97344;96418,
2026-07-15,2026-07-15T14:56:48,15,FPO,27832,Kona Star Montgomery,949,24,478.0,0.14305,0.11074,1.0,1.0,0.02828,0.0,894.3,23.2,97341;96414;96415;96416;97344;96417;96418;96419,
2026-07-15,2026-07-15T14:56:48,15,FPO,29190,Paige Pierce,968,17,693.17,0.92658,0.92348,1.0,1.0,0.00307,0.0,1143.5,13.7,97341;96414;96416;97344;96418;96419,
2026-07-15,2026-07-15T14:56:48,15,FPO,29947,Stephanie Vincent,925,107,28.0,0.0,0.0,0.0,0.0,0.0,0.0,28.0,115.8,,
2026-07-15,2026-07-15T14:56:48,15,FPO,31041,Sheila Teves,883,153,0.0,0.0,0.0,0.0,0.0,0.0,0.0,0.0,208.2,,
2026-07-15,2026-07-15T14:56:48,15,FPO,32654,Lisa Fajkus,958,21,593.83,0.34105,0.29257,1.0,1.0,0.04055,0.0,965.3,20.2,96414;96415;96416;96417;96418;96419,
2026-07-15,2026-07-15T14:56:48,15,FPO,32917,Rebecca Cox,951,31,397.0,0.07,0.00999,1.0,0.9917,0.05119,0.0,774.1,28.6,96414;96415;96416;97344;96417;96418,
2026-07-15,2026-07-15T14:56:48,15,FPO,32925,Lindsay Fish,882,175,0.0,0.0,0.0,0.0,0.0,0.0,0.0,2.5,161.2,97341,
2026-07-15,2026-07-15T14:56:48,15,FPO,34563,Sarah Hokom,949,63,101.0,0.02217,0.0,0.97063,0.06701,0.01453,0.0,435.5,42.7,96414;96415;96416;97344;96417;96418,
2026-07-15,2026-07-15T14:56:48,15,FPO,35321,Sofie Björlycke,936,70,83.25,0.0,0.0,0.0,0.0,0.0,0.0,83.2,81.4,,
2026-07-15,2026-07-15T14:56:48,15,FPO,35774,Camilla Jernberg,873,139,7.5,0.0,0.0,0.0,0.0,0.0,0.0,7.5,151.4,,
2026-07-15,2026-07-15T14:56:48,15,FPO,36307,Amanda Branch,887,194,0.0,0.0,0.0,0.0,0.0,0.0,0.0,2.0,188.0,97344,
2026-07-15,2026-07-15T14:56:48,15,FPO,39504,Zoe AnDyke,930,74,77.0,0.0,0.0,0.0,0.0,0.0,0.0,77.0,85.6,,
2026-07-15,2026-07-15T14:56:48,15,FPO,43995,Taylor Foth,902,151,0.0,0.0,0.0,0.0,0.0,0.0,0.0,0.0,202.7,,
2026-07-15,2026-07-15T14:56:48,15,FPO,44184,Catrina Allen,961,7,1010.08,0.99999,0.99999,1.0,1.0,0.0,0.0,1326.3,9.1,97341;100195;96414;96415;96416;97344;96417;96418;96419,
2026-07-15,2026-07-15T14:56:48,15,FPO,45407,Brittney Armentrout,851,163,0.0,0.0,0.0,0.0,0.0,0.0,0.0,2.0,174.2,97341,
2026-07-15,2026-07-15T14:56:48,15,FPO,48199,Alison Blakeman,870,158,0.0,0.0,0.0,0.0,0.0,0.0,0.0,0.0,204.4,,
2026-07-15,2026-07-15T14:56:48,15,FPO,48976,Ohn Scoggins,990,4,1219.0,1.0,1.0,1.0,1.0,0.0,0.40201,2204.4,1.8,97341;100195;96414;96415;96416;97344;96417;96418;96419,
2026-07-15,2026-07-15T14:56:48,15,FPO,50656,Jessica Gurthie,955,20,608.0,1.0,0.8032,1.0,1.0,0.00312,0.0,1088.8,15.6,97341;96414;96415;96416;97344;96417;96418;96419,
2026-07-15,2026-07-15T14:56:48,15,FPO,51277,Holly Finley,929,45,214.0,0.00027,0.0,0.97296,0.00064,9e-05,0.0,331.4,48.2,96414;96415;97344;96417;96418,
2026-07-15,2026-07-15T14:56:48,15,FPO,58303,Sai Ananda,949,182,0.0,0.0041,0.0,0.0466,0.00011,0.00306,0.0,159.9,68.7,97341;97344,
2026-07-15,2026-07-15T14:56:48,15,FPO,59227,Henna Blomroos,969,9,890.0,1.0,0.99572,1.0,1.0,1e-05,0.0,1219.1,11.5,97341;96414;97344;96418;96419,
2026-07-15,2026-07-15T14:56:48,15,FPO,59431,Madison Walker,951,19,646.83,0.17134,0.1338,1.0,1.0,0.03254,0.0,914.6,22.3,97341;96414;96415;96416;97344;96417;96418;96419,
2026-07-15,2026-07-15T14:56:48,15,FPO,60798,Madison Tomaino,921,69,83.5,0.0,0.0,1e-05,0.0,0.0,0.0,120.9,71.1,96416,
2026-07-15,2026-07-15T14:56:48,15,FPO,61144,Emily Beach,901,147,0.0,0.0,0.0,0.0,0.0,0.0,0.0,0.0,204.2,,
2026-07-15,2026-07-15T14:56:48,15,FPO,61990,Katka Boďová,916,88,48.0,0.0,0.0,0.0,0.0,0.0,0.0,48.0,97.8,,
2026-07-15,2026-07-15T14:56:48,15,FPO,62879,Valerie Mandujano,975,18,673.16,1.0,1.0,1.0,1.0,0.0,0.0,1471.4,7.3,97341;96414;96415;96416;97344;96417;96418;96419,
2026-07-15,2026-07-15T14:56:48,15,FPO,62880,Alexis Mandujano,960,32,352.5,0.23561,0.11492,1.0,0.99913,0.09793,0.0,881.6,23.8,96414;96415;96416;97344;96417;96418;96419,
2026-07-15,2026-07-15T14:56:48,15,FPO,63257,Maria Oliva,920,42,237.0,2e-05,0.0,0.99985,0.00015,2e-05,0.0,341.8,47.3,96414;96415;96416;97344;96417;96418,
2026-07-15,2026-07-15T14:56:48,15,FPO,64927,Eveliina Salonen,988,6,1164.67,1.0,1.0,1.0,1.0,0.0,0.0,1684.0,5.4,97341;96414;97344;96418;96419,
2026-07-15,2026-07-15T14:56:48,15,FPO,65489,Lauren Butler,916,51,157.75,1e-05,0.0,0.08412,0.0,0.0,0.0,226.3,56.6,96414;96415;97344;96417,
2026-07-15,2026-07-15T14:56:48,15,FPO,66063,Ashlee Johnson,859,152,0.0,0.0,0.0,0.0,0.0,0.0,0.0,0.0,201.0,,
2026-07-15,2026-07-15T14:56:48,15,FPO,66599,Heidi Laine,959,12,764.75,0.91416,0.91322,1.0,1.0,0.00092,0.0,1125.6,14.3,97341;96414;96415;96416;97344;96418;96419,
2026-07-15,2026-07-15T14:56:48,15,FPO,69584,Danielle Weigandt,853,165,0.0,0.0,0.0,0.0,0.0,0.0,0.0,2.0,175.1,97341,
2026-07-15,2026-07-15T14:56:48,15,FPO,71262,Erika Stinchcomb,920,44,222.25,5e-05,0.0,0.99857,0.0004,0.0,0.0,346.0,47.1,97341;96414;96415;96416;97344;96417;96418,
2026-07-15,2026-07-15T14:56:48,15,FPO,72635,Kersti Miller,890,99,34.5,0.0,0.0,0.0,0.0,0.0,0.0,34.5,107.9,,
2026-07-15,2026-07-15T14:56:48,15,FPO,74708,Casey Pennington,916,95,37.5,0.0,0.0,0.0,0.0,0.0,0.0,58.3,93.1,97341,
2026-07-15,2026-07-15T14:56:48,15,FPO,75029,Cynthia Ricciotti,917,60,107.25,3e-05,0.0,0.01009,0.0,0.0,0.0,180.4,61.5,100195;96414;96415;97344;96417,
2026-07-15,2026-07-15T14:56:48,15,FPO,76009,Virginia Polkinghorne,884,190,0.0,0.0,0.0,0.0,0.0,0.0,0.0,1.6,193.2,100195,
2026-07-15,2026-07-15T14:56:48,15,FPO,77385,Matilda Ringbom,947,40,274.0,0.01055,0.0,0.90374,0.00012,0.01,0.0,332.9,48.3,96418,
2026-07-15,2026-07-15T14:56:48,15,FPO,78232,Tiger Borth,899,116,21.0,0.0,0.0,0.0,0.0,0.0,0.0,23.3,122.7,97344,
2026-07-15,2026-07-15T14:56:48,15,FPO,79233,Cadence Burge,971,64,95.25,0.4084,0.02234,0.99997,0.88026,0.28217,0.0,760.4,29.1,96414;96415;96416;97344;96417;96418,
2026-07-15,2026-07-15T14:56:48,15,FPO,80935,Lindsey Maas,902,102,32.25,0.0,0.0,0.0,0.0,0.0,0.0,39.2,103.4,96414;97344,
2026-07-15,2026-07-15T14:56:48,15,FPO,82809,Alex von Stade,893,112,22.0,0.0,0.0,0.0,0.0,0.0,0.0,22.0,124.3,,
2026-07-15,2026-07-15T14:56:48,15,FPO,83376,Cassandra Lioi,890,138,8.0,0.0,0.0,0.0,0.0,0.0,0.0,8.0,150.4,,
2026-07-15,2026-07-15T14:56:48,15,FPO,84279,Kaidi Allsalu,956,47,203.62,0.04348,0.0,0.0,0.0,0.04079,0.0,300.3,50.9,,
2026-07-15,2026-07-15T14:56:48,15,FPO,85189,Samantha Bonacci,870,126,16.5,0.0,0.0,0.0,0.0,0.0,0.0,22.4,124.8,96415,
2026-07-15,2026-07-15T14:56:48,15,FPO,85484,Anneli Tõugjas-Männiste,957,25,456.0,0.15548,0.05039,1.0,0.99952,0.08611,0.0,844.8,25.4,97341;96414;96415;97344;96417;96418;96419,
2026-07-15,2026-07-15T14:56:48,15,FPO,85942,Missy Gannon,985,3,1311.5,1.0,1.0,1.0,1.0,0.0,0.00333,1882.5,4.1,97341;96414;96415;96416;97344;96417;96418;96419,
2026-07-15,2026-07-15T14:56:48,15,FPO,87094,Rose Shertick,918,210,0.0,0.0,0.0,0.0,0.0,0.0,0.0,6.5,183.2,97344,
2026-07-15,2026-07-15T14:56:48,15,FPO,87443,Andrea Cammack,874,161,0.0,0.0,0.0,0.0,0.0,0.0,0.0,2.1,173.7,97341,
2026-07-15,2026-07-15T14:56:48,15,FPO,94085,Keiti Tätte,957,49,184.12,0.02574,0.0,0.0,0.0,0.02421,0.0,235.8,56.8,,
2026-07-15,2026-07-15T14:56:48,15,FPO,96090,Sonja Laine,899,97,36.0,0.0,0.0,0.0,0.0,0.0,0.0,36.0,105.0,,
2026-07-15,2026-07-15T14:56:48,15,FPO,96480,Tori Pasquin,833,185,0.0,0.0,0.0,0.0,0.0,0.0,0.0,2.0,177.7,97341,
2026-07-15,2026-07-15T14:56:48,15,FPO,97238,Jannicke Hjemli,862,137,9.75,0.0,0.0,0.0,0.0,0.0,0.0,9.8,149.0,,
2026-07-15,2026-07-15T14:56:48,15,FPO,99441,Lykke Lorentzen,923,90,43.0,0.0,0.0,4e-05,0.0,0.0,0.0,60.0,91.3,100195;97344,
2026-07-15,2026-07-15T14:56:48,15,FPO,99455,Kat Mertsch,964,8,938.67,0.9998,0.9998,1.0,1.0,0.0,0.0,1313.6,9.4,97341;96414;96415;96416;97344;96417;96418;96419,
2026-07-15,2026-07-15T14:56:48,15,FPO,101949,Ratana McMahon,885,54,129.75,0.0,0.0,0.0,0.0,0.0,0.0,138.1,67.0,96415,
2026-07-15,2026-07-15T14:56:48,15,FPO,102024,Danielle Keen,896,150,0.0,0.0,0.0,0.0,0.0,0.0,0.0,0.0,200.5,,
2026-07-15,2026-07-15T14:56:48,15,FPO,103743,Karen Martel,926,129,15.0,0.0,0.0,1e-05,0.0,0.0,0.0,27.6,125.5,97344,
2026-07-15,2026-07-15T14:56:48,15,FPO,104187,Macie Velediaz,957,38,294.67,0.09381,0.00033,1.0,0.64176,0.07375,0.0,628.4,34.8,96414;97344;96417;96418,
2026-07-15,2026-07-15T14:56:48,15,FPO,104314,Violet Main,945,41,250.0,0.01233,0.0,1.0,0.13773,0.00874,0.0,484.5,40.3,97341;96414;97344;96417;96418,
2026-07-15,2026-07-15T14:56:48,15,FPO,104814,Ellie Bryant,904,115,21.75,0.0,0.0,0.0,0.0,0.0,0.0,31.0,114.2,97341,
2026-07-15,2026-07-15T14:56:48,15,FPO,105126,Aria Castruita,949,145,0.0,0.00083,0.0,0.00091,0.0,0.00019,0.0,87.2,85.0,97341,
2026-07-15,2026-07-15T14:56:48,15,FPO,106489,Anna Pinter,875,114,21.75,0.0,0.0,0.0,0.0,0.0,0.0,21.8,126.3,,
2026-07-15,2026-07-15T14:56:48,15,FPO,107297,Maria Liivamägi,857,109,24.0,0.0,0.0,0.0,0.0,0.0,0.0,24.0,119.4,,
2026-07-15,2026-07-15T14:56:48,15,FPO,107335,Silva Saarinen,991,2,1414.84,1.0,1.0,1.0,1.0,0.0,0.46707,2219.0,1.7,97341;96414;96415;96416;97344;96418;96419,
2026-07-15,2026-07-15T14:56:48,15,FPO,108871,Brook Johnson,905,108,24.0,0.0,0.0,0.0,0.0,0.0,0.0,26.7,116.8,97344,
2026-07-15,2026-07-15T14:56:48,15,FPO,109337,Cathy Kuhn,860,148,0.0,0.0,0.0,0.0,0.0,0.0,0.0,0.0,213.0,,
2026-07-15,2026-07-15T14:56:48,15,FPO,109996,Anniken Kristiansen Steen,964,16,700.29,0.25667,0.12925,1.0,1.0,0.12469,0.0,914.2,22.3,97344;96418;96419,
2026-07-15,2026-07-15T14:56:48,15,FPO,111487,Emily Weatherman,958,11,773.33,0.97338,0.97326,1.0,1.0,0.00012,0.0,1170.5,12.9,97341;96414;96415;96416;97344;96417;96418;96419,
2026-07-15,2026-07-15T14:56:48,15,FPO,112647,Hanna Huynh,962,22,561.0,0.92367,0.92179,1.0,1.0,0.00166,0.0,1143.3,13.8,97341;96414;96415;96416;97344;96417;96418;96419,
2026-07-15,2026-07-15T14:56:48,15,FPO,115503,Olivia Kindstedt,946,48,189.0,0.00813,0.0,0.30587,0.00046,0.00742,0.0,292.6,51.4,97344,
2026-07-15,2026-07-15T14:56:48,15,FPO,116694,Kristi Unt,925,89,45.0,0.0,0.0,0.0,0.0,0.0,0.0,45.0,99.2,,
2026-07-15,2026-07-15T14:56:48,15,FPO,121554,Elina Rydberg,898,111,23.25,0.0,0.0,0.0,0.0,0.0,0.0,23.2,122.0,,
2026-07-15,2026-07-15T14:56:48,15,FPO,124064,Shelby Cowen,914,56,127.0,2e-05,0.0,0.04014,0.0,0.0,0.0,202.9,59.0,97341;96414;96415;96417,
2026-07-15,2026-07-15T14:56:48,15,FPO,126226,Kati Chachere,843,169,0.0,0.0,0.0,0.0,0.0,0.0,0.0,2.0,165.1,97341,
2026-07-15,2026-07-15T14:56:48,15,FPO,128395,Michelle Saggboy,894,179,0.0,0.0,0.0,0.0,0.0,0.0,0.0,4.5,162.6,97341,
2026-07-15,2026-07-15T14:56:48,15,FPO,128532,Maarja Soasepp,905,91,42.0,0.0,0.0,0.0,0.0,0.0,0.0,42.0,100.8,,
2026-07-15,2026-07-15T14:56:48,15,FPO,130187,Kat Johnson,910,205,0.0,0.0,0.0,0.0,0.0,0.0,0.0,3.6,176.3,97344,
2026-07-15,2026-07-15T14:56:48,15,FPO,130342,Chantel Budinsky,957,81,58.5,0.04452,0.0,0.18931,0.00125,0.02922,0.0,269.1,54.9,97344;96417,
2026-07-15,2026-07-15T14:56:48,15,FPO,130822,Hannah Manis,932,202,0.0,0.0,0.0,1e-05,0.0,0.0,0.0,20.4,148.5,97344,
2026-07-15,2026-07-15T14:56:48,15,FPO,131583,Hannah Lengel,954,191,0.0,0.01286,0.0,0.00351,0.0,0.0021,0.0,124.5,73.2,96414;96417,
2026-07-15,2026-07-15T14:56:48,15,FPO,132291,Ashley Phelps,904,143,2.0,0.0,0.0,0.0,0.0,0.0,0.0,11.3,146.2,97341,
2026-07-15,2026-07-15T14:56:48,15,FPO,132627,Jenn Cazanov-Diggs,905,168,0.0,0.0,0.0,0.0,0.0,0.0,0.0,10.0,160.4,97341,
2026-07-15,2026-07-15T14:56:48,15,FPO,133547,Holyn Handley,986,1,1668.34,1.0,1.0,1.0,1.0,0.0,0.12759,2112.8,2.5,97341;96414;96415;96416;97344;96418;96419,
2026-07-15,2026-07-15T14:56:48,15,FPO,133701,Nathalie Ortiz,907,77,64.25,0.0,0.0,0.0,0.0,0.0,0.0,64.2,89.6,,
2026-07-15,2026-07-15T14:56:48,15,FPO,135383,Emma Arp,912,187,0.0,0.0,0.0,0.0,0.0,0.0,0.0,5.5,161.2,100195,
2026-07-15,2026-07-15T14:56:48,15,FPO,138272,Raven Klein,941,26,437.5,0.02018,0.0024,1.0,0.99349,0.01575,0.0,741.0,30.2,97341;96414;96415;96416;97344;96417;96418,
2026-07-15,2026-07-15T14:56:48,15,FPO,139109,Leah Tsinajinnie,927,83,53.0,4e-05,0.0,0.00178,0.0,1e-05,0.0,105.0,76.9,97341;97344,
2026-07-15,2026-07-15T14:56:48,15,FPO,139387,Hanna Jansson,903,86,50.25,0.0,0.0,0.0,0.0,0.0,0.0,50.2,95.1,,
2026-07-15,2026-07-15T14:56:48,15,FPO,139738,Megan Dophal,908,209,0.0,0.0,0.0,0.0,0.0,0.0,0.0,3.2,190.7,97344,
2026-07-15,2026-07-15T14:56:48,15,FPO,140660,María Eldey Kristínardóttir,916,66,91.5,0.0,0.0,0.0,0.0,0.0,0.0,91.5,78.4,,
2026-07-15,2026-07-15T14:56:48,15,FPO,140947,Nina Bennett,946,92,40.5,0.00451,0.0,0.0221,1e-05,0.00142,0.0,150.4,68.2,97344;96417,
2026-07-15,2026-07-15T14:56:48,15,FPO,142259,Katheryn Maloney,901,206,0.0,0.0,0.0,0.0,0.0,0.0,0.0,2.4,179.8,97344,
2026-07-15,2026-07-15T14:56:48,15,FPO,142354,Alexis Kerman,921,59,111.5,2e-05,0.0,0.26849,1e-05,0.0,0.0,244.8,55.0,97341;96414;96415;96416;97344;96417,
2026-07-15,2026-07-15T14:56:48,15,FPO,143423,Ember Simonis,916,199,0.0,0.0,0.0,0.0,0.0,0.0,0.0,5.4,178.3,97344,
2026-07-15,2026-07-15T14:56:48,15,FPO,143720,Jessica Kinard,906,193,0.0,0.0,0.0,0.0,0.0,0.0,0.0,24.7,122.2,96416,
2026-07-15,2026-07-15T14:56:48,15,FPO,144112,Ella Hansen,976,5,1214.08,1.0,1.0,1.0,1.0,0.0,0.0,1643.9,5.7,97341;96414;96415;96416;97344;96418;96419,
2026-07-15,2026-07-15T14:56:48,15,FPO,144791,Emily Yale,893,80,59.0,0.0,0.0,0.0,0.0,0.0,0.0,98.1,76.7,97341;96415;96416;97344,
2026-07-15,2026-07-15T14:56:48,15,FPO,146137,Dani K. Hart,951,33,349.5,0.07246,0.01071,1.0,0.99216,0.05165,0.0,774.8,28.6,97341;96414;96415;96416;97344;96417;96418,
2026-07-15,2026-07-15T14:56:48,15,FPO,146304,MJ Gager,933,50,160.5,0.00038,0.0,0.11096,0.0,0.00034,0.0,235.9,55.9,97341;97344,
2026-07-15,2026-07-15T14:56:48,15,FPO,147050,Ali Smith,946,76,66.0,0.00171,0.0,0.00926,1e-05,0.00137,0.0,153.3,66.8,97341,
2026-07-15,2026-07-15T14:56:48,15,FPO,147393,Sadie Shattuck,866,127,16.0,0.0,0.0,0.0,0.0,0.0,0.0,16.0,139.6,,
2026-07-15,2026-07-15T14:56:48,15,FPO,149548,VicToria Scott,887,212,0.0,0.0,0.0,0.0,0.0,0.0,0.0,2.0,196.9,97344,
2026-07-15,2026-07-15T14:56:48,15,FPO,149803,Candyce Boyce,895,100,33.0,0.0,0.0,0.0,0.0,0.0,0.0,33.0,109.6,,
2026-07-15,2026-07-15T14:56:48,15,FPO,150057,Hailey Huber,932,167,0.0,1e-05,0.0,2e-05,0.0,0.0,0.0,46.6,108.3,97341,
2026-07-15,2026-07-15T14:56:48,15,FPO,151072,Jennifer Rice,894,123,18.0,0.0,0.0,0.0,0.0,0.0,0.0,18.0,135.2,,
2026-07-15,2026-07-15T14:56:48,15,FPO,152191,Kelley Foster,933,39,280.5,0.00126,0.0,1.0,0.13184,0.00088,0.0,486.9,40.0,97341;96414;96415;96416;96417;96418,
2026-07-15,2026-07-15T14:56:48,15,FPO,154098,Ariel Walker,943,93,38.25,0.00138,0.0,0.04214,2e-05,0.00103,0.0,162.6,66.5,97341;97344,
2026-07-15,2026-07-15T14:56:48,15,FPO,155026,Amanda Lennartsson,947,29,409.0,0.01003,0.0,1.0,0.037,0.00948,0.0,467.6,40.9,96418,
2026-07-15,2026-07-15T14:56:48,15,FPO,156259,Ella Tejler,898,75,73.5,0.0,0.0,0.0,0.0,0.0,0.0,73.5,87.2,,
2026-07-15,2026-07-15T14:56:48,15,FPO,156781,Audrey Wicklander,891,195,0.0,0.0,0.0,0.0,0.0,0.0,0.0,2.1,187.7,97344,
2026-07-15,2026-07-15T14:56:48,15,FPO,157471,Nid Ovathanasin,936,128,15.0,0.00014,0.0,0.00079,0.0,2e-05,0.0,72.8,90.6,96414;97344,
2026-07-15,2026-07-15T14:56:48,15,FPO,158385,Destyne Martinez,865,144,2.0,0.0,0.0,0.0,0.0,0.0,0.0,2.0,169.2,,
2026-07-15,2026-07-15T14:56:48,15,FPO,158461,Shiru Liu,914,79,61.5,0.0,0.0,1e-05,0.0,0.0,0.0,79.9,84.2,97341,
2026-07-15,2026-07-15T14:56:48,15,FPO,160103,Jacquelyn DeLude,877,203,0.0,0.0,0.0,0.0,0.0,0.0,0.0,2.0,181.9,97344,
2026-07-15,2026-07-15T14:56:48,15,FPO,161231,Sarah May,856,183,0.0,0.0,0.0,0.0,0.0,0.0,0.0,2.0,170.0,97341,
2026-07-15,2026-07-15T14:56:48,15,FPO,161918,Addison Woodard,950,67,89.75,0.02876,2e-05,0.99435,0.20329,0.02003,0.0,496.8,40.0,97341;96415;96416;97344;96417;96418,
2026-07-15,2026-07-15T14:56:48,15,FPO,162735,Eden Fornoff,922,192,0.0,0.0,0.0,0.0,0.0,0.0,0.0,24.7,121.5,96416,
2026-07-15,2026-07-15T14:56:48,15,FPO,162896,Therese Cuevas,937,52,143.0,0.00111,0.0,0.25822,0.00017,0.00101,0.0,255.2,54.4,97341;97344,
2026-07-15,2026-07-15T14:56:48,15,FPO,164788,Alecia Hinkson,930,58,112.5,0.00032,0.0,0.05092,0.0,0.00012,0.0,196.8,59.9,96414;97344;96417,
2026-07-15,2026-07-15T14:56:48,15,FPO,165652,Ceci Vollbrecht,899,196,0.0,0.0,0.0,0.0,0.0,0.0,0.0,2.3,190.7,97344,
2026-07-15,2026-07-15T14:56:48,15,FPO,166082,Ashton Webberley,904,162,0.0,0.0,0.0,0.0,0.0,0.0,0.0,9.1,158.5,97341,
2026-07-15,2026-07-15T14:56:48,15,FPO,166749,Mackenzie Morris,884,176,0.0,0.0,0.0,0.0,0.0,0.0,0.0,2.7,160.1,97341,
2026-07-15,2026-07-15T14:56:48,15,FPO,167255,AK Kaestner,820,159,0.0,0.0,0.0,0.0,0.0,0.0,0.0,2.0,190.2,97341,
2026-07-15,2026-07-15T14:56:48,15,FPO,168863,Trinity Bryant,921,43,233.0,4e-05,0.0,0.99905,0.00069,2e-05,0.0,352.9,46.7,97341;96414;96415;96416;97344;96418,
2026-07-15,2026-07-15T14:56:48,15,FPO,170182,Rebecca Minnick,865,103,29.0,0.0,0.0,0.0,0.0,0.0,0.0,29.0,112.7,,
2026-07-15,2026-07-15T14:56:48,15,FPO,173601,Marie Kielas,914,85,51.0,0.0,0.0,0.0,0.0,0.0,0.0,51.0,94.0,,
2026-07-15,2026-07-15T14:56:48,15,FPO,173883,Lillianne Waite,837,174,0.0,0.0,0.0,0.0,0.0,0.0,0.0,2.0,163.0,97341,
2026-07-15,2026-07-15T14:56:48,15,FPO,173961,Ellie Caldwell,860,186,0.0,0.0,0.0,0.0,0.0,0.0,0.0,0.2,208.2,100195,
2026-07-15,2026-07-15T14:56:48,15,FPO,176242,Morgan Lynds,931,68,87.75,1e-05,0.0,0.00097,0.0,1e-05,0.0,107.2,75.2,97344,
2026-07-15,2026-07-15T14:56:48,15,FPO,176243,Jordan Lynds,945,57,113.25,0.00535,0.0,0.14646,0.00021,0.00429,0.0,235.4,56.8,96414;97344,
2026-07-15,2026-07-15T14:56:48,15,FPO,176481,Karissa Dedmon,917,118,20.0,0.0,0.0,2e-05,0.0,0.0,0.0,48.2,101.4,97341;97344,
2026-07-15,2026-07-15T14:56:48,15,FPO,178707,Joleigh Miller,929,149,0.0,0.0,0.0,0.0,0.0,0.0,0.0,41.1,112.7,97341,
2026-07-15,2026-07-15T14:56:48,15,FPO,178748,Kendyl Sullivan,887,171,0.0,0.0,0.0,0.0,0.0,0.0,0.0,3.0,162.3,97341,
2026-07-15,2026-07-15T14:56:48,15,FPO,179200,Jamie Williams,863,154,0.0,0.0,0.0,0.0,0.0,0.0,0.0,0.0,212.0,,
2026-07-15,2026-07-15T14:56:48,15,FPO,179873,Jenny Larsson,921,82,54.0,0.0,0.0,0.0,0.0,0.0,0.0,54.0,92.6,,
2026-07-15,2026-07-15T14:56:48,15,FPO,181772,Ida Emilie Nesse,948,35,334.0,0.04509,0.00167,1.0,0.92866,0.03737,0.0,702.0,31.9,96414;96415;96416;97344;96417;96418,
2026-07-15,2026-07-15T14:56:48,15,FPO,182450,Kajsa Wahl,893,96,36.75,0.0,0.0,0.0,0.0,0.0,0.0,36.8,103.9,,
2026-07-15,2026-07-15T14:56:48,15,FPO,182582,Addison Clark,824,213,0.0,0.0,0.0,0.0,0.0,0.0,0.0,16.5,138.6,96417,
2026-07-15,2026-07-15T14:56:48,15,FPO,184609,Elva-Kate Preston,908,61,107.25,0.0,0.0,0.00015,0.0,0.0,0.0,137.8,67.5,100195;96414;96415;97344,
2026-07-15,2026-07-15T14:56:48,15,FPO,184736,Jennifer Smiley,934,34,337.75,0.00271,0.0,1.0,0.31979,0.00206,0.0,534.0,38.2,97341;96414;96415;96416;97344;96417;96418,
2026-07-15,2026-07-15T14:56:48,15,FPO,185057,Josefine Johansson,934,71,81.0,1e-05,0.0,0.00127,0.0,1e-05,0.0,105.1,76.2,97344,
2026-07-15,2026-07-15T14:56:48,15,FPO,185534,Sofia Donnecke,961,23,547.5,0.16114,0.00472,1.0,0.99885,0.14682,0.0,781.7,28.3,96414;96418,
2026-07-15,2026-07-15T14:56:48,15,FPO,185627,Athena Cuevas,866,130,14.0,0.0,0.0,0.0,0.0,0.0,0.0,14.0,141.1,,
2026-07-15,2026-07-15T14:56:48,15,FPO,186277,Kassandra Fog Wichmann,871,140,6.0,0.0,0.0,0.0,0.0,0.0,0.0,6.0,154.1,,
2026-07-15,2026-07-15T14:56:48,15,FPO,186629,Sanne Dalseth,880,132,13.5,0.0,0.0,0.0,0.0,0.0,0.0,13.5,142.7,,
2026-07-15,2026-07-15T14:56:48,15,FPO,188837,JJ Sun,883,157,0.0,0.0,0.0,0.0,0.0,0.0,0.0,0.0,204.0,,
2026-07-15,2026-07-15T14:56:48,15,FPO,189702,Taylor Chocek,947,13,749.95,0.40571,0.39903,1.0,1.0,0.00645,0.0,992.6,19.1,97341;96414;96415;96416;96418;96419,
2026-07-15,2026-07-15T14:56:48,15,FPO,193215,Lexi Marx,929,173,0.0,0.0,0.0,0.0012,0.0,0.0,0.0,80.0,88.4,97341;96414;97344,
2026-07-15,2026-07-15T14:56:48,15,FPO,195549,Kylie Kohut,933,53,135.0,0.0006,0.0,0.41583,0.0001,0.00044,0.0,272.8,52.7,97341;100195;96414;96415,
2026-07-15,2026-07-15T14:56:48,15,FPO,195550,Peyton Kohut,913,84,52.5,1e-05,0.0,0.0,0.0,0.0,0.0,85.5,81.9,100195;96414;96415,
2026-07-15,2026-07-15T14:56:48,15,FPO,196237,Kaire Tekku,923,73,78.75,0.0,0.0,0.0,0.0,0.0,0.0,78.8,84.4,,
2026-07-15,2026-07-15T14:56:48,15,FPO,197689,Isabella Parker,877,122,18.0,0.0,0.0,0.0,0.0,0.0,0.0,18.0,133.2,,
2026-07-15,2026-07-15T14:56:48,15,FPO,198446,Eliezra Midtlyng,948,14,746.58,0.47393,0.46761,1.0,1.0,0.0057,0.0,1005.0,18.6,97341;96414;96415;96416;97344;96417;96418;96419,
2026-07-15,2026-07-15T14:56:48,15,FPO,198721,Hannah Kellar,898,104,29.0,0.0,0.0,0.0,0.0,0.0,0.0,34.9,108.3,97341,
2026-07-15,2026-07-15T14:56:48,15,FPO,202571,Elizabete Pēkšena,932,46,205.5,0.00037,0.0,0.14238,2e-05,0.00035,0.0,247.3,54.8,97344;96418,
2026-07-15,2026-07-15T14:56:48,15,FPO,208576,Rebecca Don,961,10,801.99,0.98241,0.98234,1.0,1.0,7e-05,0.0,1196.6,12.2,97341;96414;96415;96416;97344;96418;96419,
2026-07-15,2026-07-15T14:56:48,15,FPO,209432,Eden Fletcher,905,94,38.0,0.0,0.0,0.0,0.0,0.0,0.0,38.0,102.7,,
2026-07-15,2026-07-15T14:56:48,15,FPO,209462,Erika Apple,854,166,0.0,0.0,0.0,0.0,0.0,0.0,0.0,2.0,172.7,97341,
2026-07-15,2026-07-15T14:56:48,15,FPO,210287,Mara Neal,864,177,0.0,0.0,0.0,0.0,0.0,0.0,0.0,2.0,168.5,97341,
2026-07-15,2026-07-15T14:56:48,15,FPO,210972,Kristýna Jurčíková,970,36,331.0,0.2681,0.00066,1.0,0.60628,0.2418,0.0,652.3,33.8,97344;96418,
2026-07-15,2026-07-15T14:56:48,15,FPO,214417,Fleur Verberk,899,200,0.0,0.0,0.0,0.0,0.0,0.0,0.0,2.3,188.8,97344,
2026-07-15,2026-07-15T14:56:48,15,FPO,215439,Sheliemae Lai,946,78,62.0,0.00129,0.0,0.00718,0.0,0.00104,0.0,148.0,67.7,97341,
2026-07-15,2026-07-15T14:56:48,15,FPO,215495,Kelsey Martin,877,207,0.0,0.0,0.0,0.0,0.0,0.0,0.0,2.0,192.3,97344,
2026-07-15,2026-07-15T14:56:48,15,FPO,216558,Iida Lehtomäki,963,27,430.25,0.12169,0.0,1.0,0.32463,0.11052,0.0,575.8,36.8,97344;96418,
2026-07-15,2026-07-15T14:56:48,15,FPO,217892,Katie Tews,892,170,0.0,0.0,0.0,0.0,0.0,0.0,0.0,3.9,164.9,97341,
2026-07-15,2026-07-15T14:56:48,15,FPO,218760,Sarah Duran,865,135,11.0,0.0,0.0,0.0,0.0,0.0,0.0,11.0,146.6,,
2026-07-15,2026-07-15T14:56:48,15,FPO,218779,Amanda Brightwell,831,160,0.0,0.0,0.0,0.0,0.0,0.0,0.0,2.0,182.1,97341,
2026-07-15,2026-07-15T14:56:48,15,FPO,219693,Anna Damberga,864,117,21.0,0.0,0.0,0.0,0.0,0.0,0.0,21.0,128.4,,
2026-07-15,2026-07-15T14:56:48,15,FPO,221583,Evie Lou Ramey,894,188,0.0,0.0,0.0,0.0,0.0,0.0,0.0,2.9,181.1,100195,
2026-07-15,2026-07-15T14:56:48,15,FPO,222693,Tanisha Platero,856,184,0.0,0.0,0.0,0.0,0.0,0.0,0.0,2.0,169.0,97341,
2026-07-15,2026-07-15T14:56:48,15,FPO,222973,Martje Sumowski,913,101,33.0,0.0,0.0,0.0,0.0,0.0,0.0,33.0,110.0,,
2026-07-15,2026-07-15T14:56:48,15,FPO,223975,Laura Tatiana Niño Carranza,875,172,0.0,0.0,0.0,0.0,0.0,0.0,0.0,4.2,157.7,97341;97344,
2026-07-15,2026-07-15T14:56:48,15,FPO,224238,Julia Fors,962,28,428.5,0.14873,0.00105,1.0,0.82601,0.13741,0.0,684.7,32.5,97344;96418,
2026-07-15,2026-07-15T14:56:48,15,FPO,225016,Naomi Suyat,869,156,0.0,0.0,0.0,0.0,0.0,0.0,0.0,0.0,205.0,,
2026-07-15,2026-07-15T14:56:48,15,FPO,227315,Sarah Wadsworth,901,189,0.0,0.0,0.0,0.0,0.0,0.0,0.0,16.8,136.2,100195;96415,
2026-07-15,2026-07-15T14:56:48,15,FPO,228486,Stefani Ewell,857,136,10.0,0.0,0.0,0.0,0.0,0.0,0.0,10.0,147.8,,
2026-07-15,2026-07-15T14:56:48,15,FPO,229526,Sintija Klezberga,955,15,737.5,0.7183,0.71442,1.0,1.0,0.00345,0.0,1051.3,16.9,97341;96414;96415;97344;96417;96418;96419,
2026-07-15,2026-07-15T14:56:48,15,FPO,231650,Tailey Rowley,911,65,92.25,0.0,0.0,8e-05,0.0,0.0,0.0,111.2,73.4,97341;97344,
2026-07-15,2026-07-15T14:56:48,15,FPO,232666,Rebecka Hoppe,850,141,6.0,0.0,0.0,0.0,0.0,0.0,0.0,6.0,153.6,,
2026-07-15,2026-07-15T14:56:48,15,FPO,232722,Julia Hauch,911,204,0.0,0.0,0.0,0.0,0.0,0.0,0.0,3.7,176.6,97344,
2026-07-15,2026-07-15T14:56:48,15,FPO,235368,Madalyn Payton,896,146,0.0,0.0,0.0,0.0,0.0,0.0,0.0,0.0,208.0,,
2026-07-15,2026-07-15T14:56:48,15,FPO,238187,Ann Deputy,918,72,80.25,0.0,0.0,3e-05,0.0,0.0,0.0,86.8,81.4,97344,
2026-07-15,2026-07-15T14:56:48,15,FPO,240590,Amelia Saechao,873,110,24.0,0.0,0.0,0.0,0.0,0.0,0.0,24.0,120.0,,
2026-07-15,2026-07-15T14:56:48,15,FPO,242116,Eva Lutsenko,924,113,21.75,0.0,0.0,0.0,0.0,0.0,0.0,21.8,125.8,,
2026-07-15,2026-07-15T14:56:48,15,FPO,242331,Ida Kennmark,867,131,13.5,0.0,0.0,0.0,0.0,0.0,0.0,13.5,142.5,,
2026-07-15,2026-07-15T14:56:48,15,FPO,245180,Chelsea Sutton,859,164,0.0,0.0,0.0,0.0,0.0,0.0,0.0,2.0,173.4,97341,
2026-07-15,2026-07-15T14:56:48,15,FPO,245306,Netta Leppäaho,945,62,105.75,0.0,0.0,0.0,0.0,0.0,0.0,105.8,74.3,,
2026-07-15,2026-07-15T14:56:48,15,FPO,245317,Sophi Stephenson,859,133,12.0,0.0,0.0,0.0,0.0,0.0,0.0,12.0,144.3,,
2026-07-15,2026-07-15T14:56:48,15,FPO,254333,Jess Zilch,874,120,19.5,0.0,0.0,0.0,0.0,0.0,0.0,19.5,130.3,,
2026-07-15,2026-07-15T14:56:48,15,FPO,255962,Samantha Zaborowski,901,211,0.0,0.0,0.0,0.0,0.0,0.0,0.0,2.4,193.7,97344,
2026-07-15,2026-07-15T14:56:48,15,FPO,256846,Lea Tomas,888,208,0.0,0.0,0.0,0.0,0.0,0.0,0.0,2.0,192.9,97344,
2026-07-15,2026-07-15T14:56:48,15,FPO,259972,Marion Mattsson,858,134,11.25,0.0,0.0,0.0,0.0,0.0,0.0,11.2,145.5,,
2026-07-15,2026-07-15T14:56:48,15,FPO,261058,Jessica Erickson,891,87,49.0,0.0,0.0,0.0,0.0,0.0,0.0,49.0,96.6,,
2026-07-15,2026-07-15T14:56:48,15,FPO,261216,Victoria Christensen,863,125,17.25,0.0,0.0,0.0,0.0,0.0,0.0,17.2,136.8,,
2026-07-15,2026-07-15T14:56:48,15,FPO,268900,Natalie Berg,883,119,19.5,0.0,0.0,0.0,0.0,0.0,0.0,19.5,130.4,,
2026-07-15,2026-07-15T14:56:48,15,FPO,269838,Daisy Kelly,882,155,0.0,0.0,0.0,0.0,0.0,0.0,0.0,0.0,205.7,,
2026-07-15,2026-07-15T14:56:48,15,FPO,277832,Chandler Reigh,939,30,406.25,0.01456,0.00026,1.0,0.96991,0.01304,0.0,692.2,32.4,97341;100195;96414;96415;96416;97344;96417;96418,
2026-07-15,2026-07-15T14:56:48,15,FPO,278450,Brit Hamburg-Kiin,854,106,28.5,0.0,0.0,0.0,0.0,0.0,0.0,28.5,114.5,,
2026-07-15,2026-07-15T14:56:48,15,FPO,279466,Gry Nagel,820,124,18.0,0.0,0.0,0.0,0.0,0.0,0.0,18.0,135.2,,
2026-07-15,2026-07-15T14:56:48,15,FPO,281626,Una Lokmane,878,105,28.5,0.0,0.0,0.0,0.0,0.0,0.0,28.5,114.0,,
2026-07-15,2026-07-15T14:56:48,15,FPO,284553,Katherine Aydelott,861,142,4.0,0.0,0.0,0.0,0.0,0.0,0.0,6.0,153.4,97341,
2026-07-15,2026-07-15T14:56:48,15,FPO,286978,Michelle Southworth,800,180,0.0,0.0,0.0,0.0,0.0,0.0,0.0,2.0,172.5,97341,
2026-07-15,2026-07-15T14:56:48,15,FPO,288014,Jordan Coomes,840,121,18.0,0.0,0.0,0.0,0.0,0.0,0.0,18.0,133.2,,
2026-07-15,2026-07-15T14:56:48,15,FPO,297287,Marta Villa,856,178,0.0,0.0,0.0,0.0,0.0,0.0,0.0,2.0,172.8,97341,
2026-07-15,2026-07-15T14:56:48,15,FPO,302765,Grace Wilson,891,201,0.0,0.0,0.0,0.0,0.0,0.0,0.0,2.1,183.1,97344,
2026-07-15,2026-07-15T14:56:48,15,FPO,308525,Saga Dahlstedt,917,55,127.5,0.0,0.0,0.0,0.0,0.0,0.0,127.5,69.6,,
2026-07-15,2026-07-15T14:56:48,15,FPO,311218,Mina Alme,902,98,35.25,0.0,0.0,0.0,0.0,0.0,0.0,35.2,106.8,,
2026-07-16,2026-07-16T00:59:46,15,FPO,3024,Chris O'Cleary,914,197,0.0,0.0,0.0,0.0,0.0,0.0,0.0,4.7,180.5,97344,
2026-07-16,2026-07-16T00:59:46,15,FPO,3090,Elaine King,888,198,0.0,0.0,0.0,0.0,0.0,0.0,0.0,2.0,186.8,97344,
2026-07-16,2026-07-16T00:59:46,15,FPO,8803,Ruth Steele,872,168,0.0,0.0,0.0,0.0,0.0,0.0,0.0,2.1,171.7,97341,
2026-07-16,2026-07-16T00:59:46,15,FPO,15354,Jennifer Allen,967,37,313.0,0.28102,0.02011,1.0,0.94777,0.2194,0.0,777.6,28.4,96414;96415;97344;96418,
2026-07-16,2026-07-16T00:59:46,15,FPO,27832,Kona Star Montgomery,949,24,478.0,0.14192,0.10791,1.0,0.99999,0.02952,0.0,893.5,23.3,97341;96414;96415;96416;97344;96417;96418;96419,
2026-07-16,2026-07-16T00:59:46,15,FPO,29190,Paige Pierce,968,17,693.17,0.92784,0.92496,1.0,1.0,0.00287,0.0,1143.8,13.7,97341;96414;96416;97344;96418;96419,
2026-07-16,2026-07-16T00:59:46,15,FPO,29947,Stephanie Vincent,925,107,28.0,0.0,0.0,0.0,0.0,0.0,0.0,28.0,115.8,,
2026-07-16,2026-07-16T00:59:46,15,FPO,31041,Sheila Teves,883,153,0.0,0.0,0.0,0.0,0.0,0.0,0.0,0.0,208.1,,
2026-07-16,2026-07-16T00:59:46,15,FPO,32654,Lisa Fajkus,958,21,593.83,0.3404,0.29048,1.0,1.0,0.04222,0.0,965.1,20.2,96414;96415;96416;96417;96418;96419,
2026-07-16,2026-07-16T00:59:46,15,FPO,32917,Rebecca Cox,951,31,397.0,0.07137,0.00966,1.0,0.99172,0.05197,0.0,773.7,28.7,96414;96415;96416;97344;96417;96418,
2026-07-16,2026-07-16T00:59:46,15,FPO,32925,Lindsay Fish,882,175,0.0,0.0,0.0,0.0,0.0,0.0,0.0,2.5,161.3,97341,
2026-07-16,2026-07-16T00:59:46,15,FPO,34563,Sarah Hokom,949,63,101.0,0.02281,0.0,0.97076,0.06739,0.01486,0.0,435.6,42.7,96414;96415;96416;97344;96417;96418,
2026-07-16,2026-07-16T00:59:46,15,FPO,35321,Sofie Björlycke,936,70,83.25,0.0,0.0,0.0,0.0,0.0,0.0,83.2,81.4,,
2026-07-16,2026-07-16T00:59:46,15,FPO,35774,Camilla Jernberg,873,139,7.5,0.0,0.0,0.0,0.0,0.0,0.0,7.5,151.4,,
2026-07-16,2026-07-16T00:59:46,15,FPO,36307,Amanda Branch,887,194,0.0,0.0,0.0,0.0,0.0,0.0,0.0,2.0,188.1,97344,
2026-07-16,2026-07-16T00:59:46,15,FPO,39504,Zoe AnDyke,930,74,77.0,0.0,0.0,0.0,0.0,0.0,0.0,77.0,85.6,,
2026-07-16,2026-07-16T00:59:46,15,FPO,43995,Taylor Foth,902,151,0.0,0.0,0.0,0.0,0.0,0.0,0.0,0.0,202.6,,
2026-07-16,2026-07-16T00:59:46,15,FPO,44184,Catrina Allen,961,7,1010.08,1.0,1.0,1.0,1.0,0.0,0.0,1326.1,9.1,97341;100195;96414;96415;96416;97344;96417;96418;96419,
2026-07-16,2026-07-16T00:59:46,15,FPO,45407,Brittney Armentrout,851,176,0.0,0.0,0.0,0.0,0.0,0.0,0.0,2.0,161.2,97341,
2026-07-16,2026-07-16T00:59:46,15,FPO,48199,Alison Blakeman,870,158,0.0,0.0,0.0,0.0,0.0,0.0,0.0,0.0,204.4,,
2026-07-16,2026-07-16T00:59:46,15,FPO,48976,Ohn Scoggins,990,4,1219.0,1.0,1.0,1.0,1.0,0.0,0.40283,2204.6,1.8,97341;100195;96414;96415;96416;97344;96417;96418;96419,
2026-07-16,2026-07-16T00:59:46,15,FPO,50656,Jessica Gurthie,955,20,608.0,1.0,0.80558,1.0,1.0,0.00293,0.0,1089.9,15.6,97341;96414;96415;96416;97344;96417;96418;96419,
2026-07-16,2026-07-16T00:59:46,15,FPO,51277,Holly Finley,929,45,214.0,0.00044,0.0,0.97284,0.00068,0.0002,0.0,331.5,48.2,96414;96415;97344;96417;96418,
2026-07-16,2026-07-16T00:59:46,15,FPO,58303,Sai Ananda,949,163,0.0,0.00407,0.0,0.04647,6e-05,0.00306,0.0,159.7,68.8,97341;97344,
2026-07-16,2026-07-16T00:59:46,15,FPO,59227,Henna Blomroos,969,9,890.0,1.0,0.9953,1.0,1.0,0.0,0.0,1218.9,11.5,97341;96414;97344;96418;96419,
2026-07-16,2026-07-16T00:59:46,15,FPO,59431,Madison Walker,951,19,646.83,0.17172,0.13472,1.0,1.0,0.03195,0.0,914.8,22.3,97341;96414;96415;96416;97344;96417;96418;96419,
2026-07-16,2026-07-16T00:59:46,15,FPO,60798,Madison Tomaino,921,69,83.5,0.0,0.0,2e-05,0.0,0.0,0.0,121.2,71.0,96416,
2026-07-16,2026-07-16T00:59:46,15,FPO,61144,Emily Beach,901,147,0.0,0.0,0.0,0.0,0.0,0.0,0.0,0.0,204.1,,
2026-07-16,2026-07-16T00:59:46,15,FPO,61990,Katka Boďová,916,88,48.0,0.0,0.0,0.0,0.0,0.0,0.0,48.0,97.8,,
2026-07-16,2026-07-16T00:59:46,15,FPO,62879,Valerie Mandujano,975,18,673.16,1.0,1.0,1.0,1.0,0.0,0.0,1471.5,7.3,97341;96414;96415;96416;97344;96417;96418;96419,
2026-07-16,2026-07-16T00:59:46,15,FPO,62880,Alexis Mandujano,960,32,352.5,0.23309,0.11491,1.0,0.99928,0.09616,0.0,881.2,23.8,96414;96415;96416;97344;96417;96418;96419,
2026-07-16,2026-07-16T00:59:46,15,FPO,63257,Maria Oliva,920,42,237.0,1e-05,0.0,0.99991,0.0002,1e-05,0.0,341.7,47.3,96414;96415;96416;97344;96417;96418,
2026-07-16,2026-07-16T00:59:46,15,FPO,64927,Eveliina Salonen,988,6,1164.67,1.0,1.0,1.0,1.0,0.0,0.0,1683.7,5.4,97341;96414;97344;96418;96419,
2026-07-16,2026-07-16T00:59:46,15,FPO,65489,Lauren Butler,916,51,157.75,2e-05,0.0,0.08399,0.0,1e-05,0.0,226.4,56.6,96414;96415;97344;96417,
2026-07-16,2026-07-16T00:59:46,15,FPO,66063,Ashlee Johnson,859,152,0.0,0.0,0.0,0.0,0.0,0.0,0.0,0.0,201.0,,
2026-07-16,2026-07-16T00:59:46,15,FPO,66599,Heidi Laine,959,12,764.75,0.91559,0.91464,1.0,1.0,0.00089,0.0,1125.6,14.3,97341;96414;96415;96416;97344;96418;96419,
2026-07-16,2026-07-16T00:59:46,15,FPO,69584,Danielle Weigandt,853,162,0.0,0.0,0.0,0.0,0.0,0.0,0.0,2.0,179.7,97341,
2026-07-16,2026-07-16T00:59:46,15,FPO,71262,Erika Stinchcomb,920,44,222.25,2e-05,0.0,0.99885,0.00051,2e-05,0.0,346.2,47.1,97341;96414;96415;96416;97344;96417;96418,
2026-07-16,2026-07-16T00:59:46,15,FPO,72635,Kersti Miller,890,99,34.5,0.0,0.0,0.0,0.0,0.0,0.0,34.5,107.9,,
2026-07-16,2026-07-16T00:59:46,15,FPO,74708,Casey Pennington,916,95,37.5,0.0,0.0,0.0,0.0,0.0,0.0,58.4,93.1,97341,
2026-07-16,2026-07-16T00:59:46,15,FPO,75029,Cynthia Ricciotti,917,60,107.25,1e-05,0.0,0.01,0.0,0.0,0.0,180.5,61.5,100195;96414;96415;97344;96417,
2026-07-16,2026-07-16T00:59:46,15,FPO,76009,Virginia Polkinghorne,884,190,0.0,0.0,0.0,0.0,0.0,0.0,0.0,1.6,193.7,100195,
2026-07-16,2026-07-16T00:59:46,15,FPO,77385,Matilda Ringbom,947,40,274.0,0.0102,0.0,0.90314,0.00015,0.00945,0.0,332.6,48.4,96418,
2026-07-16,2026-07-16T00:59:46,15,FPO,78232,Tiger Borth,899,116,21.0,0.0,0.0,0.0,0.0,0.0,0.0,23.3,122.7,97344,
2026-07-16,2026-07-16T00:59:46,15,FPO,79233,Cadence Burge,971,64,95.25,0.40929,0.023,0.99998,0.88104,0.28291,0.0,760.8,29.1,96414;96415;96416;97344;96417;96418,
2026-07-16,2026-07-16T00:59:46,15,FPO,80935,Lindsey Maas,902,102,32.25,0.0,0.0,0.0,0.0,0.0,0.0,39.3,103.4,96414;97344,
2026-07-16,2026-07-16T00:59:46,15,FPO,82809,Alex von Stade,893,112,22.0,0.0,0.0,0.0,0.0,0.0,0.0,22.0,124.3,,
2026-07-16,2026-07-16T00:59:46,15,FPO,83376,Cassandra Lioi,890,138,8.0,0.0,0.0,0.0,0.0,0.0,0.0,8.0,150.4,,
2026-07-16,2026-07-16T00:59:46,15,FPO,84279,Kaidi Allsalu,956,47,203.62,0.04484,0.0,2e-05,0.0,0.04208,0.0,300.2,50.9,,
2026-07-16,2026-07-16T00:59:46,15,FPO,85189,Samantha Bonacci,870,126,16.5,0.0,0.0,0.0,0.0,0.0,0.0,22.3,124.9,96415,
2026-07-16,2026-07-16T00:59:46,15,FPO,85484,Anneli Tõugjas-Männiste,957,25,456.0,0.15446,0.04974,1.0,0.99959,0.08495,0.0,845.1,25.4,97341;96414;96415;97344;96417;96418;96419,
2026-07-16,2026-07-16T00:59:46,15,FPO,85942,Missy Gannon,985,3,1311.5,1.0,1.0,1.0,1.0,0.0,0.00352,1882.6,4.0,97341;96414;96415;96416;97344;96417;96418;96419,
2026-07-16,2026-07-16T00:59:46,15,FPO,87094,Rose Shertick,918,210,0.0,0.0,0.0,0.0,0.0,0.0,0.0,6.5,183.2,97344,
2026-07-16,2026-07-16T00:59:46,15,FPO,87443,Andrea Cammack,874,159,0.0,0.0,0.0,0.0,0.0,0.0,0.0,2.1,189.4,97341,
2026-07-16,2026-07-16T00:59:46,15,FPO,94085,Keiti Tätte,957,49,184.12,0.02594,0.0,0.0,0.0,0.02443,0.0,235.9,56.8,,
2026-07-16,2026-07-16T00:59:46,15,FPO,96090,Sonja Laine,899,97,36.0,0.0,0.0,0.0,0.0,0.0,0.0,36.0,105.0,,
2026-07-16,2026-07-16T00:59:46,15,FPO,96480,Tori Pasquin,833,161,0.0,0.0,0.0,0.0,0.0,0.0,0.0,2.0,176.0,97341,
2026-07-16,2026-07-16T00:59:46,15,FPO,97238,Jannicke Hjemli,862,137,9.75,0.0,0.0,0.0,0.0,0.0,0.0,9.8,149.0,,
2026-07-16,2026-07-16T00:59:46,15,FPO,99441,Lykke Lorentzen,923,90,43.0,0.0,0.0,1e-05,0.0,0.0,0.0,60.0,91.3,100195;97344,
2026-07-16,2026-07-16T00:59:46,15,FPO,99455,Kat Mertsch,964,8,938.67,0.99973,0.99973,1.0,1.0,0.0,0.0,1314.2,9.4,97341;96414;96415;96416;97344;96417;96418;96419,
2026-07-16,2026-07-16T00:59:46,15,FPO,101767,Sunny Stansbury,836,189,0.0,0.0,0.0,0.0,0.0,0.0,0.0,0.0,208.9,100195,
2026-07-16,2026-07-16T00:59:46,15,FPO,101949,Ratana McMahon,885,54,129.75,0.0,0.0,0.0,0.0,0.0,0.0,138.1,67.0,96415,
2026-07-16,2026-07-16T00:59:46,15,FPO,102024,Danielle Keen,896,150,0.0,0.0,0.0,0.0,0.0,0.0,0.0,0.0,200.5,,
2026-07-16,2026-07-16T00:59:46,15,FPO,103743,Karen Martel,926,129,15.0,0.0,0.0,1e-05,0.0,0.0,0.0,27.6,125.5,97344,
2026-07-16,2026-07-16T00:59:46,15,FPO,104187,Macie Velediaz,957,38,294.67,0.09523,0.00045,1.0,0.64221,0.07518,0.0,628.6,34.8,96414;97344;96417;96418,
2026-07-16,2026-07-16T00:59:46,15,FPO,104314,Violet Main,945,41,250.0,0.01191,0.0,1.0,0.13677,0.00823,0.0,484.8,40.3,97341;96414;97344;96417;96418,
2026-07-16,2026-07-16T00:59:46,15,FPO,104814,Ellie Bryant,904,115,21.75,0.0,0.0,0.0,0.0,0.0,0.0,30.9,114.2,97341,
2026-07-16,2026-07-16T00:59:46,15,FPO,105126,Aria Castruita,949,145,0.0,0.00074,0.0,0.00107,0.0,0.00016,0.0,87.1,84.9,97341,
2026-07-16,2026-07-16T00:59:46,15,FPO,106489,Anna Pinter,875,114,21.75,0.0,0.0,0.0,0.0,0.0,0.0,21.8,126.3,,
2026-07-16,2026-07-16T00:59:46,15,FPO,107297,Maria Liivamägi,857,109,24.0,0.0,0.0,0.0,0.0,0.0,0.0,24.0,119.4,,
2026-07-16,2026-07-16T00:59:46,15,FPO,107335,Silva Saarinen,991,2,1414.84,1.0,1.0,1.0,1.0,0.0,0.46514,2218.4,1.7,97341;96414;96415;96416;97344;96418;96419,
2026-07-16,2026-07-16T00:59:46,15,FPO,108871,Brook Johnson,905,108,24.0,0.0,0.0,0.0,0.0,0.0,0.0,26.7,116.8,97344,
2026-07-16,2026-07-16T00:59:46,15,FPO,109337,Cathy Kuhn,860,148,0.0,0.0,0.0,0.0,0.0,0.0,0.0,0.0,213.0,,
2026-07-16,2026-07-16T00:59:46,15,FPO,109996,Anniken Kristiansen Steen,964,16,700.29,0.25886,0.12991,1.0,1.0,0.12635,0.0,914.1,22.4,97344;96418;96419,
2026-07-16,2026-07-16T00:59:46,15,FPO,111487,Emily Weatherman,958,11,773.33,0.97307,0.97296,1.0,1.0,0.00011,0.0,1170.5,12.9,97341;96414;96415;96416;97344;96417;96418;96419,
2026-07-16,2026-07-16T00:59:46,15,FPO,112647,Hanna Huynh,962,22,561.0,0.92185,0.91959,1.0,1.0,0.00194,0.0,1143.0,13.8,97341;96414;96415;96416;97344;96417;96418;96419,
2026-07-16,2026-07-16T00:59:46,15,FPO,115503,Olivia Kindstedt,946,48,189.0,0.00863,0.0,0.30406,0.00033,0.00793,0.0,292.4,51.4,97344,
2026-07-16,2026-07-16T00:59:46,15,FPO,116694,Kristi Unt,925,89,45.0,0.0,0.0,0.0,0.0,0.0,0.0,45.0,99.2,,
2026-07-16,2026-07-16T00:59:46,15,FPO,121554,Elina Rydberg,898,111,23.25,0.0,0.0,0.0,0.0,0.0,0.0,23.2,122.0,,
2026-07-16,2026-07-16T00:59:46,15,FPO,124064,Shelby Cowen,914,56,127.0,0.0,0.0,0.03888,0.0,0.0,0.0,202.8,59.0,97341;96414;96415;96417,
2026-07-16,2026-07-16T00:59:46,15,FPO,126226,Kati Chachere,843,170,0.0,0.0,0.0,0.0,0.0,0.0,0.0,2.0,166.3,97341,
2026-07-16,2026-07-16T00:59:46,15,FPO,128395,Michelle Saggboy,894,177,0.0,0.0,0.0,0.0,0.0,0.0,0.0,4.5,168.2,97341,
2026-07-16,2026-07-16T00:59:46,15,FPO,128532,Maarja Soasepp,905,91,42.0,0.0,0.0,0.0,0.0,0.0,0.0,42.0,100.7,,
2026-07-16,2026-07-16T00:59:46,15,FPO,130187,Kat Johnson,910,205,0.0,0.0,0.0,0.0,0.0,0.0,0.0,3.5,176.3,97344,
2026-07-16,2026-07-16T00:59:46,15,FPO,130342,Chantel Budinsky,957,81,58.5,0.04588,0.0,0.19021,0.00117,0.02956,0.0,269.5,54.9,97344;96417,
2026-07-16,2026-07-16T00:59:46,15,FPO,130822,Hannah Manis,932,202,0.0,0.0,0.0,0.0,0.0,0.0,0.0,20.4,148.5,97344,
2026-07-16,2026-07-16T00:59:46,15,FPO,131583,Hannah Lengel,954,191,0.0,0.01253,0.0,0.0034,0.0,0.00188,0.0,124.1,73.3,96414;96417,
2026-07-16,2026-07-16T00:59:46,15,FPO,132291,Ashley Phelps,904,143,2.0,0.0,0.0,0.0,0.0,0.0,0.0,11.3,146.2,97341,
2026-07-16,2026-07-16T00:59:46,15,FPO,132627,Jenn Cazanov-Diggs,905,179,0.0,0.0,0.0,0.0,0.0,0.0,0.0,9.9,155.0,97341,
2026-07-16,2026-07-16T00:59:46,15,FPO,133547,Holyn Handley,986,1,1668.34,1.0,1.0,1.0,1.0,0.0,0.12851,2112.8,2.5,97341;96414;96415;96416;97344;96418;96419,
2026-07-16,2026-07-16T00:59:46,15,FPO,133701,Nathalie Ortiz,907,77,64.25,0.0,0.0,0.0,0.0,0.0,0.0,64.2,89.6,,
2026-07-16,2026-07-16T00:59:46,15,FPO,135383,Emma Arp,912,186,0.0,0.0,0.0,0.0,0.0,0.0,0.0,5.5,160.9,100195,
2026-07-16,2026-07-16T00:59:46,15,FPO,138272,Raven Klein,941,26,437.5,0.02058,0.00241,1.0,0.99361,0.01611,0.0,741.2,30.2,97341;96414;96415;96416;97344;96417;96418,
2026-07-16,2026-07-16T00:59:46,15,FPO,139109,Leah Tsinajinnie,927,83,53.0,1e-05,0.0,0.00185,0.0,1e-05,0.0,104.7,77.0,97341;97344,
2026-07-16,2026-07-16T00:59:46,15,FPO,139387,Hanna Jansson,903,86,50.25,0.0,0.0,0.0,0.0,0.0,0.0,50.2,95.1,,
2026-07-16,2026-07-16T00:59:46,15,FPO,139738,Megan Dophal,908,209,0.0,0.0,0.0,0.0,0.0,0.0,0.0,3.2,190.5,97344,
2026-07-16,2026-07-16T00:59:46,15,FPO,140660,María Eldey Kristínardóttir,916,66,91.5,0.0,0.0,0.0,0.0,0.0,0.0,91.5,78.3,,
2026-07-16,2026-07-16T00:59:46,15,FPO,140947,Nina Bennett,946,92,40.5,0.00407,0.0,0.02029,5e-05,0.00153,0.0,149.7,68.3,97344;96417,
2026-07-16,2026-07-16T00:59:46,15,FPO,142259,Katheryn Maloney,901,206,0.0,0.0,0.0,0.0,0.0,0.0,0.0,2.4,179.7,97344,
2026-07-16,2026-07-16T00:59:46,15,FPO,142354,Alexis Kerman,921,59,111.5,6e-05,0.0,0.27042,0.0,0.0,0.0,245.1,55.0,97341;96414;96415;96416;97344;96417,
2026-07-16,2026-07-16T00:59:46,15,FPO,143423,Ember Simonis,916,199,0.0,0.0,0.0,0.0,0.0,0.0,0.0,5.5,178.0,97344,
2026-07-16,2026-07-16T00:59:46,15,FPO,143720,Jessica Kinard,906,193,0.0,0.0,0.0,0.0,0.0,0.0,0.0,24.8,122.1,96416,
2026-07-16,2026-07-16T00:59:46,15,FPO,144112,Ella Hansen,976,5,1214.08,1.0,1.0,1.0,1.0,0.0,0.0,1643.4,5.7,97341;96414;96415;96416;97344;96418;96419,
2026-07-16,2026-07-16T00:59:46,15,FPO,144791,Emily Yale,893,80,59.0,0.0,0.0,0.0,0.0,0.0,0.0,98.1,76.7,97341;96415;96416;97344,
2026-07-16,2026-07-16T00:59:46,15,FPO,146137,Dani K. Hart,951,33,349.5,0.07387,0.01132,1.0,0.99177,0.05206,0.0,775.2,28.6,97341;96414;96415;96416;97344;96417;96418,
2026-07-16,2026-07-16T00:59:46,15,FPO,146304,MJ Gager,933,50,160.5,0.0005,0.0,0.1129,1e-05,0.00041,0.0,236.0,55.9,97341;97344,
2026-07-16,2026-07-16T00:59:46,15,FPO,147050,Ali Smith,946,76,66.0,0.00165,0.0,0.00946,0.0,0.00127,0.0,153.1,66.9,97341,
2026-07-16,2026-07-16T00:59:46,15,FPO,147393,Sadie Shattuck,866,127,16.0,0.0,0.0,0.0,0.0,0.0,0.0,16.0,139.6,,
2026-07-16,2026-07-16T00:59:46,15,FPO,149548,VicToria Scott,887,212,0.0,0.0,0.0,0.0,0.0,0.0,0.0,2.0,196.9,97344,
2026-07-16,2026-07-16T00:59:46,15,FPO,149803,Candyce Boyce,895,100,33.0,0.0,0.0,0.0,0.0,0.0,0.0,33.0,109.6,,
2026-07-16,2026-07-16T00:59:46,15,FPO,150057,Hailey Huber,932,185,0.0,0.0,0.0,0.0,0.0,0.0,0.0,46.7,108.0,97341,
2026-07-16,2026-07-16T00:59:46,15,FPO,151072,Jennifer Rice,894,123,18.0,0.0,0.0,0.0,0.0,0.0,0.0,18.0,135.2,,
2026-07-16,2026-07-16T00:59:46,15,FPO,152191,Kelley Foster,933,39,280.5,0.00146,0.0,1.0,0.13005,0.00101,0.0,486.7,40.0,97341;96414;96415;96416;96417;96418,
2026-07-16,2026-07-16T00:59:46,15,FPO,154098,Ariel Walker,943,93,38.25,0.00136,0.0,0.0436,4e-05,0.0011,0.0,163.1,66.5,97341;97344,
2026-07-16,2026-07-16T00:59:46,15,FPO,155026,Amanda Lennartsson,947,29,409.0,0.01018,0.0,1.0,0.03735,0.00966,0.0,467.8,40.9,96418,
2026-07-16,2026-07-16T00:59:46,15,FPO,156259,Ella Tejler,898,75,73.5,0.0,0.0,0.0,0.0,0.0,0.0,73.5,87.2,,
2026-07-16,2026-07-16T00:59:46,15,FPO,156781,Audrey Wicklander,891,195,0.0,0.0,0.0,0.0,0.0,0.0,0.0,2.1,187.7,97344,
2026-07-16,2026-07-16T00:59:46,15,FPO,157471,Nid Ovathanasin,936,128,15.0,0.00018,0.0,0.001,0.0,1e-05,0.0,72.7,90.6,96414;97344,
2026-07-16,2026-07-16T00:59:46,15,FPO,158385,Destyne Martinez,865,144,2.0,0.0,0.0,0.0,0.0,0.0,0.0,2.0,169.2,,
2026-07-16,2026-07-16T00:59:46,15,FPO,158461,Shiru Liu,914,79,61.5,0.0,0.0,0.0,0.0,0.0,0.0,79.8,84.2,97341,
2026-07-16,2026-07-16T00:59:46,15,FPO,160103,Jacquelyn DeLude,877,203,0.0,0.0,0.0,0.0,0.0,0.0,0.0,2.0,181.9,97344,
2026-07-16,2026-07-16T00:59:46,15,FPO,161231,Sarah May,856,173,0.0,0.0,0.0,0.0,0.0,0.0,0.0,2.0,163.7,97341,
2026-07-16,2026-07-16T00:59:46,15,FPO,161918,Addison Woodard,950,67,89.75,0.02981,0.0,0.99417,0.20403,0.02084,0.0,497.5,40.0,97341;96415;96416;97344;96417;96418,
2026-07-16,2026-07-16T00:59:46,15,FPO,162735,Eden Fornoff,922,192,0.0,0.0,0.0,0.0,0.0,0.0,0.0,24.8,121.5,96416,
2026-07-16,2026-07-16T00:59:46,15,FPO,162896,Therese Cuevas,937,52,143.0,0.00106,0.0,0.25644,0.00013,0.00098,0.0,254.9,54.5,97341;97344,
2026-07-16,2026-07-16T00:59:46,15,FPO,164788,Alecia Hinkson,930,58,112.5,0.00033,0.0,0.05142,0.0,0.00013,0.0,196.9,59.9,96414;97344;96417,
2026-07-16,2026-07-16T00:59:46,15,FPO,165652,Ceci Vollbrecht,899,196,0.0,0.0,0.0,0.0,0.0,0.0,0.0,2.3,190.7,97344,
2026-07-16,2026-07-16T00:59:46,15,FPO,166082,Ashton Webberley,904,174,0.0,0.0,0.0,0.0,0.0,0.0,0.0,9.2,150.9,97341,
2026-07-16,2026-07-16T00:59:46,15,FPO,166749,Mackenzie Morris,884,171,0.0,0.0,0.0,0.0,0.0,0.0,0.0,2.7,164.6,97341,
2026-07-16,2026-07-16T00:59:46,15,FPO,167255,AK Kaestner,820,184,0.0,0.0,0.0,0.0,0.0,0.0,0.0,2.0,170.5,97341,
2026-07-16,2026-07-16T00:59:46,15,FPO,168863,Trinity Bryant,921,43,233.0,3e-05,0.0,0.9993,0.0007,2e-05,0.0,352.9,46.7,97341;96414;96415;96416;97344;96418,
2026-07-16,2026-07-16T00:59:46,15,FPO,170182,Rebecca Minnick,865,103,29.0,0.0,0.0,0.0,0.0,0.0,0.0,29.0,112.7,,
2026-07-16,2026-07-16T00:59:46,15,FPO,173601,Marie Kielas,914,85,51.0,0.0,0.0,0.0,0.0,0.0,0.0,51.0,94.0,,
2026-07-16,2026-07-16T00:59:46,15,FPO,173883,Lillianne Waite,837,181,0.0,0.0,0.0,0.0,0.0,0.0,0.0,2.0,171.7,97341,
2026-07-16,2026-07-16T00:59:46,15,FPO,176242,Morgan Lynds,931,68,87.75,2e-05,0.0,0.00072,0.0,1e-05,0.0,107.0,75.2,97344,
2026-07-16,2026-07-16T00:59:46,15,FPO,176243,Jordan Lynds,945,57,113.25,0.00505,0.0,0.14658,0.00022,0.00417,0.0,235.5,56.8,96414;97344,
2026-07-16,2026-07-16T00:59:46,15,FPO,176481,Karissa Dedmon,917,118,20.0,0.0,0.0,1e-05,0.0,0.0,0.0,48.1,101.5,97341;97344,
2026-07-16,2026-07-16T00:59:46,15,FPO,178707,Joleigh Miller,929,149,0.0,0.0,0.0,0.0,0.0,0.0,0.0,41.0,112.7,97341,
2026-07-16,2026-07-16T00:59:46,15,FPO,178748,Kendyl Sullivan,887,166,0.0,0.0,0.0,0.0,0.0,0.0,0.0,3.0,171.1,97341,
2026-07-16,2026-07-16T00:59:46,15,FPO,179200,Jamie Williams,863,154,0.0,0.0,0.0,0.0,0.0,0.0,0.0,0.0,212.0,,
2026-07-16,2026-07-16T00:59:46,15,FPO,179873,Jenny Larsson,921,82,54.0,0.0,0.0,0.0,0.0,0.0,0.0,54.0,92.6,,
2026-07-16,2026-07-16T00:59:46,15,FPO,181772,Ida Emilie Nesse,948,35,334.0,0.04554,0.00156,1.0,0.92949,0.03735,0.0,701.9,31.9,96414;96415;96416;97344;96417;96418,
2026-07-16,2026-07-16T00:59:46,15,FPO,182450,Kajsa Wahl,893,96,36.75,0.0,0.0,0.0,0.0,0.0,0.0,36.8,103.9,,
2026-07-16,2026-07-16T00:59:46,15,FPO,182582,Addison Clark,824,213,0.0,0.0,0.0,0.0,0.0,0.0,0.0,16.5,138.6,96417,
2026-07-16,2026-07-16T00:59:46,15,FPO,184609,Elva-Kate Preston,908,61,107.25,0.0,0.0,0.00021,0.0,0.0,0.0,137.9,67.5,100195;96414;96415;97344,
2026-07-16,2026-07-16T00:59:46,15,FPO,184736,Jennifer Smiley,934,34,337.75,0.00265,0.0,1.0,0.32239,0.00222,0.0,534.4,38.2,97341;96414;96415;96416;97344;96417;96418,
2026-07-16,2026-07-16T00:59:46,15,FPO,185057,Josefine Johansson,934,71,81.0,1e-05,0.0,0.00113,0.0,1e-05,0.0,105.1,76.2,97344,
2026-07-16,2026-07-16T00:59:46,15,FPO,185534,Sofia Donnecke,961,23,547.5,0.16101,0.00539,1.0,0.99878,0.14605,0.0,782.1,28.3,96414;96418,
2026-07-16,2026-07-16T00:59:46,15,FPO,185627,Athena Cuevas,866,130,14.0,0.0,0.0,0.0,0.0,0.0,0.0,14.0,141.1,,
2026-07-16,2026-07-16T00:59:46,15,FPO,186277,Kassandra Fog Wichmann,871,140,6.0,0.0,0.0,0.0,0.0,0.0,0.0,6.0,154.1,,
2026-07-16,2026-07-16T00:59:46,15,FPO,186629,Sanne Dalseth,880,132,13.5,0.0,0.0,0.0,0.0,0.0,0.0,13.5,142.7,,
2026-07-16,2026-07-16T00:59:46,15,FPO,188837,JJ Sun,883,157,0.0,0.0,0.0,0.0,0.0,0.0,0.0,0.0,204.0,,
2026-07-16,2026-07-16T00:59:46,15,FPO,189702,Taylor Chocek,947,13,749.95,0.40663,0.40055,1.0,1.0,0.00592,0.0,992.7,19.1,97341;96414;96415;96416;96418;96419,
2026-07-16,2026-07-16T00:59:46,15,FPO,193215,Lexi Marx,929,180,0.0,1e-05,0.0,0.00107,0.0,0.0,0.0,79.7,88.4,97341;96414;97344,
2026-07-16,2026-07-16T00:59:46,15,FPO,195549,Kylie Kohut,933,53,135.0,0.00062,0.0,0.41403,4e-05,0.00035,0.0,272.7,52.7,97341;100195;96414;96415,
2026-07-16,2026-07-16T00:59:46,15,FPO,195550,Peyton Kohut,913,84,52.5,0.0,0.0,0.0,0.0,0.0,0.0,85.5,81.9,100195;96414;96415,
2026-07-16,2026-07-16T00:59:46,15,FPO,196237,Kaire Tekku,923,73,78.75,0.0,0.0,0.0,0.0,0.0,0.0,78.8,84.4,,
2026-07-16,2026-07-16T00:59:46,15,FPO,197689,Isabella Parker,877,122,18.0,0.0,0.0,0.0,0.0,0.0,0.0,18.0,133.2,,
2026-07-16,2026-07-16T00:59:46,15,FPO,198446,Eliezra Midtlyng,948,14,746.58,0.47117,0.46458,1.0,1.0,0.006,0.0,1004.4,18.7,97341;96414;96415;96416;97344;96417;96418;96419,
2026-07-16,2026-07-16T00:59:46,15,FPO,198721,Hannah Kellar,898,104,29.0,0.0,0.0,0.0,0.0,0.0,0.0,34.9,108.3,97341,
2026-07-16,2026-07-16T00:59:46,15,FPO,202571,Elizabete Pēkšena,932,46,205.5,0.00039,0.0,0.14403,1e-05,0.00036,0.0,247.6,54.7,97344;96418,
2026-07-16,2026-07-16T00:59:46,15,FPO,208576,Rebecca Don,961,10,801.99,0.98285,0.98276,1.0,1.0,8e-05,0.0,1196.9,12.1,97341;96414;96415;96416;97344;96418;96419,
2026-07-16,2026-07-16T00:59:46,15,FPO,209432,Eden Fletcher,905,94,38.0,0.0,0.0,0.0,0.0,0.0,0.0,38.0,102.7,,
2026-07-16,2026-07-16T00:59:46,15,FPO,209462,Erika Apple,854,169,0.0,0.0,0.0,0.0,0.0,0.0,0.0,2.0,169.1,97341,
2026-07-16,2026-07-16T00:59:46,15,FPO,210287,Mara Neal,864,182,0.0,0.0,0.0,0.0,0.0,0.0,0.0,2.0,173.1,97341,
2026-07-16,2026-07-16T00:59:46,15,FPO,210972,Kristýna Jurčíková,970,36,331.0,0.26707,0.00059,1.0,0.60744,0.2394,0.0,652.4,33.8,97344;96418,
2026-07-16,2026-07-16T00:59:46,15,FPO,214417,Fleur Verberk,899,200,0.0,0.0,0.0,0.0,0.0,0.0,0.0,2.3,188.8,97344,
2026-07-16,2026-07-16T00:59:46,15,FPO,215439,Sheliemae Lai,946,78,62.0,0.00127,0.0,0.00755,1e-05,0.00103,0.0,147.9,67.7,97341,
2026-07-16,2026-07-16T00:59:46,15,FPO,215495,Kelsey Martin,877,207,0.0,0.0,0.0,0.0,0.0,0.0,0.0,2.0,192.1,97344,
2026-07-16,2026-07-16T00:59:46,15,FPO,216558,Iida Lehtomäki,963,27,430.25,0.11931,2e-05,1.0,0.32396,0.10798,0.0,575.2,36.9,97344;96418,
2026-07-16,2026-07-16T00:59:46,15,FPO,217892,Katie Tews,892,178,0.0,0.0,0.0,0.0,0.0,0.0,0.0,3.9,170.0,97341,
2026-07-16,2026-07-16T00:59:46,15,FPO,218760,Sarah Duran,865,135,11.0,0.0,0.0,0.0,0.0,0.0,0.0,11.0,146.6,,
2026-07-16,2026-07-16T00:59:46,15,FPO,218779,Amanda Brightwell,831,164,0.0,0.0,0.0,0.0,0.0,0.0,0.0,2.0,173.0,97341,
2026-07-16,2026-07-16T00:59:46,15,FPO,219693,Anna Damberga,864,117,21.0,0.0,0.0,0.0,0.0,0.0,0.0,21.0,128.4,,
2026-07-16,2026-07-16T00:59:46,15,FPO,221583,Evie Lou Ramey,894,187,0.0,0.0,0.0,0.0,0.0,0.0,0.0,2.9,181.1,100195,
2026-07-16,2026-07-16T00:59:46,15,FPO,222693,Tanisha Platero,856,167,0.0,0.0,0.0,0.0,0.0,0.0,0.0,2.0,174.0,97341,
2026-07-16,2026-07-16T00:59:46,15,FPO,222973,Martje Sumowski,913,101,33.0,0.0,0.0,0.0,0.0,0.0,0.0,33.0,110.0,,
2026-07-16,2026-07-16T00:59:46,15,FPO,223975,Laura Tatiana Niño Carranza,875,183,0.0,0.0,0.0,0.0,0.0,0.0,0.0,4.2,157.7,97341;97344,
2026-07-16,2026-07-16T00:59:46,15,FPO,224238,Julia Fors,962,28,428.5,0.14758,0.00094,1.0,0.82242,0.13725,0.0,683.9,32.6,97344;96418,
2026-07-16,2026-07-16T00:59:46,15,FPO,225016,Naomi Suyat,869,156,0.0,0.0,0.0,0.0,0.0,0.0,0.0,0.0,205.0,,
2026-07-16,2026-07-16T00:59:46,15,FPO,227315,Sarah Wadsworth,901,188,0.0,0.0,0.0,0.0,0.0,0.0,0.0,16.9,136.0,100195;96415,
2026-07-16,2026-07-16T00:59:46,15,FPO,228486,Stefani Ewell,857,136,10.0,0.0,0.0,0.0,0.0,0.0,0.0,10.0,147.8,,
2026-07-16,2026-07-16T00:59:46,15,FPO,229526,Sintija Klezberga,955,15,737.5,0.71972,0.71605,1.0,1.0,0.00321,0.0,1051.3,16.9,97341;96414;96415;97344;96417;96418;96419,
2026-07-16,2026-07-16T00:59:46,15,FPO,231650,Tailey Rowley,911,65,92.25,0.0,0.0,0.00015,0.0,0.0,0.0,111.2,73.4,97341;97344,
2026-07-16,2026-07-16T00:59:46,15,FPO,232666,Rebecka Hoppe,850,141,6.0,0.0,0.0,0.0,0.0,0.0,0.0,6.0,153.6,,
2026-07-16,2026-07-16T00:59:46,15,FPO,232722,Julia Hauch,911,204,0.0,0.0,0.0,0.0,0.0,0.0,0.0,3.8,176.6,97344,
2026-07-16,2026-07-16T00:59:46,15,FPO,235368,Madalyn Payton,896,146,0.0,0.0,0.0,0.0,0.0,0.0,0.0,0.0,208.0,,
2026-07-16,2026-07-16T00:59:46,15,FPO,238187,Ann Deputy,918,72,80.25,0.0,0.0,5e-05,0.0,0.0,0.0,86.7,81.4,97344,
2026-07-16,2026-07-16T00:59:46,15,FPO,240590,Amelia Saechao,873,110,24.0,0.0,0.0,0.0,0.0,0.0,0.0,24.0,120.0,,
2026-07-16,2026-07-16T00:59:46,15,FPO,242116,Eva Lutsenko,924,113,21.75,0.0,0.0,0.0,0.0,0.0,0.0,21.8,125.8,,
2026-07-16,2026-07-16T00:59:46,15,FPO,242331,Ida Kennmark,867,131,13.5,0.0,0.0,0.0,0.0,0.0,0.0,13.5,142.6,,
2026-07-16,2026-07-16T00:59:46,15,FPO,245180,Chelsea Sutton,859,165,0.0,0.0,0.0,0.0,0.0,0.0,0.0,2.0,173.5,97341,
2026-07-16,2026-07-16T00:59:46,15,FPO,245306,Netta Leppäaho,945,62,105.75,0.0,0.0,0.0,0.0,0.0,0.0,105.8,74.3,,
2026-07-16,2026-07-16T00:59:46,15,FPO,245317,Sophi Stephenson,859,133,12.0,0.0,0.0,0.0,0.0,0.0,0.0,12.0,144.4,,
2026-07-16,2026-07-16T00:59:46,15,FPO,254333,Jess Zilch,874,120,19.5,0.0,0.0,0.0,0.0,0.0,0.0,19.5,130.3,,
2026-07-16,2026-07-16T00:59:46,15,FPO,255962,Samantha Zaborowski,901,211,0.0,0.0,0.0,0.0,0.0,0.0,0.0,2.4,193.7,97344,
2026-07-16,2026-07-16T00:59:46,15,FPO,256846,Lea Tomas,888,208,0.0,0.0,0.0,0.0,0.0,0.0,0.0,2.0,192.9,97344,
2026-07-16,2026-07-16T00:59:46,15,FPO,259972,Marion Mattsson,858,134,11.25,0.0,0.0,0.0,0.0,0.0,0.0,11.2,145.5,,
2026-07-16,2026-07-16T00:59:46,15,FPO,261058,Jessica Erickson,891,87,49.0,0.0,0.0,0.0,0.0,0.0,0.0,49.0,96.6,,
2026-07-16,2026-07-16T00:59:46,15,FPO,261216,Victoria Christensen,863,125,17.25,0.0,0.0,0.0,0.0,0.0,0.0,17.2,136.8,,
2026-07-16,2026-07-16T00:59:46,15,FPO,268900,Natalie Berg,883,119,19.5,0.0,0.0,0.0,0.0,0.0,0.0,19.5,130.4,,
2026-07-16,2026-07-16T00:59:46,15,FPO,269838,Daisy Kelly,882,155,0.0,0.0,0.0,0.0,0.0,0.0,0.0,0.0,205.7,,
2026-07-16,2026-07-16T00:59:46,15,FPO,277832,Chandler Reigh,939,30,406.25,0.01381,0.00018,1.0,0.96864,0.01224,0.0,692.1,32.4,97341;100195;96414;96415;96416;97344;96417;96418,
2026-07-16,2026-07-16T00:59:46,15,FPO,278450,Brit Hamburg-Kiin,854,106,28.5,0.0,0.0,0.0,0.0,0.0,0.0,28.5,114.5,,
2026-07-16,2026-07-16T00:59:46,15,FPO,279466,Gry Nagel,820,124,18.0,0.0,0.0,0.0,0.0,0.0,0.0,18.0,135.2,,
2026-07-16,2026-07-16T00:59:46,15,FPO,281626,Una Lokmane,878,105,28.5,0.0,0.0,0.0,0.0,0.0,0.0,28.5,114.0,,
2026-07-16,2026-07-16T00:59:46,15,FPO,284553,Katherine Aydelott,861,142,4.0,0.0,0.0,0.0,0.0,0.0,0.0,6.0,153.4,97341,
2026-07-16,2026-07-16T00:59:46,15,FPO,286978,Michelle Southworth,800,160,0.0,0.0,0.0,0.0,0.0,0.0,0.0,2.0,182.0,97341,
2026-07-16,2026-07-16T00:59:46,15,FPO,288014,Jordan Coomes,840,121,18.0,0.0,0.0,0.0,0.0,0.0,0.0,18.0,133.2,,
2026-07-16,2026-07-16T00:59:46,15,FPO,297287,Marta Villa,856,172,0.0,0.0,0.0,0.0,0.0,0.0,0.0,2.0,164.8,97341,
2026-07-16,2026-07-16T00:59:46,15,FPO,302765,Grace Wilson,891,201,0.0,0.0,0.0,0.0,0.0,0.0,0.0,2.1,183.1,97344,
2026-07-16,2026-07-16T00:59:46,15,FPO,308525,Saga Dahlstedt,917,55,127.5,0.0,0.0,0.0,0.0,0.0,0.0,127.5,69.6,,
2026-07-16,2026-07-16T00:59:46,15,FPO,311218,Mina Alme,902,98,35.25,0.0,0.0,0.0,0.0,0.0,0.0,35.2,106.8,,
2026-07-17,2026-07-17T05:17:33,15,FPO,3024,Chris O'Cleary,914,196,0.0,0.0,0.0,0.0,0.0,0.0,0.0,4.7,166.4,97344,
2026-07-17,2026-07-17T05:17:33,15,FPO,3090,Elaine King,888,197,0.0,0.0,0.0,0.0,0.0,0.0,0.0,2.0,171.8,97344,
2026-07-17,2026-07-17T05:17:33,15,FPO,8803,Ruth Steele,872,173,0.0,0.0,0.0,0.0,0.0,0.0,0.0,0.0,206.0,,
2026-07-17,2026-07-17T05:17:33,15,FPO,15354,Jennifer Allen,967,37,313.0,0.28115,0.01872,1.0,0.92506,0.22256,0.0,776.0,29.0,96414;96415;97344;96418,
2026-07-17,2026-07-17T05:17:33,15,FPO,27832,Kona Star Montgomery,949,24,478.0,0.21539,0.19023,1.0,1.0,0.02224,0.0,936.2,21.9,97341;96414;96415;96416;97344;96417;96418;96419,
2026-07-17,2026-07-17T05:17:33,15,FPO,29190,Paige Pierce,968,17,693.17,0.97361,0.97292,1.0,1.0,0.00064,0.0,1194.8,12.5,97341;96414;96416;97344;96418;96419,
2026-07-17,2026-07-17T05:17:33,15,FPO,29947,Stephanie Vincent,925,107,28.0,0.0,0.0,0.0,0.0,0.0,0.0,28.0,121.9,,
2026-07-17,2026-07-17T05:17:33,15,FPO,31041,Sheila Teves,883,153,0.0,0.0,0.0,0.0,0.0,0.0,0.0,0.0,203.5,,
2026-07-17,2026-07-17T05:17:33,15,FPO,32654,Lisa Fajkus,958,21,593.83,0.33366,0.28155,1.0,1.0,0.04419,0.0,965.3,20.6,96414;96415;96416;96417;96418;96419,
2026-07-17,2026-07-17T05:17:33,15,FPO,32917,Rebecca Cox,951,31,397.0,0.07311,0.00994,1.0,0.98421,0.05428,0.0,773.7,29.2,96414;96415;96416;97344;96417;96418,
2026-07-17,2026-07-17T05:17:33,15,FPO,32925,Lindsay Fish,882,164,0.0,0.0,0.0,0.0,0.0,0.0,0.0,0.0,200.0,,
2026-07-17,2026-07-17T05:17:33,15,FPO,34563,Sarah Hokom,949,63,101.0,0.02191,0.0,0.94978,0.04864,0.01445,0.0,434.2,43.4,96414;96415;96416;97344;96417;96418,
2026-07-17,2026-07-17T05:17:33,15,FPO,35321,Sofie Björlycke,936,70,83.25,0.0,0.0,0.0,0.0,0.0,0.0,83.2,80.2,,
2026-07-17,2026-07-17T05:17:33,15,FPO,35774,Camilla Jernberg,873,139,7.5,0.0,0.0,0.0,0.0,0.0,0.0,7.5,157.1,,
2026-07-17,2026-07-17T05:17:33,15,FPO,36307,Amanda Branch,887,193,0.0,0.0,0.0,0.0,0.0,0.0,0.0,2.0,177.2,97344,
2026-07-17,2026-07-17T05:17:33,15,FPO,39504,Zoe AnDyke,930,74,77.0,0.0,0.0,0.0,0.0,0.0,0.0,77.0,84.4,,
2026-07-17,2026-07-17T05:17:33,15,FPO,43995,Taylor Foth,902,151,0.0,0.0,0.0,0.0,0.0,0.0,0.0,0.0,192.4,,
2026-07-17,2026-07-17T05:17:33,15,FPO,44184,Catrina Allen,961,7,1010.08,0.99998,0.99998,1.0,1.0,0.0,0.0,1295.8,10.0,100195;96414;96415;96416;97344;96417;96418;96419,
2026-07-17,2026-07-17T05:17:33,15,FPO,45407,Brittney Armentrout,851,172,0.0,0.0,0.0,0.0,0.0,0.0,0.0,0.0,205.0,,
2026-07-17,2026-07-17T05:17:33,15,FPO,48199,Alison Blakeman,870,158,0.0,0.0,0.0,0.0,0.0,0.0,0.0,0.0,187.1,,
2026-07-17,2026-07-17T05:17:33,15,FPO,48976,Ohn Scoggins,990,4,1219.0,1.0,1.0,1.0,1.0,0.0,0.37428,2158.1,1.9,100195;96414;96415;96416;97344;96417;96418;96419,
2026-07-17,2026-07-17T05:17:33,15,FPO,50656,Jessica Gurthie,955,20,608.0,1.0,0.55556,1.0,1.0,0.01244,0.0,1025.7,18.1,96414;96415;96416;97344;96417;96418;96419,
2026-07-17,2026-07-17T05:17:33,15,FPO,51277,Holly Finley,929,45,214.0,0.0003,0.0,0.92875,0.0002,0.00013,0.0,330.6,49.0,96414;96415;97344;96417;96418,
2026-07-17,2026-07-17T05:17:33,15,FPO,58303,Sai Ananda,949,159,0.0,0.01806,0.0,0.16409,0.00054,0.008,0.0,253.7,55.9,97341;97344,
2026-07-17,2026-07-17T05:17:33,15,FPO,59227,Henna Blomroos,969,9,890.0,1.0,0.99739,1.0,1.0,2e-05,0.0,1242.5,11.3,97341;96414;97344;96418;96419,
2026-07-17,2026-07-17T05:17:33,15,FPO,59431,Madison Walker,951,19,646.83,0.32954,0.307,1.0,1.0,0.01863,0.0,971.5,20.3,97341;96414;96415;96416;97344;96417;96418;96419,
2026-07-17,2026-07-17T05:17:33,15,FPO,60798,Madison Tomaino,921,69,83.5,0.0,0.0,0.0,0.0,0.0,0.0,121.0,69.9,96416,
2026-07-17,2026-07-17T05:17:33,15,FPO,61144,Emily Beach,901,147,0.0,0.0,0.0,0.0,0.0,0.0,0.0,0.0,186.0,,
2026-07-17,2026-07-17T05:17:33,15,FPO,61990,Katka Boďová,916,88,48.0,0.0,0.0,0.0,0.0,0.0,0.0,48.0,103.9,,
2026-07-17,2026-07-17T05:17:33,15,FPO,62879,Valerie Mandujano,975,18,673.16,1.0,1.0,1.0,1.0,0.0,0.0,1536.1,6.9,97341;96414;96415;96416;97344;96417;96418;96419,
2026-07-17,2026-07-17T05:17:33,15,FPO,62880,Alexis Mandujano,960,32,352.5,0.23482,0.11158,1.0,0.9983,0.10047,0.0,881.8,24.3,96414;96415;96416;97344;96417;96418,
2026-07-17,2026-07-17T05:17:33,15,FPO,63257,Maria Oliva,920,42,237.0,9e-05,0.0,0.99903,8e-05,1e-05,0.0,341.0,48.1,96414;96415;96416;97344;96417;96418,
2026-07-17,2026-07-17T05:17:33,15,FPO,64927,Eveliina Salonen,988,6,1164.67,1.0,1.0,1.0,1.0,0.0,0.0,1657.8,5.8,96414;97344;96418;96419,
2026-07-17,2026-07-17T05:17:33,15,FPO,65489,Lauren Butler,916,51,157.75,2e-05,0.0,0.0373,0.0,1e-05,0.0,225.3,57.4,96414;96415;97344;96417,
2026-07-17,2026-07-17T05:17:33,15,FPO,66063,Ashlee Johnson,859,152,0.0,0.0,0.0,0.0,0.0,0.0,0.0,0.0,192.0,,
2026-07-17,2026-07-17T05:17:33,15,FPO,66599,Heidi Laine,959,12,764.75,0.82698,0.82406,1.0,1.0,0.0028,0.0,1092.1,15.6,96414;96415;96416;97344;96418;96419,
2026-07-17,2026-07-17T05:17:33,15,FPO,69584,Danielle Weigandt,853,182,0.0,0.0,0.0,0.0,0.0,0.0,0.0,55.1,96.6,97341,
2026-07-17,2026-07-17T05:17:33,15,FPO,71262,Erika Stinchcomb,920,44,222.25,7e-05,0.0,1.0,0.00302,3e-05,0.0,410.4,44.1,97341;96414;96415;96416;97344;96417;96418,
2026-07-17,2026-07-17T05:17:33,15,FPO,72635,Kersti Miller,890,99,34.5,0.0,0.0,0.0,0.0,0.0,0.0,34.5,115.2,,
2026-07-17,2026-07-17T05:17:33,15,FPO,74708,Casey Pennington,916,95,37.5,0.0,0.0,0.0,0.0,0.0,0.0,37.5,110.3,,
2026-07-17,2026-07-17T05:17:33,15,FPO,75029,Cynthia Ricciotti,917,60,107.25,2e-05,0.0,0.00459,0.0,0.0,0.0,179.2,61.5,100195;96414;96415;97344;96417,
2026-07-17,2026-07-17T05:17:33,15,FPO,76009,Virginia Polkinghorne,884,189,0.0,0.0,0.0,0.0,0.0,0.0,0.0,1.6,183.1,100195,
2026-07-17,2026-07-17T05:17:33,15,FPO,77385,Matilda Ringbom,947,40,274.0,0.00961,0.0,0.7255,4e-05,0.00894,0.0,332.2,49.0,96418,
2026-07-17,2026-07-17T05:17:33,15,FPO,78232,Tiger Borth,899,116,21.0,0.0,0.0,0.0,0.0,0.0,0.0,23.3,127.5,97344,
2026-07-17,2026-07-17T05:17:33,15,FPO,79233,Cadence Burge,971,64,95.25,0.40653,0.02193,0.9999,0.84419,0.28256,0.0,758.7,29.7,96414;96415;96416;97344;96417;96418,
2026-07-17,2026-07-17T05:17:33,15,FPO,80935,Lindsey Maas,902,102,32.25,0.0,0.0,0.0,0.0,0.0,0.0,39.3,110.2,96414;97344,
2026-07-17,2026-07-17T05:17:33,15,FPO,82809,Alex von Stade,893,112,22.0,0.0,0.0,0.0,0.0,0.0,0.0,22.0,129.1,,
2026-07-17,2026-07-17T05:17:33,15,FPO,83376,Cassandra Lioi,890,138,8.0,0.0,0.0,0.0,0.0,0.0,0.0,8.0,156.0,,
2026-07-17,2026-07-17T05:17:33,15,FPO,84279,Kaidi Allsalu,956,47,203.62,0.04385,0.0,0.0,0.0,0.0414,0.0,299.3,51.8,,
2026-07-17,2026-07-17T05:17:33,15,FPO,85189,Samantha Bonacci,870,126,16.5,0.0,0.0,0.0,0.0,0.0,0.0,20.9,134.1,96415,
2026-07-17,2026-07-17T05:17:33,15,FPO,85484,Anneli Tõugjas-Männiste,957,25,456.0,0.15736,0.05072,1.0,0.99969,0.08841,0.0,854.8,25.5,97341;96414;96415;97344;96417;96418;96419,
2026-07-17,2026-07-17T05:17:33,15,FPO,85942,Missy Gannon,985,3,1311.5,1.0,1.0,1.0,1.0,0.0,0.00286,1846.8,4.2,96414;96415;96416;97344;96417;96418;96419,
2026-07-17,2026-07-17T05:17:33,15,FPO,87094,Rose Shertick,918,209,0.0,0.0,0.0,0.0,0.0,0.0,0.0,6.6,168.5,97344,
2026-07-17,2026-07-17T05:17:33,15,FPO,87443,Andrea Cammack,874,170,0.0,0.0,0.0,0.0,0.0,0.0,0.0,64.3,90.5,97341,
2026-07-17,2026-07-17T05:17:33,15,FPO,94085,Keiti Tätte,957,49,184.12,0.02428,0.0,0.0,0.0,0.0227,0.0,232.6,57.3,,
2026-07-17,2026-07-17T05:17:33,15,FPO,96090,Sonja Laine,899,97,36.0,0.0,0.0,0.0,0.0,0.0,0.0,36.0,112.5,,
2026-07-17,2026-07-17T05:17:33,15,FPO,96480,Tori Pasquin,833,178,0.0,0.0,0.0,0.0,0.0,0.0,0.0,52.3,98.8,97341,
2026-07-17,2026-07-17T05:17:33,15,FPO,97238,Jannicke Hjemli,862,137,9.75,0.0,0.0,0.0,0.0,0.0,0.0,9.8,154.8,,
2026-07-17,2026-07-17T05:17:33,15,FPO,99441,Lykke Lorentzen,923,90,43.0,0.0,0.0,0.0,0.0,0.0,0.0,60.0,94.8,100195;97344,
2026-07-17,2026-07-17T05:17:33,15,FPO,99455,Kat Mertsch,964,8,938.67,0.99994,0.99994,1.0,1.0,0.0,0.0,1368.0,8.9,97341;96414;96415;96416;97344;96417;96418;96419,
2026-07-17,2026-07-17T05:17:33,15,FPO,101767,Sunny Stansbury,836,188,0.0,0.0,0.0,0.0,0.0,0.0,0.0,0.0,193.9,100195,
2026-07-17,2026-07-17T05:17:33,15,FPO,101949,Ratana McMahon,885,54,129.75,0.0,0.0,0.0,0.0,0.0,0.0,136.6,66.6,96415,
2026-07-17,2026-07-17T05:17:33,15,FPO,102024,Danielle Keen,896,150,0.0,0.0,0.0,0.0,0.0,0.0,0.0,0.0,187.0,,
2026-07-17,2026-07-17T05:17:33,15,FPO,103743,Karen Martel,926,129,15.0,0.0,0.0,0.0,0.0,0.0,0.0,27.7,131.0,97344,
2026-07-17,2026-07-17T05:17:33,15,FPO,104187,Macie Velediaz,957,38,294.67,0.09131,0.0005,1.0,0.56209,0.07142,0.0,624.3,35.3,96414;97344;96417;96418,
2026-07-17,2026-07-17T05:17:33,15,FPO,104314,Violet Main,945,41,250.0,0.01513,0.0,1.0,0.24274,0.01059,0.0,534.5,38.7,97341;96414;97344;96417;96418,
2026-07-17,2026-07-17T05:17:33,15,FPO,104814,Ellie Bryant,904,115,21.75,0.0,0.0,0.0,0.0,0.0,0.0,21.8,132.5,,
2026-07-17,2026-07-17T05:17:33,15,FPO,105126,Aria Castruita,949,145,0.0,0.0,0.0,0.0,0.0,0.0,0.0,0.0,212.0,,
2026-07-17,2026-07-17T05:17:33,15,FPO,106489,Anna Pinter,875,114,21.75,0.0,0.0,0.0,0.0,0.0,0.0,21.8,131.2,,
2026-07-17,2026-07-17T05:17:33,15,FPO,107297,Maria Liivamägi,857,109,24.0,0.0,0.0,0.0,0.0,0.0,0.0,24.0,125.1,,
2026-07-17,2026-07-17T05:17:33,15,FPO,107335,Silva Saarinen,991,2,1414.84,1.0,1.0,1.0,1.0,0.0,0.48025,2183.8,1.7,96414;96415;96416;97344;96418;96419,
2026-07-17,2026-07-17T05:17:33,15,FPO,108871,Brook Johnson,905,108,24.0,0.0,0.0,0.0,0.0,0.0,0.0,26.7,122.6,97344,
2026-07-17,2026-07-17T05:17:33,15,FPO,109337,Cathy Kuhn,860,148,0.0,0.0,0.0,0.0,0.0,0.0,0.0,0.0,188.0,,
2026-07-17,2026-07-17T05:17:33,15,FPO,109996,Anniken Kristiansen Steen,964,16,700.29,0.26065,0.12532,1.0,1.0,0.13222,0.0,914.6,22.8,97344;96418;96419,
2026-07-17,2026-07-17T05:17:33,15,FPO,111487,Emily Weatherman,958,11,773.33,0.99122,0.9912,1.0,1.0,2e-05,0.0,1204.4,12.2,97341;96414;96415;96416;97344;96417;96418;96419,
2026-07-17,2026-07-17T05:17:33,15,FPO,112647,Hanna Huynh,962,22,561.0,0.81519,0.80596,1.0,1.0,0.00774,0.0,1098.5,15.5,96414;96415;96416;97344;96417;96418;96419,
2026-07-17,2026-07-17T05:17:33,15,FPO,115503,Olivia Kindstedt,946,48,189.0,0.00823,0.0,0.20715,0.0002,0.00758,0.0,291.4,52.2,97344,
2026-07-17,2026-07-17T05:17:33,15,FPO,116694,Kristi Unt,925,89,45.0,0.0,0.0,0.0,0.0,0.0,0.0,45.0,106.0,,
2026-07-17,2026-07-17T05:17:33,15,FPO,121554,Elina Rydberg,898,111,23.25,0.0,0.0,0.0,0.0,0.0,0.0,23.2,126.8,,
2026-07-17,2026-07-17T05:17:33,15,FPO,124064,Shelby Cowen,914,56,127.0,2e-05,0.0,0.26104,0.0,1e-05,0.0,262.3,54.1,97341;96414;96415;96417;96418,
2026-07-17,2026-07-17T05:17:33,15,FPO,126226,Kati Chachere,843,177,0.0,0.0,0.0,0.0,0.0,0.0,0.0,0.0,195.7,,
2026-07-17,2026-07-17T05:17:33,15,FPO,128395,Michelle Saggboy,894,165,0.0,0.0,0.0,0.0,0.0,0.0,0.0,0.0,209.0,,
2026-07-17,2026-07-17T05:17:33,15,FPO,128532,Maarja Soasepp,905,91,42.0,0.0,0.0,0.0,0.0,0.0,0.0,42.0,107.7,,
2026-07-17,2026-07-17T05:17:33,15,FPO,130187,Kat Johnson,910,204,0.0,0.0,0.0,0.0,0.0,0.0,0.0,3.6,163.1,97344,
2026-07-17,2026-07-17T05:17:33,15,FPO,130342,Chantel Budinsky,957,81,58.5,0.04589,0.0,0.14146,0.00094,0.03023,0.0,268.9,55.1,97344;96417,
2026-07-17,2026-07-17T05:17:33,15,FPO,130822,Hannah Manis,932,201,0.0,0.0,0.0,0.0,0.0,0.0,0.0,20.4,144.1,97344,
2026-07-17,2026-07-17T05:17:33,15,FPO,131583,Hannah Lengel,954,190,0.0,0.01313,0.0,0.00168,0.0,0.00167,0.0,124.3,72.7,96414;96417,
2026-07-17,2026-07-17T05:17:33,15,FPO,132291,Ashley Phelps,904,143,2.0,0.0,0.0,0.0,0.0,0.0,0.0,79.2,83.1,97341,
2026-07-17,2026-07-17T05:17:33,15,FPO,132627,Jenn Cazanov-Diggs,905,167,0.0,0.0,0.0,0.0,0.0,0.0,0.0,0.0,202.0,,
2026-07-17,2026-07-17T05:17:33,15,FPO,133547,Holyn Handley,986,1,1668.34,1.0,1.0,1.0,1.0,0.0,0.14256,2085.2,2.5,96414;96415;96416;97344;96418;96419,
2026-07-17,2026-07-17T05:17:33,15,FPO,133701,Nathalie Ortiz,907,77,64.25,0.0,0.0,0.0,0.0,0.0,0.0,64.2,90.2,,
2026-07-17,2026-07-17T05:17:33,15,FPO,135383,Emma Arp,912,185,0.0,0.0,0.0,0.0,0.0,0.0,0.0,5.5,163.1,100195,
2026-07-17,2026-07-17T05:17:33,15,FPO,138272,Raven Klein,941,26,437.5,0.02664,0.00788,1.0,0.99977,0.01664,0.0,794.8,28.2,97341;96414;96415;96416;97344;96417;96418;96419,
2026-07-17,2026-07-17T05:17:33,15,FPO,139109,Leah Tsinajinnie,927,83,53.0,0.0,0.0,1e-05,0.0,0.0,0.0,66.8,90.3,97344,
2026-07-17,2026-07-17T05:17:33,15,FPO,139387,Hanna Jansson,903,86,50.25,0.0,0.0,0.0,0.0,0.0,0.0,50.2,100.8,,
2026-07-17,2026-07-17T05:17:33,15,FPO,139738,Megan Dophal,908,208,0.0,0.0,0.0,0.0,0.0,0.0,0.0,3.2,174.0,97344,
2026-07-17,2026-07-17T05:17:33,15,FPO,140660,María Eldey Kristínardóttir,916,66,91.5,0.0,0.0,0.0,0.0,0.0,0.0,91.5,77.1,,
2026-07-17,2026-07-17T05:17:33,15,FPO,140947,Nina Bennett,946,92,40.5,0.00459,0.0,0.0136,1e-05,0.00143,0.0,149.7,67.7,97344;96417,
2026-07-17,2026-07-17T05:17:33,15,FPO,142259,Katheryn Maloney,901,205,0.0,0.0,0.0,0.0,0.0,0.0,0.0,2.4,163.9,97344,
2026-07-17,2026-07-17T05:17:33,15,FPO,142354,Alexis Kerman,921,59,111.5,7e-05,0.0,0.83324,8e-05,3e-05,0.0,307.3,50.6,97341;96414;96415;96416;97344;96417;96418,
2026-07-17,2026-07-17T05:17:33,15,FPO,143423,Ember Simonis,916,198,0.0,0.0,0.0,0.0,0.0,0.0,0.0,5.5,165.2,97344,
2026-07-17,2026-07-17T05:17:33,15,FPO,143720,Jessica Kinard,906,192,0.0,0.0,0.0,0.0,0.0,0.0,0.0,24.7,128.3,96416,
2026-07-17,2026-07-17T05:17:33,15,FPO,144112,Ella Hansen,976,5,1214.08,1.0,1.0,1.0,1.0,0.0,5e-05,1710.4,5.3,97341;96414;96415;96416;97344;96418;96419,
2026-07-17,2026-07-17T05:17:33,15,FPO,144791,Emily Yale,893,80,59.0,0.0,0.0,0.0,0.0,0.0,0.0,92.4,77.0,96415;96416;97344,
2026-07-17,2026-07-17T05:17:33,15,FPO,146137,Dani K. Hart,951,33,349.5,0.09631,0.03354,1.0,0.99913,0.04912,0.0,833.0,26.5,97341;96414;96415;96416;97344;96417;96418;96419,
2026-07-17,2026-07-17T05:17:33,15,FPO,146304,MJ Gager,933,50,160.5,0.00045,0.0,0.0669,1e-05,0.00027,0.0,232.5,56.8,96415;97344,
2026-07-17,2026-07-17T05:17:33,15,FPO,147050,Ali Smith,946,76,66.0,0.0,0.0,0.0,0.0,0.0,0.0,66.0,88.6,,
2026-07-17,2026-07-17T05:17:33,15,FPO,147393,Sadie Shattuck,866,127,16.0,0.0,0.0,0.0,0.0,0.0,0.0,16.0,145.9,,
2026-07-17,2026-07-17T05:17:33,15,FPO,149548,VicToria Scott,887,211,0.0,0.0,0.0,0.0,0.0,0.0,0.0,2.0,173.6,97344,
2026-07-17,2026-07-17T05:17:33,15,FPO,149803,Candyce Boyce,895,100,33.0,0.0,0.0,0.0,0.0,0.0,0.0,33.0,117.3,,
2026-07-17,2026-07-17T05:17:33,15,FPO,150057,Hailey Huber,932,163,0.0,0.0,0.0,0.0,0.0,0.0,0.0,0.0,199.0,,
2026-07-17,2026-07-17T05:17:33,15,FPO,151072,Jennifer Rice,894,123,18.0,0.0,0.0,0.0,0.0,0.0,0.0,18.0,141.6,,
2026-07-17,2026-07-17T05:17:33,15,FPO,152191,Kelley Foster,933,39,280.5,0.003,0.0,1.0,0.38822,0.00228,0.0,561.2,37.8,97341;96414;96415;96416;96417;96418,
2026-07-17,2026-07-17T05:17:33,15,FPO,154098,Ariel Walker,943,93,38.25,0.00013,0.0,0.00047,0.0,9e-05,0.0,81.2,87.5,97344,
2026-07-17,2026-07-17T05:17:33,15,FPO,155026,Amanda Lennartsson,947,29,409.0,0.01078,0.0,1.0,0.02065,0.01016,0.0,466.8,41.4,96418,
2026-07-17,2026-07-17T05:17:33,15,FPO,156259,Ella Tejler,898,75,73.5,0.0,0.0,0.0,0.0,0.0,0.0,73.5,86.0,,
2026-07-17,2026-07-17T05:17:33,15,FPO,156781,Audrey Wicklander,891,194,0.0,0.0,0.0,0.0,0.0,0.0,0.0,2.1,172.8,97344,
2026-07-17,2026-07-17T05:17:33,15,FPO,157471,Nid Ovathanasin,936,128,15.0,5e-05,0.0,0.00054,0.0,1e-05,0.0,73.0,92.6,96414;97344,
2026-07-17,2026-07-17T05:17:33,15,FPO,158385,Destyne Martinez,865,144,2.0,0.0,0.0,0.0,0.0,0.0,0.0,2.0,177.2,,
2026-07-17,2026-07-17T05:17:33,15,FPO,158461,Shiru Liu,914,79,61.5,0.0,0.0,9e-05,0.0,0.0,0.0,146.5,65.2,97341,
2026-07-17,2026-07-17T05:17:33,15,FPO,160103,Jacquelyn DeLude,877,202,0.0,0.0,0.0,0.0,0.0,0.0,0.0,2.0,170.7,97344,
2026-07-17,2026-07-17T05:17:33,15,FPO,161231,Sarah May,856,180,0.0,0.0,0.0,0.0,0.0,0.0,0.0,0.0,197.1,,
2026-07-17,2026-07-17T05:17:33,15,FPO,161918,Addison Woodard,950,67,89.75,0.02371,0.0,0.84977,0.02011,0.01581,0.0,401.6,45.2,96415;96416;97344;96417,
2026-07-17,2026-07-17T05:17:33,15,FPO,162735,Eden Fornoff,922,191,0.0,0.0,0.0,0.0,0.0,0.0,0.0,24.7,128.2,96416,
2026-07-17,2026-07-17T05:17:33,15,FPO,162896,Therese Cuevas,937,52,143.0,0.00151,0.0,0.57127,0.0005,0.00117,0.0,312.0,50.5,97341;97344;96418,
2026-07-17,2026-07-17T05:17:33,15,FPO,164788,Alecia Hinkson,930,58,112.5,0.00034,0.0,0.03039,0.0,0.0001,0.0,196.4,60.0,96414;97344;96417,
2026-07-17,2026-07-17T05:17:33,15,FPO,165652,Ceci Vollbrecht,899,195,0.0,0.0,0.0,0.0,0.0,0.0,0.0,2.3,174.6,97344,
2026-07-17,2026-07-17T05:17:33,15,FPO,166082,Ashton Webberley,904,168,0.0,0.0,0.0,0.0,0.0,0.0,0.0,0.0,201.0,,
2026-07-17,2026-07-17T05:17:33,15,FPO,166749,Mackenzie Morris,884,162,0.0,0.0,0.0,0.0,0.0,0.0,0.0,0.0,202.6,,
2026-07-17,2026-07-17T05:17:33,15,FPO,167255,AK Kaestner,820,175,0.0,0.0,0.0,0.0,0.0,0.0,0.0,0.0,207.0,,
2026-07-17,2026-07-17T05:17:33,15,FPO,168863,Trinity Bryant,921,43,233.0,1e-05,0.0,1.0,0.00103,0.0,0.0,397.9,44.7,97341;96414;96415;96416;97344;96418,
2026-07-17,2026-07-17T05:17:33,15,FPO,170182,Rebecca Minnick,865,103,29.0,0.0,0.0,0.0,0.0,0.0,0.0,29.0,118.8,,
2026-07-17,2026-07-17T05:17:33,15,FPO,173601,Marie Kielas,914,85,51.0,0.0,0.0,0.0,0.0,0.0,0.0,51.0,99.1,,
2026-07-17,2026-07-17T05:17:33,15,FPO,176242,Morgan Lynds,931,68,87.75,3e-05,0.0,0.00044,0.0,1e-05,0.0,106.8,74.1,97344,
2026-07-17,2026-07-17T05:17:33,15,FPO,176243,Jordan Lynds,945,57,113.25,0.00473,0.0,0.10426,6e-05,0.00391,0.0,234.3,57.2,96414;97344,
2026-07-17,2026-07-17T05:17:33,15,FPO,176481,Karissa Dedmon,917,118,20.0,0.0,0.0,0.0,0.0,0.0,0.0,26.0,125.8,97344,
2026-07-17,2026-07-17T05:17:33,15,FPO,178707,Joleigh Miller,929,149,0.0,0.00041,0.0,0.0004,0.0,2e-05,0.0,116.2,71.9,97341,
2026-07-17,2026-07-17T05:17:33,15,FPO,178748,Kendyl Sullivan,887,174,0.0,0.0,0.0,0.0,0.0,0.0,0.0,66.4,89.2,97341,
2026-07-17,2026-07-17T05:17:33,15,FPO,179200,Jamie Williams,863,154,0.0,0.0,0.0,0.0,0.0,0.0,0.0,0.0,189.0,,
2026-07-17,2026-07-17T05:17:33,15,FPO,179873,Jenny Larsson,921,82,54.0,0.0,0.0,0.0,0.0,0.0,0.0,54.0,96.9,,
2026-07-17,2026-07-17T05:17:33,15,FPO,181772,Ida Emilie Nesse,948,35,334.0,0.04398,0.00149,1.0,0.88972,0.0361,0.0,699.1,32.4,96414;96415;96416;97344;96417;96418,
2026-07-17,2026-07-17T05:17:33,15,FPO,182450,Kajsa Wahl,893,96,36.75,0.0,0.0,0.0,0.0,0.0,0.0,36.8,111.4,,
2026-07-17,2026-07-17T05:17:33,15,FPO,182582,Addison Clark,824,212,0.0,0.0,0.0,0.0,0.0,0.0,0.0,16.5,144.9,96417,
2026-07-17,2026-07-17T05:17:33,15,FPO,184609,Elva-Kate Preston,908,61,107.25,0.0,0.0,3e-05,0.0,0.0,0.0,136.6,67.0,100195;96414;96415;97344,
2026-07-17,2026-07-17T05:17:33,15,FPO,184736,Jennifer Smiley,934,34,337.75,0.00717,0.0,1.0,0.74878,0.0051,0.0,623.1,35.6,97341;96414;96415;96416;97344;96417;96418,
2026-07-17,2026-07-17T05:17:33,15,FPO,185057,Josefine Johansson,934,71,81.0,0.0,0.0,0.00049,0.0,0.0,0.0,105.2,75.1,97344,
2026-07-17,2026-07-17T05:17:33,15,FPO,185534,Sofia Donnecke,961,23,547.5,0.16397,0.00482,1.0,0.99695,0.14836,0.0,782.2,28.8,96414;96418,
2026-07-17,2026-07-17T05:17:33,15,FPO,185627,Athena Cuevas,866,130,14.0,0.0,0.0,0.0,0.0,0.0,0.0,14.0,147.1,,
2026-07-17,2026-07-17T05:17:33,15,FPO,186277,Kassandra Fog Wichmann,871,140,6.0,0.0,0.0,0.0,0.0,0.0,0.0,6.0,158.7,,
2026-07-17,2026-07-17T05:17:33,15,FPO,186629,Sanne Dalseth,880,132,13.5,0.0,0.0,0.0,0.0,0.0,0.0,13.5,148.5,,
2026-07-17,2026-07-17T05:17:33,15,FPO,188837,JJ Sun,883,157,0.0,0.0,0.0,0.0,0.0,0.0,0.0,0.0,181.7,,
2026-07-17,2026-07-17T05:17:33,15,FPO,189702,Taylor Chocek,947,13,749.95,0.25655,0.24588,1.0,1.0,0.01036,0.0,966.7,20.5,96414;96415;96416;96418;96419,
2026-07-17,2026-07-17T05:17:33,15,FPO,193215,Lexi Marx,929,160,0.0,0.0,0.0,2e-05,0.0,0.0,0.0,38.3,120.0,96414;97344,
2026-07-17,2026-07-17T05:17:33,15,FPO,195549,Kylie Kohut,933,53,135.0,0.00052,0.0,0.0202,0.0,0.00035,0.0,216.9,58.2,100195;96414;96415,
2026-07-17,2026-07-17T05:17:33,15,FPO,195550,Peyton Kohut,913,84,52.5,0.0,0.0,0.0,0.0,0.0,0.0,84.3,81.2,100195;96414;96415,
2026-07-17,2026-07-17T05:17:33,15,FPO,196237,Kaire Tekku,923,73,78.75,0.0,0.0,0.0,0.0,0.0,0.0,78.8,83.1,,
2026-07-17,2026-07-17T05:17:33,15,FPO,197689,Isabella Parker,877,122,18.0,0.0,0.0,0.0,0.0,0.0,0.0,18.0,139.6,,
2026-07-17,2026-07-17T05:17:33,15,FPO,198446,Eliezra Midtlyng,948,14,746.58,0.732,0.7306,1.0,1.0,0.00128,0.0,1059.0,16.8,97341;96414;96415;96416;97344;96417;96418;96419,
2026-07-17,2026-07-17T05:17:33,15,FPO,198721,Hannah Kellar,898,104,29.0,0.0,0.0,0.0,0.0,0.0,0.0,103.3,73.4,97341,
2026-07-17,2026-07-17T05:17:33,15,FPO,202571,Elizabete Pēkšena,932,46,205.5,0.00036,0.0,0.08761,0.0,0.00032,0.0,247.4,55.5,97344;96418,
2026-07-17,2026-07-17T05:17:33,15,FPO,208576,Rebecca Don,961,10,801.99,0.99813,0.99813,1.0,1.0,0.0,0.0,1261.2,10.9,97341;96414;96415;96416;97344;96418;96419,
2026-07-17,2026-07-17T05:17:33,15,FPO,209432,Eden Fletcher,905,94,38.0,0.0,0.0,0.0,0.0,0.0,0.0,38.0,109.3,,
2026-07-17,2026-07-17T05:17:33,15,FPO,209462,Erika Apple,854,179,0.0,0.0,0.0,0.0,0.0,0.0,0.0,0.0,196.0,,
2026-07-17,2026-07-17T05:17:33,15,FPO,210287,Mara Neal,864,171,0.0,0.0,0.0,0.0,0.0,0.0,0.0,0.0,204.0,,
2026-07-17,2026-07-17T05:17:33,15,FPO,210972,Kristýna Jurčíková,970,36,331.0,0.26212,0.00054,1.0,0.5238,0.23507,0.0,648.4,34.4,97344;96418,
2026-07-17,2026-07-17T05:17:33,15,FPO,214417,Fleur Verberk,899,199,0.0,0.0,0.0,0.0,0.0,0.0,0.0,2.3,169.0,97344,
2026-07-17,2026-07-17T05:17:33,15,FPO,215439,Sheliemae Lai,946,78,62.0,0.0,0.0,0.0,0.0,0.0,0.0,62.0,92.5,,
2026-07-17,2026-07-17T05:17:33,15,FPO,215495,Kelsey Martin,877,206,0.0,0.0,0.0,0.0,0.0,0.0,0.0,2.0,165.3,97344,
2026-07-17,2026-07-17T05:17:33,15,FPO,216558,Iida Lehtomäki,963,27,430.25,0.11613,0.0,1.0,0.23896,0.10554,0.0,573.4,37.4,97344;96418,
2026-07-17,2026-07-17T05:17:33,15,FPO,217892,Katie Tews,892,161,0.0,0.0,0.0,0.0,0.0,0.0,0.0,0.0,209.0,,
2026-07-17,2026-07-17T05:17:33,15,FPO,218760,Sarah Duran,865,135,11.0,0.0,0.0,0.0,0.0,0.0,0.0,11.0,152.5,,
2026-07-17,2026-07-17T05:17:33,15,FPO,218779,Amanda Brightwell,831,184,0.0,0.0,0.0,0.0,0.0,0.0,0.0,48.7,102.5,97341,
2026-07-17,2026-07-17T05:17:33,15,FPO,219693,Anna Damberga,864,117,21.0,0.0,0.0,0.0,0.0,0.0,0.0,21.0,134.5,,
2026-07-17,2026-07-17T05:17:33,15,FPO,221583,Evie Lou Ramey,894,186,0.0,0.0,0.0,0.0,0.0,0.0,0.0,2.9,176.0,100195,
2026-07-17,2026-07-17T05:17:33,15,FPO,222693,Tanisha Platero,856,176,0.0,0.0,0.0,0.0,0.0,0.0,0.0,0.0,208.0,,
2026-07-17,2026-07-17T05:17:33,15,FPO,222973,Martje Sumowski,913,101,33.0,0.0,0.0,0.0,0.0,0.0,0.0,33.0,116.5,,
2026-07-17,2026-07-17T05:17:33,15,FPO,223975,Laura Tatiana Niño Carranza,875,169,0.0,0.0,0.0,0.0,0.0,0.0,0.0,2.0,169.0,97344,
2026-07-17,2026-07-17T05:17:33,15,FPO,224238,Julia Fors,962,28,428.5,0.14537,0.00089,1.0,0.75862,0.13496,0.0,680.4,33.1,97344;96418,
2026-07-17,2026-07-17T05:17:33,15,FPO,225016,Naomi Suyat,869,156,0.0,0.0,0.0,0.0,0.0,0.0,0.0,0.0,184.0,,
2026-07-17,2026-07-17T05:17:33,15,FPO,227315,Sarah Wadsworth,901,187,0.0,0.0,0.0,0.0,0.0,0.0,0.0,15.5,144.4,100195;96415,
2026-07-17,2026-07-17T05:17:33,15,FPO,228486,Stefani Ewell,857,136,10.0,0.0,0.0,0.0,0.0,0.0,0.0,10.0,153.7,,
2026-07-17,2026-07-17T05:17:33,15,FPO,229526,Sintija Klezberga,955,15,737.5,0.71601,0.71168,1.0,1.0,0.00383,0.0,1054.5,16.9,97341;96414;96415;97344;96417;96418;96419,
2026-07-17,2026-07-17T05:17:33,15,FPO,231650,Tailey Rowley,911,65,92.25,0.0,0.0,0.0,0.0,0.0,0.0,96.1,75.3,97344,
2026-07-17,2026-07-17T05:17:33,15,FPO,232666,Rebecka Hoppe,850,141,6.0,0.0,0.0,0.0,0.0,0.0,0.0,6.0,158.7,,
2026-07-17,2026-07-17T05:17:33,15,FPO,232722,Julia Hauch,911,203,0.0,0.0,0.0,0.0,0.0,0.0,0.0,3.8,165.4,97344,
2026-07-17,2026-07-17T05:17:33,15,FPO,235368,Madalyn Payton,896,146,0.0,0.0,0.0,0.0,0.0,0.0,0.0,0.0,185.0,,
2026-07-17,2026-07-17T05:17:33,15,FPO,238187,Ann Deputy,918,72,80.25,0.0,0.0,0.0,0.0,0.0,0.0,86.8,80.2,97344,
2026-07-17,2026-07-17T05:17:33,15,FPO,240590,Amelia Saechao,873,110,24.0,0.0,0.0,0.0,0.0,0.0,0.0,24.0,125.4,,
2026-07-17,2026-07-17T05:17:33,15,FPO,242116,Eva Lutsenko,924,113,21.75,0.0,0.0,0.0,0.0,0.0,0.0,21.8,132.2,,
2026-07-17,2026-07-17T05:17:33,15,FPO,242331,Ida Kennmark,867,131,13.5,0.0,0.0,0.0,0.0,0.0,0.0,13.5,148.9,,
2026-07-17,2026-07-17T05:17:33,15,FPO,245180,Chelsea Sutton,859,183,0.0,0.0,0.0,0.0,0.0,0.0,0.0,55.4,96.4,97341,
2026-07-17,2026-07-17T05:17:33,15,FPO,245306,Netta Leppäaho,945,62,105.75,0.0,0.0,0.0,0.0,0.0,0.0,105.8,72.6,,
2026-07-17,2026-07-17T05:17:33,15,FPO,245317,Sophi Stephenson,859,133,12.0,0.0,0.0,0.0,0.0,0.0,0.0,12.0,150.3,,
2026-07-17,2026-07-17T05:17:33,15,FPO,254333,Jess Zilch,874,120,19.5,0.0,0.0,0.0,0.0,0.0,0.0,19.5,136.8,,
2026-07-17,2026-07-17T05:17:33,15,FPO,255962,Samantha Zaborowski,901,210,0.0,0.0,0.0,0.0,0.0,0.0,0.0,2.4,174.8,97344,
2026-07-17,2026-07-17T05:17:33,15,FPO,256846,Lea Tomas,888,207,0.0,0.0,0.0,0.0,0.0,0.0,0.0,2.0,167.4,97344,
2026-07-17,2026-07-17T05:17:33,15,FPO,259972,Marion Mattsson,858,134,11.25,0.0,0.0,0.0,0.0,0.0,0.0,11.2,151.4,,
2026-07-17,2026-07-17T05:17:33,15,FPO,261058,Jessica Erickson,891,87,49.0,0.0,0.0,0.0,0.0,0.0,0.0,49.0,102.2,,
2026-07-17,2026-07-17T05:17:33,15,FPO,261216,Victoria Christensen,863,125,17.25,0.0,0.0,0.0,0.0,0.0,0.0,17.2,143.2,,
2026-07-17,2026-07-17T05:17:33,15,FPO,268900,Natalie Berg,883,119,19.5,0.0,0.0,0.0,0.0,0.0,0.0,19.5,136.0,,
2026-07-17,2026-07-17T05:17:33,15,FPO,269838,Daisy Kelly,882,155,0.0,0.0,0.0,0.0,0.0,0.0,0.0,0.0,183.6,,
2026-07-17,2026-07-17T05:17:33,15,FPO,277832,Chandler Reigh,939,30,406.25,0.01279,5e-05,1.0,0.80366,0.01129,0.0,645.9,34.6,100195;96414;96415;96416;97344;96417;96418,
2026-07-17,2026-07-17T05:17:33,15,FPO,278450,Brit Hamburg-Kiin,854,106,28.5,0.0,0.0,0.0,0.0,0.0,0.0,28.5,120.4,,
2026-07-17,2026-07-17T05:17:33,15,FPO,279466,Gry Nagel,820,124,18.0,0.0,0.0,0.0,0.0,0.0,0.0,18.0,141.6,,
2026-07-17,2026-07-17T05:17:33,15,FPO,281626,Una Lokmane,878,105,28.5,0.0,0.0,0.0,0.0,0.0,0.0,28.5,120.2,,
2026-07-17,2026-07-17T05:17:33,15,FPO,284553,Katherine Aydelott,861,142,4.0,0.0,0.0,0.0,0.0,0.0,0.0,63.1,91.5,97341,
2026-07-17,2026-07-17T05:17:33,15,FPO,286978,Michelle Southworth,800,181,0.0,0.0,0.0,0.0,0.0,0.0,0.0,46.0,105.0,97341,
2026-07-17,2026-07-17T05:17:33,15,FPO,288014,Jordan Coomes,840,121,18.0,0.0,0.0,0.0,0.0,0.0,0.0,18.0,139.6,,
2026-07-17,2026-07-17T05:17:33,15,FPO,297287,Marta Villa,856,166,0.0,0.0,0.0,0.0,0.0,0.0,0.0,0.0,203.0,,
2026-07-17,2026-07-17T05:17:33,15,FPO,302765,Grace Wilson,891,200,0.0,0.0,0.0,0.0,0.0,0.0,0.0,2.1,169.5,97344,
2026-07-17,2026-07-17T05:17:33,15,FPO,308525,Saga Dahlstedt,917,55,127.5,0.0,0.0,0.0,0.0,0.0,0.0,127.5,68.7,,
2026-07-17,2026-07-17T05:17:33,15,FPO,311218,Mina Alme,902,98,35.25,0.0,0.0,0.0,0.0,0.0,0.0,35.2,114.2,,
2026-07-18,2026-07-18T00:21:35,15,FPO,3024,Chris O'Cleary,914,196,0.0,0.0,0.0,0.0,0.0,0.0,0.0,4.7,184.7,97344,
2026-07-18,2026-07-18T00:21:35,15,FPO,3090,Elaine King,888,197,0.0,0.0,0.0,0.0,0.0,0.0,0.0,2.0,187.7,97344,
2026-07-18,2026-07-18T00:21:35,15,FPO,8803,Ruth Steele,872,173,0.0,0.0,0.0,0.0,0.0,0.0,0.0,2.0,164.1,97341,
2026-07-18,2026-07-18T00:21:35,15,FPO,15354,Jennifer Allen,967,37,313.0,0.28126,0.02159,1.0,0.9453,0.22008,0.0,776.9,28.5,96414;96415;97344;96418,
2026-07-18,2026-07-18T00:21:35,15,FPO,27832,Kona Star Montgomery,949,24,478.0,0.1095,0.07214,1.0,0.99999,0.03256,0.0,871.3,24.2,97341;96414;96415;96416;97344;96417;96418;96419,
2026-07-18,2026-07-18T00:21:35,15,FPO,29190,Paige Pierce,968,17,693.17,0.90092,0.89658,1.0,1.0,0.00428,0.0,1120.1,14.3,97341;96414;96416;97344;96418;96419,
2026-07-18,2026-07-18T00:21:35,15,FPO,29947,Stephanie Vincent,925,107,28.0,0.0,0.0,0.0,0.0,0.0,0.0,28.0,116.3,,
2026-07-18,2026-07-18T00:21:35,15,FPO,31041,Sheila Teves,883,153,0.0,0.0,0.0,0.0,0.0,0.0,0.0,0.0,208.1,,
2026-07-18,2026-07-18T00:21:35,15,FPO,32654,Lisa Fajkus,958,21,593.83,0.35418,0.30834,1.0,1.0,0.03876,0.0,964.7,20.1,96414;96415;96416;96417;96418;96419,
2026-07-18,2026-07-18T00:21:35,15,FPO,32917,Rebecca Cox,951,31,397.0,0.07272,0.01127,1.0,0.99047,0.05272,0.0,773.4,28.7,96414;96415;96416;97344;96417;96418,
2026-07-18,2026-07-18T00:21:35,15,FPO,32925,Lindsay Fish,882,162,0.0,0.0,0.0,0.0,0.0,0.0,0.0,2.4,172.1,97341,
2026-07-18,2026-07-18T00:21:35,15,FPO,34563,Sarah Hokom,949,63,101.0,0.02266,0.0,0.95023,0.06452,0.01522,0.0,435.2,42.8,96414;96415;96416;97344;96417;96418,
2026-07-18,2026-07-18T00:21:35,15,FPO,35321,Sofie Björlycke,936,70,83.25,0.0,0.0,0.0,0.0,0.0,0.0,83.2,81.1,,
2026-07-18,2026-07-18T00:21:35,15,FPO,35774,Camilla Jernberg,873,139,7.5,0.0,0.0,0.0,0.0,0.0,0.0,7.5,152.2,,
2026-07-18,2026-07-18T00:21:35,15,FPO,36307,Amanda Branch,887,193,0.0,0.0,0.0,0.0,0.0,0.0,0.0,2.0,188.7,97344,
2026-07-18,2026-07-18T00:21:35,15,FPO,39504,Zoe AnDyke,930,74,77.0,0.0,0.0,0.0,0.0,0.0,0.0,77.0,85.4,,
2026-07-18,2026-07-18T00:21:35,15,FPO,43995,Taylor Foth,902,151,0.0,0.0,0.0,0.0,0.0,0.0,0.0,0.0,202.6,,
2026-07-18,2026-07-18T00:21:35,15,FPO,44184,Catrina Allen,961,7,1010.08,0.99999,0.99999,1.0,1.0,0.0,0.0,1318.3,9.0,97341;100195;96414;96415;96416;97344;96417;96418;96419,
2026-07-18,2026-07-18T00:21:35,15,FPO,45407,Brittney Armentrout,851,169,0.0,0.0,0.0,0.0,0.0,0.0,0.0,2.0,177.5,97341,
2026-07-18,2026-07-18T00:21:35,15,FPO,48199,Alison Blakeman,870,158,0.0,0.0,0.0,0.0,0.0,0.0,0.0,0.0,204.4,,
2026-07-18,2026-07-18T00:21:35,15,FPO,48976,Ohn Scoggins,990,4,1219.0,1.0,1.0,1.0,1.0,0.0,0.53044,2250.6,1.6,97341;100195;96414;96415;96416;97344;96417;96418;96419,
2026-07-18,2026-07-18T00:21:35,15,FPO,50656,Jessica Gurthie,955,20,608.0,1.0,0.79009,1.0,1.0,0.00279,0.0,1076.5,15.8,97341;96414;96415;96416;97344;96417;96418;96419,
2026-07-18,2026-07-18T00:21:35,15,FPO,51277,Holly Finley,929,45,214.0,0.0003,0.0,0.92982,0.00043,0.00013,0.0,330.6,48.5,96414;96415;97344;96417;96418,
2026-07-18,2026-07-18T00:21:35,15,FPO,58303,Sai Ananda,949,159,0.0,0.00603,0.0,0.06656,0.00023,0.00514,0.0,202.8,61.6,97341;97344,
2026-07-18,2026-07-18T00:21:35,15,FPO,59227,Henna Blomroos,969,9,890.0,1.0,0.99569,1.0,1.0,1e-05,0.0,1208.2,11.5,97341;96414;97344;96418;96419,
2026-07-18,2026-07-18T00:21:35,15,FPO,59431,Madison Walker,951,19,646.83,0.21602,0.18523,1.0,1.0,0.02637,0.0,930.3,21.6,97341;96414;96415;96416;97344;96417;96418;96419,
2026-07-18,2026-07-18T00:21:35,15,FPO,60798,Madison Tomaino,921,69,83.5,0.0,0.0,0.0,0.0,0.0,0.0,121.0,70.3,96416,
2026-07-18,2026-07-18T00:21:35,15,FPO,61144,Emily Beach,901,147,0.0,0.0,0.0,0.0,0.0,0.0,0.0,0.0,204.1,,
2026-07-18,2026-07-18T00:21:35,15,FPO,61990,Katka Boďová,916,88,48.0,0.0,0.0,0.0,0.0,0.0,0.0,48.0,98.3,,
2026-07-18,2026-07-18T00:21:35,15,FPO,62879,Valerie Mandujano,975,18,673.16,0.99997,0.99997,1.0,1.0,0.0,0.0,1447.8,7.4,97341;96414;96415;96416;97344;96417;96418;96419,
2026-07-18,2026-07-18T00:21:35,15,FPO,62880,Alexis Mandujano,960,32,352.5,0.23987,0.12233,1.0,0.999,0.09547,0.0,881.2,23.8,96414;96415;96416;97344;96417;96418;96419,
2026-07-18,2026-07-18T00:21:35,15,FPO,63257,Maria Oliva,920,42,237.0,8e-05,0.0,0.99904,0.00012,0.0,0.0,341.0,47.5,96414;96415;96416;97344;96417;96418,
2026-07-18,2026-07-18T00:21:35,15,FPO,64927,Eveliina Salonen,988,6,1164.67,1.0,1.0,1.0,1.0,0.0,0.0,1677.8,5.4,97341;96414;97344;96418;96419,
2026-07-18,2026-07-18T00:21:35,15,FPO,65489,Lauren Butler,916,51,157.75,2e-05,0.0,0.03911,0.0,1e-05,0.0,225.3,57.2,96414;96415;97344;96417,
2026-07-18,2026-07-18T00:21:35,15,FPO,66063,Ashlee Johnson,859,152,0.0,0.0,0.0,0.0,0.0,0.0,0.0,0.0,201.0,,
2026-07-18,2026-07-18T00:21:35,15,FPO,66599,Heidi Laine,959,12,764.75,0.93494,0.93436,1.0,1.0,0.00056,0.0,1131.1,13.9,97341;96414;96415;96416;97344;96418;96419,
2026-07-18,2026-07-18T00:21:35,15,FPO,69584,Danielle Weigandt,853,180,0.0,0.0,0.0,0.0,0.0,0.0,0.0,2.0,177.0,97341,
2026-07-18,2026-07-18T00:21:35,15,FPO,71262,Erika Stinchcomb,920,44,222.25,5e-05,0.0,0.99379,0.00021,2e-05,0.0,337.6,47.8,97341;96414;96415;96416;97344;96417;96418,
2026-07-18,2026-07-18T00:21:35,15,FPO,72635,Kersti Miller,890,99,34.5,0.0,0.0,0.0,0.0,0.0,0.0,34.5,108.8,,
2026-07-18,2026-07-18T00:21:35,15,FPO,74708,Casey Pennington,916,95,37.5,0.0,0.0,0.0,0.0,0.0,0.0,44.5,99.8,97341,
2026-07-18,2026-07-18T00:21:35,15,FPO,75029,Cynthia Ricciotti,917,60,107.25,2e-05,0.0,0.00484,0.0,0.0,0.0,179.4,61.3,100195;96414;96415;97344;96417,
2026-07-18,2026-07-18T00:21:35,15,FPO,76009,Virginia Polkinghorne,884,189,0.0,0.0,0.0,0.0,0.0,0.0,0.0,1.6,193.1,100195,
2026-07-18,2026-07-18T00:21:35,15,FPO,77385,Matilda Ringbom,947,40,274.0,0.00974,0.0,0.71154,0.00018,0.00907,0.0,332.7,48.7,96418,
2026-07-18,2026-07-18T00:21:35,15,FPO,78232,Tiger Borth,899,116,21.0,0.0,0.0,0.0,0.0,0.0,0.0,23.3,123.3,97344,
2026-07-18,2026-07-18T00:21:35,15,FPO,79233,Cadence Burge,971,64,95.25,0.40803,0.02483,0.99995,0.87513,0.28128,0.0,760.2,29.2,96414;96415;96416;97344;96417;96418,
2026-07-18,2026-07-18T00:21:35,15,FPO,80935,Lindsey Maas,902,102,32.25,0.0,0.0,0.0,0.0,0.0,0.0,39.3,104.1,96414;97344,
2026-07-18,2026-07-18T00:21:35,15,FPO,82809,Alex von Stade,893,112,22.0,0.0,0.0,0.0,0.0,0.0,0.0,22.0,124.7,,
2026-07-18,2026-07-18T00:21:35,15,FPO,83376,Cassandra Lioi,890,138,8.0,0.0,0.0,0.0,0.0,0.0,0.0,8.0,151.2,,
2026-07-18,2026-07-18T00:21:35,15,FPO,84279,Kaidi Allsalu,956,47,203.62,0.04481,0.0,0.0,0.0,0.04234,0.0,300.8,51.3,,
2026-07-18,2026-07-18T00:21:35,15,FPO,85189,Samantha Bonacci,870,126,16.5,0.0,0.0,0.0,0.0,0.0,0.0,20.9,128.3,96415,
2026-07-18,2026-07-18T00:21:35,15,FPO,85484,Anneli Tõugjas-Männiste,957,25,456.0,0.14286,0.03171,1.0,0.99908,0.09162,0.0,823.0,26.4,97341;96414;96415;97344;96417;96418;96419,
2026-07-18,2026-07-18T00:21:35,15,FPO,85942,Missy Gannon,985,3,1311.5,1.0,1.0,1.0,1.0,0.0,0.00205,1881.7,4.1,97341;96414;96415;96416;97344;96417;96418;96419,
2026-07-18,2026-07-18T00:21:35,15,FPO,87094,Rose Shertick,918,209,0.0,0.0,0.0,0.0,0.0,0.0,0.0,6.6,181.6,97344,
2026-07-18,2026-07-18T00:21:35,15,FPO,87443,Andrea Cammack,874,167,0.0,0.0,0.0,0.0,0.0,0.0,0.0,2.0,176.0,97341,
2026-07-18,2026-07-18T00:21:35,15,FPO,94085,Keiti Tätte,957,49,184.12,0.02899,0.0,0.0,0.0,0.02716,0.0,242.3,56.3,,
2026-07-18,2026-07-18T00:21:35,15,FPO,96090,Sonja Laine,899,97,36.0,0.0,0.0,0.0,0.0,0.0,0.0,36.0,105.9,,
2026-07-18,2026-07-18T00:21:35,15,FPO,96480,Tori Pasquin,833,175,0.0,0.0,0.0,0.0,0.0,0.0,0.0,2.0,162.4,97341,
2026-07-18,2026-07-18T00:21:35,15,FPO,97238,Jannicke Hjemli,862,137,9.75,0.0,0.0,0.0,0.0,0.0,0.0,9.8,149.7,,
2026-07-18,2026-07-18T00:21:35,15,FPO,99441,Lykke Lorentzen,923,90,43.0,0.0,0.0,0.0,0.0,0.0,0.0,60.0,91.6,100195;97344,
2026-07-18,2026-07-18T00:21:35,15,FPO,99455,Kat Mertsch,964,8,938.67,0.9998,0.9998,1.0,1.0,0.0,0.0,1296.6,9.5,97341;96414;96415;96416;97344;96417;96418;96419,
2026-07-18,2026-07-18T00:21:35,15,FPO,101767,Sunny Stansbury,836,188,0.0,0.0,0.0,0.0,0.0,0.0,0.0,0.0,209.9,100195,
2026-07-18,2026-07-18T00:21:35,15,FPO,101949,Ratana McMahon,885,54,129.75,0.0,0.0,0.0,0.0,0.0,0.0,136.6,66.4,96415,
2026-07-18,2026-07-18T00:21:35,15,FPO,102024,Danielle Keen,896,150,0.0,0.0,0.0,0.0,0.0,0.0,0.0,0.0,200.5,,
2026-07-18,2026-07-18T00:21:35,15,FPO,103743,Karen Martel,926,129,15.0,0.0,0.0,0.0,0.0,0.0,0.0,27.7,126.0,97344,
2026-07-18,2026-07-18T00:21:35,15,FPO,104187,Macie Velediaz,957,38,294.67,0.09435,0.00066,1.0,0.6313,0.07433,0.0,627.7,34.9,96414;97344;96417;96418,
2026-07-18,2026-07-18T00:21:35,15,FPO,104314,Violet Main,945,41,250.0,0.01116,0.0,0.99999,0.09813,0.00805,0.0,473.4,40.8,97341;96414;97344;96417;96418,
2026-07-18,2026-07-18T00:21:35,15,FPO,104814,Ellie Bryant,904,115,21.75,0.0,0.0,0.0,0.0,0.0,0.0,23.8,121.5,97341,
2026-07-18,2026-07-18T00:21:35,15,FPO,105126,Aria Castruita,949,145,0.0,4e-05,0.0,1e-05,0.0,4e-05,0.0,74.6,88.3,97341,
2026-07-18,2026-07-18T00:21:35,15,FPO,106489,Anna Pinter,875,114,21.75,0.0,0.0,0.0,0.0,0.0,0.0,21.8,126.8,,
2026-07-18,2026-07-18T00:21:35,15,FPO,107297,Maria Liivamägi,857,109,24.0,0.0,0.0,0.0,0.0,0.0,0.0,24.0,119.5,,
2026-07-18,2026-07-18T00:21:35,15,FPO,107335,Silva Saarinen,991,2,1414.84,1.0,1.0,1.0,1.0,0.0,0.38403,2218.6,1.8,97341;96414;96415;96416;97344;96418;96419,
2026-07-18,2026-07-18T00:21:35,15,FPO,108871,Brook Johnson,905,108,24.0,0.0,0.0,0.0,0.0,0.0,0.0,26.7,117.2,97344,
2026-07-18,2026-07-18T00:21:35,15,FPO,109337,Cathy Kuhn,860,148,0.0,0.0,0.0,0.0,0.0,0.0,0.0,0.0,198.7,,
2026-07-18,2026-07-18T00:21:35,15,FPO,109996,Anniken Kristiansen Steen,964,16,700.29,0.26574,0.13932,1.0,1.0,0.12386,0.0,914.0,22.3,97344;96418;96419,
2026-07-18,2026-07-18T00:21:35,15,FPO,111487,Emily Weatherman,958,11,773.33,0.97025,0.97011,1.0,1.0,0.00014,0.0,1157.8,13.0,97341;96414;96415;96416;97344;96417;96418;96419,
2026-07-18,2026-07-18T00:21:35,15,FPO,112647,Hanna Huynh,962,22,561.0,0.91509,0.9129,1.0,1.0,0.00183,0.0,1130.3,14.0,97341;96414;96415;96416;97344;96417;96418;96419,
2026-07-18,2026-07-18T00:21:35,15,FPO,115503,Olivia Kindstedt,946,48,189.0,0.00816,0.0,0.21069,0.00036,0.00752,0.0,292.2,51.9,97344,
2026-07-18,2026-07-18T00:21:35,15,FPO,116694,Kristi Unt,925,89,45.0,0.0,0.0,0.0,0.0,0.0,0.0,45.0,99.8,,
2026-07-18,2026-07-18T00:21:35,15,FPO,121554,Elina Rydberg,898,111,23.25,0.0,0.0,0.0,0.0,0.0,0.0,23.2,122.6,,
2026-07-18,2026-07-18T00:21:35,15,FPO,124064,Shelby Cowen,914,56,127.0,1e-05,0.0,0.00289,0.0,0.0,0.0,188.8,60.4,97341;96414;96415;96417,
2026-07-18,2026-07-18T00:21:35,15,FPO,126226,Kati Chachere,843,176,0.0,0.0,0.0,0.0,0.0,0.0,0.0,2.0,161.3,97341,
2026-07-18,2026-07-18T00:21:35,15,FPO,128395,Michelle Saggboy,894,165,0.0,0.0,0.0,0.0,0.0,0.0,0.0,4.2,168.4,97341,
2026-07-18,2026-07-18T00:21:35,15,FPO,128532,Maarja Soasepp,905,91,42.0,0.0,0.0,0.0,0.0,0.0,0.0,42.0,101.4,,
2026-07-18,2026-07-18T00:21:35,15,FPO,130187,Kat Johnson,910,204,0.0,0.0,0.0,0.0,0.0,0.0,0.0,3.6,177.1,97344,
2026-07-18,2026-07-18T00:21:35,15,FPO,130342,Chantel Budinsky,957,81,58.5,0.04677,0.0,0.14345,0.00141,0.03114,0.0,271.1,54.7,97344;96417,
2026-07-18,2026-07-18T00:21:35,15,FPO,130822,Hannah Manis,932,201,0.0,0.0,0.0,0.0,0.0,0.0,0.0,20.4,149.2,97344,
2026-07-18,2026-07-18T00:21:35,15,FPO,131583,Hannah Lengel,954,190,0.0,0.01349,0.0,0.00181,0.0,0.00201,0.0,124.9,72.8,96414;96417,
2026-07-18,2026-07-18T00:21:35,15,FPO,132291,Ashley Phelps,904,143,2.0,0.0,0.0,0.0,0.0,0.0,0.0,13.2,143.5,97341,
2026-07-18,2026-07-18T00:21:35,15,FPO,132627,Jenn Cazanov-Diggs,905,166,0.0,0.0,0.0,0.0,0.0,0.0,0.0,9.7,155.6,97341,
2026-07-18,2026-07-18T00:21:35,15,FPO,133547,Holyn Handley,986,1,1668.34,1.0,1.0,1.0,1.0,0.0,0.08348,2106.1,2.7,97341;96414;96415;96416;97344;96418;96419,
2026-07-18,2026-07-18T00:21:35,15,FPO,133701,Nathalie Ortiz,907,77,64.25,0.0,0.0,0.0,0.0,0.0,0.0,64.2,89.7,,
2026-07-18,2026-07-18T00:21:35,15,FPO,135383,Emma Arp,912,185,0.0,0.0,0.0,0.0,0.0,0.0,0.0,5.5,161.7,100195,
2026-07-18,2026-07-18T00:21:35,15,FPO,138272,Raven Klein,941,26,437.5,0.01975,0.0013,1.0,0.98875,0.01659,0.0,723.9,31.1,97341;96414;96415;96416;97344;96417;96418,
2026-07-18,2026-07-18T00:21:35,15,FPO,139109,Leah Tsinajinnie,927,83,53.0,0.0,0.0,0.0002,0.0,0.0,0.0,91.0,80.4,97341;97344,
2026-07-18,2026-07-18T00:21:35,15,FPO,139387,Hanna Jansson,903,86,50.25,0.0,0.0,0.0,0.0,0.0,0.0,50.2,95.7,,
2026-07-18,2026-07-18T00:21:35,15,FPO,139738,Megan Dophal,908,208,0.0,0.0,0.0,0.0,0.0,0.0,0.0,3.2,189.4,97344,
2026-07-18,2026-07-18T00:21:35,15,FPO,140660,María Eldey Kristínardóttir,916,66,91.5,0.0,0.0,0.0,0.0,0.0,0.0,91.5,77.9,,
2026-07-18,2026-07-18T00:21:35,15,FPO,140947,Nina Bennett,946,92,40.5,0.00463,0.0,0.01371,1e-05,0.00146,0.0,150.2,67.9,97344;96417,
2026-07-18,2026-07-18T00:21:35,15,FPO,142259,Katheryn Maloney,901,205,0.0,0.0,0.0,0.0,0.0,0.0,0.0,2.4,179.0,97344,
2026-07-18,2026-07-18T00:21:35,15,FPO,142354,Alexis Kerman,921,59,111.5,8e-05,0.0,0.28485,0.0,4e-05,0.0,259.6,54.2,97341;96414;96415;96416;97344;96417,
2026-07-18,2026-07-18T00:21:35,15,FPO,143423,Ember Simonis,916,198,0.0,0.0,0.0,1e-05,0.0,0.0,0.0,5.5,178.1,97344,
2026-07-18,2026-07-18T00:21:35,15,FPO,143720,Jessica Kinard,906,192,0.0,0.0,0.0,0.0,0.0,0.0,0.0,24.7,122.5,96416,
2026-07-18,2026-07-18T00:21:35,15,FPO,144112,Ella Hansen,976,5,1214.08,1.0,1.0,1.0,1.0,0.0,0.0,1653.9,5.6,97341;96414;96415;96416;97344;96418;96419,
2026-07-18,2026-07-18T00:21:35,15,FPO,144791,Emily Yale,893,80,59.0,0.0,0.0,0.0,0.0,0.0,0.0,99.9,75.7,97341;96415;96416;97344,
2026-07-18,2026-07-18T00:21:35,15,FPO,146137,Dani K. Hart,951,33,349.5,0.08602,0.02901,1.0,0.99858,0.04784,0.0,820.2,26.5,97341;96414;96415;96416;97344;96417;96418,
2026-07-18,2026-07-18T00:21:35,15,FPO,146304,MJ Gager,933,50,160.5,0.00054,0.0,0.56298,0.00015,0.00036,0.0,300.5,50.9,97341;96415;97344;96418,
2026-07-18,2026-07-18T00:21:35,15,FPO,147050,Ali Smith,946,76,66.0,0.00036,0.0,0.00012,0.0,0.00032,0.0,128.9,69.8,97341,
2026-07-18,2026-07-18T00:21:35,15,FPO,147393,Sadie Shattuck,866,127,16.0,0.0,0.0,0.0,0.0,0.0,0.0,16.0,140.2,,
2026-07-18,2026-07-18T00:21:35,15,FPO,149548,VicToria Scott,887,211,0.0,0.0,0.0,0.0,0.0,0.0,0.0,2.0,195.9,97344,
2026-07-18,2026-07-18T00:21:35,15,FPO,149803,Candyce Boyce,895,100,33.0,0.0,0.0,0.0,0.0,0.0,0.0,33.0,110.4,,
2026-07-18,2026-07-18T00:21:35,15,FPO,150057,Hailey Huber,932,160,0.0,1e-05,0.0,2e-05,0.0,0.0,0.0,78.3,86.9,97341,
2026-07-18,2026-07-18T00:21:35,15,FPO,151072,Jennifer Rice,894,123,18.0,0.0,0.0,0.0,0.0,0.0,0.0,18.0,135.8,,
2026-07-18,2026-07-18T00:21:35,15,FPO,152191,Kelley Foster,933,39,280.5,0.00137,0.0,1.0,0.12834,0.00096,0.0,489.8,40.0,97341;96414;96415;96416;96417;96418,
2026-07-18,2026-07-18T00:21:35,15,FPO,154098,Ariel Walker,943,93,38.25,0.00033,0.0,0.00225,0.0,0.00028,0.0,108.3,77.0,97341;97344,
2026-07-18,2026-07-18T00:21:35,15,FPO,155026,Amanda Lennartsson,947,29,409.0,0.01094,0.0,1.0,0.03452,0.01032,0.0,467.3,41.0,96418,
2026-07-18,2026-07-18T00:21:35,15,FPO,156259,Ella Tejler,898,75,73.5,0.0,0.0,0.0,0.0,0.0,0.0,73.5,87.0,,
2026-07-18,2026-07-18T00:21:35,15,FPO,156781,Audrey Wicklander,891,194,0.0,0.0,0.0,0.0,0.0,0.0,0.0,2.1,187.4,97344,
2026-07-18,2026-07-18T00:21:35,15,FPO,157471,Nid Ovathanasin,936,128,15.0,5e-05,0.0,0.00059,0.0,1e-05,0.0,73.0,90.5,96414;97344,
2026-07-18,2026-07-18T00:21:35,15,FPO,158385,Destyne Martinez,865,144,2.0,0.0,0.0,0.0,0.0,0.0,0.0,2.0,188.2,,
2026-07-18,2026-07-18T00:21:35,15,FPO,158461,Shiru Liu,914,79,61.5,0.0,0.0,0.0,0.0,0.0,0.0,69.1,88.2,97341,
2026-07-18,2026-07-18T00:21:35,15,FPO,160103,Jacquelyn DeLude,877,202,0.0,0.0,0.0,0.0,0.0,0.0,0.0,2.0,182.7,97344,
2026-07-18,2026-07-18T00:21:35,15,FPO,161231,Sarah May,856,182,0.0,0.0,0.0,0.0,0.0,0.0,0.0,2.0,171.0,97341,
2026-07-18,2026-07-18T00:21:35,15,FPO,161918,Addison Woodard,950,67,89.75,0.03434,9e-05,0.99904,0.38774,0.02543,0.0,554.5,37.7,97341;96415;96416;97344;96417;96418,
2026-07-18,2026-07-18T00:21:35,15,FPO,162735,Eden Fornoff,922,191,0.0,0.0,0.0,0.0,0.0,0.0,0.0,24.7,122.4,96416,
2026-07-18,2026-07-18T00:21:35,15,FPO,162896,Therese Cuevas,937,52,143.0,0.00128,0.0,0.28043,0.00025,0.00118,0.0,274.3,53.2,97341;97344,
2026-07-18,2026-07-18T00:21:35,15,FPO,164788,Alecia Hinkson,930,58,112.5,0.00034,0.0,0.03061,1e-05,0.0001,0.0,196.9,59.8,96414;97344;96417,
2026-07-18,2026-07-18T00:21:35,15,FPO,165652,Ceci Vollbrecht,899,195,0.0,0.0,0.0,0.0,0.0,0.0,0.0,2.3,188.3,97344,
2026-07-18,2026-07-18T00:21:35,15,FPO,166082,Ashton Webberley,904,170,0.0,0.0,0.0,0.0,0.0,0.0,0.0,2.8,176.6,97341,
2026-07-18,2026-07-18T00:21:35,15,FPO,166749,Mackenzie Morris,884,163,0.0,0.0,0.0,0.0,0.0,0.0,0.0,10.2,153.9,97341,
2026-07-18,2026-07-18T00:21:35,15,FPO,167255,AK Kaestner,820,184,0.0,0.0,0.0,0.0,0.0,0.0,0.0,2.0,169.0,97341,
2026-07-18,2026-07-18T00:21:35,15,FPO,168863,Trinity Bryant,921,43,233.0,1e-05,0.0,0.98947,0.00013,0.0,0.0,333.4,48.2,97341;96414;96415;96416;97344;96418,
2026-07-18,2026-07-18T00:21:35,15,FPO,170182,Rebecca Minnick,865,103,29.0,0.0,0.0,0.0,0.0,0.0,0.0,29.0,113.3,,
2026-07-18,2026-07-18T00:21:35,15,FPO,173601,Marie Kielas,914,85,51.0,0.0,0.0,0.0,0.0,0.0,0.0,51.0,94.6,,
2026-07-18,2026-07-18T00:21:35,15,FPO,176242,Morgan Lynds,931,68,87.75,3e-05,0.0,0.0004,0.0,1e-05,0.0,106.9,74.7,97344,
2026-07-18,2026-07-18T00:21:35,15,FPO,176243,Jordan Lynds,945,57,113.25,0.00487,0.0,0.10607,0.00013,0.00404,0.0,235.4,56.8,96414;97344,
2026-07-18,2026-07-18T00:21:35,15,FPO,176481,Karissa Dedmon,917,118,20.0,0.0,0.0,2e-05,0.0,0.0,0.0,64.8,91.5,97341;97344,
2026-07-18,2026-07-18T00:21:35,15,FPO,178707,Joleigh Miller,929,149,0.0,0.0,0.0,0.0,0.0,0.0,0.0,57.0,97.7,97341,
2026-07-18,2026-07-18T00:21:35,15,FPO,178748,Kendyl Sullivan,887,172,0.0,0.0,0.0,0.0,0.0,0.0,0.0,2.0,165.4,97341,
2026-07-18,2026-07-18T00:21:35,15,FPO,179200,Jamie Williams,863,154,0.0,0.0,0.0,0.0,0.0,0.0,0.0,0.0,212.0,,
2026-07-18,2026-07-18T00:21:35,15,FPO,179873,Jenny Larsson,921,82,54.0,0.0,0.0,0.0,0.0,0.0,0.0,54.0,93.2,,
2026-07-18,2026-07-18T00:21:35,15,FPO,181772,Ida Emilie Nesse,948,35,334.0,0.04458,0.00176,1.0,0.92238,0.03644,0.0,700.4,32.0,96414;96415;96416;97344;96417;96418,
2026-07-18,2026-07-18T00:21:35,15,FPO,182450,Kajsa Wahl,893,96,36.75,0.0,0.0,0.0,0.0,0.0,0.0,36.8,104.8,,
2026-07-18,2026-07-18T00:21:35,15,FPO,182582,Addison Clark,824,212,0.0,0.0,0.0,0.0,0.0,0.0,0.0,16.5,139.2,96417,
2026-07-18,2026-07-18T00:21:35,15,FPO,184609,Elva-Kate Preston,908,61,107.25,0.0,0.0,6e-05,0.0,0.0,0.0,136.6,67.0,100195;96414;96415;97344,
2026-07-18,2026-07-18T00:21:35,15,FPO,184736,Jennifer Smiley,934,34,337.75,0.00255,0.0,1.0,0.22706,0.00184,0.0,518.4,38.8,97341;96414;96415;96416;97344;96417;96418,
2026-07-18,2026-07-18T00:21:35,15,FPO,185057,Josefine Johansson,934,71,81.0,1e-05,0.0,0.00056,0.0,1e-05,0.0,105.3,75.7,97344,
2026-07-18,2026-07-18T00:21:35,15,FPO,185534,Sofia Donnecke,961,23,547.5,0.16099,0.00557,1.0,0.99835,0.14474,0.0,781.7,28.3,96414;96418,
2026-07-18,2026-07-18T00:21:35,15,FPO,185627,Athena Cuevas,866,130,14.0,0.0,0.0,0.0,0.0,0.0,0.0,14.0,141.7,,
2026-07-18,2026-07-18T00:21:35,15,FPO,186277,Kassandra Fog Wichmann,871,140,6.0,0.0,0.0,0.0,0.0,0.0,0.0,6.0,154.7,,
2026-07-18,2026-07-18T00:21:35,15,FPO,186629,Sanne Dalseth,880,132,13.5,0.0,0.0,0.0,0.0,0.0,0.0,13.5,143.3,,
2026-07-18,2026-07-18T00:21:35,15,FPO,188837,JJ Sun,883,157,0.0,0.0,0.0,0.0,0.0,0.0,0.0,0.0,204.0,,
2026-07-18,2026-07-18T00:21:35,15,FPO,189702,Taylor Chocek,947,13,749.95,0.3621,0.35543,1.0,1.0,0.00647,0.0,980.5,19.4,97341;96414;96415;96416;96418;96419,
2026-07-18,2026-07-18T00:21:35,15,FPO,193215,Lexi Marx,929,164,0.0,3e-05,0.0,0.00139,0.0,0.0,0.0,96.6,80.7,97341;96414;97344,
2026-07-18,2026-07-18T00:21:35,15,FPO,195549,Kylie Kohut,933,53,135.0,0.00072,0.0,0.58382,0.00029,0.00051,0.0,303.0,50.8,97341;100195;96414;96415,
2026-07-18,2026-07-18T00:21:35,15,FPO,195550,Peyton Kohut,913,84,52.5,0.0,0.0,0.0,0.0,0.0,0.0,84.3,82.0,100195;96414;96415,
2026-07-18,2026-07-18T00:21:35,15,FPO,196237,Kaire Tekku,923,73,78.75,0.0,0.0,0.0,0.0,0.0,0.0,78.8,84.1,,
2026-07-18,2026-07-18T00:21:35,15,FPO,197689,Isabella Parker,877,122,18.0,0.0,0.0,0.0,0.0,0.0,0.0,18.0,133.7,,
2026-07-18,2026-07-18T00:21:35,15,FPO,198446,Eliezra Midtlyng,948,14,746.58,0.47276,0.46685,1.0,1.0,0.00538,0.0,999.8,18.7,97341;96414;96415;96416;97344;96417;96418;96419,
2026-07-18,2026-07-18T00:21:35,15,FPO,198721,Hannah Kellar,898,104,29.0,0.0,0.0,0.0,0.0,0.0,0.0,37.4,106.8,97341,
2026-07-18,2026-07-18T00:21:35,15,FPO,202571,Elizabete Pēkšena,932,46,205.5,0.00036,0.0,0.08966,0.0,0.00032,0.0,247.5,55.3,97344;96418,
2026-07-18,2026-07-18T00:21:35,15,FPO,208576,Rebecca Don,961,10,801.99,0.99323,0.99322,1.0,1.0,1e-05,0.0,1218.6,11.3,97341;96414;96415;96416;97344;96418;96419,
2026-07-18,2026-07-18T00:21:35,15,FPO,209432,Eden Fletcher,905,94,38.0,0.0,0.0,0.0,0.0,0.0,0.0,38.0,103.6,,
2026-07-18,2026-07-18T00:21:35,15,FPO,209462,Erika Apple,854,178,0.0,0.0,0.0,0.0,0.0,0.0,0.0,2.0,168.8,97341,
2026-07-18,2026-07-18T00:21:35,15,FPO,210287,Mara Neal,864,174,0.0,0.0,0.0,0.0,0.0,0.0,0.0,2.0,163.2,97341,
2026-07-18,2026-07-18T00:21:35,15,FPO,210972,Kristýna Jurčíková,970,36,331.0,0.26692,0.0007,1.0,0.59413,0.23965,0.0,651.2,33.9,97344;96418,
2026-07-18,2026-07-18T00:21:35,15,FPO,214417,Fleur Verberk,899,199,0.0,0.0,0.0,0.0,0.0,0.0,0.0,2.3,185.6,97344,
2026-07-18,2026-07-18T00:21:35,15,FPO,215439,Sheliemae Lai,946,78,62.0,0.00013,0.0,1e-05,0.0,0.00012,0.0,110.2,74.0,97341,
2026-07-18,2026-07-18T00:21:35,15,FPO,215495,Kelsey Martin,877,206,0.0,0.0,0.0,0.0,0.0,0.0,0.0,2.0,181.1,97344,
2026-07-18,2026-07-18T00:21:35,15,FPO,216558,Iida Lehtomäki,963,27,430.25,0.11763,2e-05,1.0,0.31281,0.10698,0.0,575.1,37.0,97344;96418,
2026-07-18,2026-07-18T00:21:35,15,FPO,217892,Katie Tews,892,161,0.0,0.0,0.0,0.0,0.0,0.0,0.0,12.5,148.2,97341,
2026-07-18,2026-07-18T00:21:35,15,FPO,218760,Sarah Duran,865,135,11.0,0.0,0.0,0.0,0.0,0.0,0.0,11.0,147.3,,
2026-07-18,2026-07-18T00:21:35,15,FPO,218779,Amanda Brightwell,831,183,0.0,0.0,0.0,0.0,0.0,0.0,0.0,2.0,170.0,97341,
2026-07-18,2026-07-18T00:21:35,15,FPO,219693,Anna Damberga,864,117,21.0,0.0,0.0,0.0,0.0,0.0,0.0,21.0,128.5,,
2026-07-18,2026-07-18T00:21:35,15,FPO,221583,Evie Lou Ramey,894,186,0.0,0.0,0.0,0.0,0.0,0.0,0.0,2.9,181.3,100195,
2026-07-18,2026-07-18T00:21:35,15,FPO,222693,Tanisha Platero,856,177,0.0,0.0,0.0,0.0,0.0,0.0,0.0,2.0,166.9,97341,
2026-07-18,2026-07-18T00:21:35,15,FPO,222973,Martje Sumowski,913,101,33.0,0.0,0.0,0.0,0.0,0.0,0.0,33.0,110.8,,
2026-07-18,2026-07-18T00:21:35,15,FPO,223975,Laura Tatiana Niño Carranza,875,168,0.0,0.0,0.0,0.0,0.0,0.0,0.0,4.1,158.6,97341;97344,
2026-07-18,2026-07-18T00:21:35,15,FPO,224238,Julia Fors,962,28,428.5,0.14889,0.00106,1.0,0.81805,0.13842,0.0,683.8,32.6,97344;96418,
2026-07-18,2026-07-18T00:21:35,15,FPO,225016,Naomi Suyat,869,156,0.0,0.0,0.0,0.0,0.0,0.0,0.0,0.0,205.0,,
2026-07-18,2026-07-18T00:21:35,15,FPO,227315,Sarah Wadsworth,901,187,0.0,0.0,0.0,0.0,0.0,0.0,0.0,15.5,139.1,100195;96415,
2026-07-18,2026-07-18T00:21:35,15,FPO,228486,Stefani Ewell,857,136,10.0,0.0,0.0,0.0,0.0,0.0,0.0,10.0,148.5,,
2026-07-18,2026-07-18T00:21:35,15,FPO,229526,Sintija Klezberga,955,15,737.5,0.7312,0.72777,1.0,1.0,0.00315,0.0,1048.8,16.8,97341;96414;96415;97344;96417;96418;96419,
2026-07-18,2026-07-18T00:21:35,15,FPO,231650,Tailey Rowley,911,65,92.25,0.0,0.0,1e-05,0.0,0.0,0.0,109.0,73.2,97341;97344,
2026-07-18,2026-07-18T00:21:35,15,FPO,232666,Rebecka Hoppe,850,141,6.0,0.0,0.0,0.0,0.0,0.0,0.0,6.0,154.2,,
2026-07-18,2026-07-18T00:21:35,15,FPO,232722,Julia Hauch,911,203,0.0,0.0,0.0,0.0,0.0,0.0,0.0,3.8,177.4,97344,
2026-07-18,2026-07-18T00:21:35,15,FPO,235368,Madalyn Payton,896,146,0.0,0.0,0.0,0.0,0.0,0.0,0.0,0.0,208.0,,
2026-07-18,2026-07-18T00:21:35,15,FPO,238187,Ann Deputy,918,72,80.25,0.0,0.0,0.0,0.0,0.0,0.0,86.8,81.0,97344,
2026-07-18,2026-07-18T00:21:35,15,FPO,240590,Amelia Saechao,873,110,24.0,0.0,0.0,0.0,0.0,0.0,0.0,24.0,120.4,,
2026-07-18,2026-07-18T00:21:35,15,FPO,242116,Eva Lutsenko,924,113,21.75,0.0,0.0,0.0,0.0,0.0,0.0,21.8,126.1,,
2026-07-18,2026-07-18T00:21:35,15,FPO,242331,Ida Kennmark,867,131,13.5,0.0,0.0,0.0,0.0,0.0,0.0,13.5,143.2,,
2026-07-18,2026-07-18T00:21:35,15,FPO,245180,Chelsea Sutton,859,181,0.0,0.0,0.0,0.0,0.0,0.0,0.0,2.0,172.2,97341,
2026-07-18,2026-07-18T00:21:35,15,FPO,245306,Netta Leppäaho,945,62,105.75,0.0,0.0,0.0,0.0,0.0,0.0,105.8,73.7,,
2026-07-18,2026-07-18T00:21:35,15,FPO,245317,Sophi Stephenson,859,133,12.0,0.0,0.0,0.0,0.0,0.0,0.0,12.0,145.0,,
2026-07-18,2026-07-18T00:21:35,15,FPO,254333,Jess Zilch,874,120,19.5,0.0,0.0,0.0,0.0,0.0,0.0,19.5,130.9,,
2026-07-18,2026-07-18T00:21:35,15,FPO,255962,Samantha Zaborowski,901,210,0.0,0.0,0.0,0.0,0.0,0.0,0.0,2.4,193.7,97344,
2026-07-18,2026-07-18T00:21:35,15,FPO,256846,Lea Tomas,888,207,0.0,0.0,0.0,0.0,0.0,0.0,0.0,2.0,191.0,97344,
2026-07-18,2026-07-18T00:21:35,15,FPO,259972,Marion Mattsson,858,134,11.25,0.0,0.0,0.0,0.0,0.0,0.0,11.2,146.2,,
2026-07-18,2026-07-18T00:21:35,15,FPO,261058,Jessica Erickson,891,87,49.0,0.0,0.0,0.0,0.0,0.0,0.0,49.0,97.2,,
2026-07-18,2026-07-18T00:21:35,15,FPO,261216,Victoria Christensen,863,125,17.25,0.0,0.0,0.0,0.0,0.0,0.0,17.2,137.5,,
2026-07-18,2026-07-18T00:21:35,15,FPO,268900,Natalie Berg,883,119,19.5,0.0,0.0,0.0,0.0,0.0,0.0,19.5,130.2,,
2026-07-18,2026-07-18T00:21:35,15,FPO,269838,Daisy Kelly,882,155,0.0,0.0,0.0,0.0,0.0,0.0,0.0,0.0,205.7,,
2026-07-18,2026-07-18T00:21:35,15,FPO,277832,Chandler Reigh,939,30,406.25,0.01426,0.00031,1.0,0.98246,0.01251,0.0,705.5,31.9,97341;100195;96414;96415;96416;97344;96417;96418,
2026-07-18,2026-07-18T00:21:35,15,FPO,278450,Brit Hamburg-Kiin,854,106,28.5,0.0,0.0,0.0,0.0,0.0,0.0,28.5,115.2,,
2026-07-18,2026-07-18T00:21:35,15,FPO,279466,Gry Nagel,820,124,18.0,0.0,0.0,0.0,0.0,0.0,0.0,18.0,135.8,,
2026-07-18,2026-07-18T00:21:35,15,FPO,281626,Una Lokmane,878,105,28.5,0.0,0.0,0.0,0.0,0.0,0.0,28.5,114.4,,
2026-07-18,2026-07-18T00:21:35,15,FPO,284553,Katherine Aydelott,861,142,4.0,0.0,0.0,0.0,0.0,0.0,0.0,6.0,154.5,97341,
2026-07-18,2026-07-18T00:21:35,15,FPO,286978,Michelle Southworth,800,179,0.0,0.0,0.0,0.0,0.0,0.0,0.0,2.0,174.1,97341,
2026-07-18,2026-07-18T00:21:35,15,FPO,288014,Jordan Coomes,840,121,18.0,0.0,0.0,0.0,0.0,0.0,0.0,18.0,133.8,,
2026-07-18,2026-07-18T00:21:35,15,FPO,297287,Marta Villa,856,171,0.0,0.0,0.0,0.0,0.0,0.0,0.0,2.0,168.5,97341,
2026-07-18,2026-07-18T00:21:35,15,FPO,302765,Grace Wilson,891,200,0.0,0.0,0.0,0.0,0.0,0.0,0.0,2.1,188.9,97344,
2026-07-18,2026-07-18T00:21:35,15,FPO,308525,Saga Dahlstedt,917,55,127.5,0.0,0.0,0.0,0.0,0.0,0.0,127.5,68.7,,
2026-07-18,2026-07-18T00:21:35,15,FPO,311218,Mina Alme,902,98,35.25,0.0,0.0,0.0,0.0,0.0,0.0,35.2,107.7,,
2026-07-19,2026-07-19T00:29:40,15,FPO,3024,Chris O'Cleary,914,196,0.0,0.0,0.0,0.0,0.0,0.0,0.0,4.7,184.6,97344,
2026-07-19,2026-07-19T00:29:40,15,FPO,3090,Elaine King,888,197,0.0,0.0,0.0,0.0,0.0,0.0,0.0,2.0,187.7,97344,
2026-07-19,2026-07-19T00:29:40,15,FPO,8803,Ruth Steele,872,173,0.0,0.0,0.0,0.0,0.0,0.0,0.0,2.0,164.1,97341,
2026-07-19,2026-07-19T00:29:40,15,FPO,15354,Jennifer Allen,967,37,313.0,0.28078,0.02019,1.0,0.95124,0.22062,0.0,777.3,28.4,96414;96415;97344;96418,
2026-07-19,2026-07-19T00:29:40,15,FPO,27832,Kona Star Montgomery,949,24,478.0,0.11992,0.08524,1.0,1.0,0.03032,0.0,885.5,23.5,97341;96414;96415;96416;97344;96417;96418;96419,
2026-07-19,2026-07-19T00:29:40,15,FPO,29190,Paige Pierce,968,17,693.17,0.92276,0.91994,1.0,1.0,0.00279,0.0,1132.8,14.0,97341;96414;96416;97344;96418;96419,
2026-07-19,2026-07-19T00:29:40,15,FPO,29947,Stephanie Vincent,925,107,28.0,0.0,0.0,0.0,0.0,0.0,0.0,28.0,115.8,,
2026-07-19,2026-07-19T00:29:40,15,FPO,31041,Sheila Teves,883,153,0.0,0.0,0.0,0.0,0.0,0.0,0.0,0.0,208.1,,
2026-07-19,2026-07-19T00:29:40,15,FPO,32654,Lisa Fajkus,958,21,593.83,0.34365,0.29615,1.0,1.0,0.04002,0.0,964.7,20.2,96414;96415;96416;96417;96418;96419,
2026-07-19,2026-07-19T00:29:40,15,FPO,32917,Rebecca Cox,951,31,397.0,0.07175,0.01044,1.0,0.99231,0.0525,0.0,773.5,28.6,96414;96415;96416;97344;96417;96418,
2026-07-19,2026-07-19T00:29:40,15,FPO,32925,Lindsay Fish,882,162,0.0,0.0,0.0,0.0,0.0,0.0,0.0,2.0,168.9,97341,
2026-07-19,2026-07-19T00:29:40,15,FPO,34563,Sarah Hokom,949,63,101.0,0.0227,0.0,0.96587,0.06907,0.01526,0.0,435.6,42.7,96414;96415;96416;97344;96417;96418,
2026-07-19,2026-07-19T00:29:40,15,FPO,35321,Sofie Björlycke,936,70,83.25,0.0,0.0,0.0,0.0,0.0,0.0,83.2,80.7,,
2026-07-19,2026-07-19T00:29:40,15,FPO,35774,Camilla Jernberg,873,139,7.5,0.0,0.0,0.0,0.0,0.0,0.0,7.5,151.1,,
2026-07-19,2026-07-19T00:29:40,15,FPO,36307,Amanda Branch,887,193,0.0,0.0,0.0,0.0,0.0,0.0,0.0,2.0,188.7,97344,
2026-07-19,2026-07-19T00:29:40,15,FPO,39504,Zoe AnDyke,930,74,77.0,0.0,0.0,0.0,0.0,0.0,0.0,77.0,84.9,,
2026-07-19,2026-07-19T00:29:40,15,FPO,43995,Taylor Foth,902,151,0.0,0.0,0.0,0.0,0.0,0.0,0.0,0.0,202.6,,
2026-07-19,2026-07-19T00:29:40,15,FPO,44184,Catrina Allen,961,7,1010.08,1.0,1.0,1.0,1.0,0.0,0.0,1325.0,9.0,97341;100195;96414;96415;96416;97344;96417;96418;96419,
2026-07-19,2026-07-19T00:29:40,15,FPO,45407,Brittney Armentrout,851,169,0.0,0.0,0.0,0.0,0.0,0.0,0.0,2.0,183.5,97341,
2026-07-19,2026-07-19T00:29:40,15,FPO,48199,Alison Blakeman,870,158,0.0,0.0,0.0,0.0,0.0,0.0,0.0,0.0,204.4,,
2026-07-19,2026-07-19T00:29:40,15,FPO,48976,Ohn Scoggins,990,4,1219.0,1.0,1.0,1.0,1.0,0.0,0.47534,2236.5,1.7,97341;100195;96414;96415;96416;97344;96417;96418;96419,
2026-07-19,2026-07-19T00:29:40,15,FPO,50656,Jessica Gurthie,955,20,608.0,1.0,0.82664,1.0,1.0,0.00188,0.0,1088.9,15.5,97341;96414;96415;96416;97344;96417;96418;96419,
2026-07-19,2026-07-19T00:29:40,15,FPO,51277,Holly Finley,929,45,214.0,0.00033,0.0,0.96618,0.00049,0.00016,0.0,330.7,48.2,96414;96415;97344;96417;96418,
2026-07-19,2026-07-19T00:29:40,15,FPO,58303,Sai Ananda,949,159,0.0,0.00386,0.0,0.03769,8e-05,0.00325,0.0,171.7,65.0,97341;97344,
2026-07-19,2026-07-19T00:29:40,15,FPO,59227,Henna Blomroos,969,9,890.0,1.0,0.99591,1.0,1.0,1e-05,0.0,1210.5,11.6,97341;96414;97344;96418;96419,
2026-07-19,2026-07-19T00:29:40,15,FPO,59431,Madison Walker,951,19,646.83,0.16947,0.13369,1.0,1.0,0.03065,0.0,916.0,22.2,97341;96414;96415;96416;97344;96417;96418;96419,
2026-07-19,2026-07-19T00:29:40,15,FPO,60798,Madison Tomaino,921,69,83.5,0.0,0.0,0.0,0.0,0.0,0.0,121.1,70.1,96416,
2026-07-19,2026-07-19T00:29:40,15,FPO,61144,Emily Beach,901,147,0.0,0.0,0.0,0.0,0.0,0.0,0.0,0.0,204.1,,
2026-07-19,2026-07-19T00:29:40,15,FPO,61990,Katka Boďová,916,88,48.0,0.0,0.0,0.0,0.0,0.0,0.0,48.0,97.5,,
2026-07-19,2026-07-19T00:29:40,15,FPO,62879,Valerie Mandujano,975,18,673.16,1.0,1.0,1.0,1.0,0.0,0.0,1465.9,7.3,97341;96414;96415;96416;97344;96417;96418;96419,
2026-07-19,2026-07-19T00:29:40,15,FPO,62880,Alexis Mandujano,960,32,352.5,0.23543,0.11712,1.0,0.99917,0.09579,0.0,881.2,23.8,96414;96415;96416;97344;96417;96418;96419,
2026-07-19,2026-07-19T00:29:40,15,FPO,63257,Maria Oliva,920,42,237.0,8e-05,0.0,0.9999,0.00013,0.0,0.0,341.0,47.3,96414;96415;96416;97344;96417;96418,
2026-07-19,2026-07-19T00:29:40,15,FPO,64927,Eveliina Salonen,988,6,1164.67,1.0,1.0,1.0,1.0,0.0,0.0,1684.3,5.4,97341;96414;97344;96418;96419,
2026-07-19,2026-07-19T00:29:40,15,FPO,65489,Lauren Butler,916,51,157.75,2e-05,0.0,0.0653,0.0,1e-05,0.0,225.3,56.8,96414;96415;97344;96417,
2026-07-19,2026-07-19T00:29:40,15,FPO,66063,Ashlee Johnson,859,152,0.0,0.0,0.0,0.0,0.0,0.0,0.0,0.0,201.0,,
2026-07-19,2026-07-19T00:29:40,15,FPO,66599,Heidi Laine,959,12,764.75,0.92634,0.92568,1.0,1.0,0.00064,0.0,1124.8,14.2,97341;96414;96415;96416;97344;96418;96419,
2026-07-19,2026-07-19T00:29:40,15,FPO,69584,Danielle Weigandt,853,180,0.0,0.0,0.0,0.0,0.0,0.0,0.0,2.0,177.0,97341,
2026-07-19,2026-07-19T00:29:40,15,FPO,71262,Erika Stinchcomb,920,44,222.25,7e-05,0.0,0.99931,0.00022,4e-05,0.0,340.4,47.3,97341;96414;96415;96416;97344;96417;96418,
2026-07-19,2026-07-19T00:29:40,15,FPO,72635,Kersti Miller,890,99,34.5,0.0,0.0,0.0,0.0,0.0,0.0,34.5,108.0,,
2026-07-19,2026-07-19T00:29:40,15,FPO,74708,Casey Pennington,916,95,37.5,0.0,0.0,0.0,0.0,0.0,0.0,46.2,98.1,97341,
2026-07-19,2026-07-19T00:29:40,15,FPO,75029,Cynthia Ricciotti,917,60,107.25,2e-05,0.0,0.00791,0.0,0.0,0.0,179.5,61.1,100195;96414;96415;97344;96417,
2026-07-19,2026-07-19T00:29:40,15,FPO,76009,Virginia Polkinghorne,884,189,0.0,0.0,0.0,0.0,0.0,0.0,0.0,1.6,192.7,100195,
2026-07-19,2026-07-19T00:29:40,15,FPO,77385,Matilda Ringbom,947,40,274.0,0.00992,0.0,0.89451,0.00021,0.00925,0.0,333.0,48.3,96418,
2026-07-19,2026-07-19T00:29:40,15,FPO,78232,Tiger Borth,899,116,21.0,0.0,0.0,0.0,0.0,0.0,0.0,23.3,122.7,97344,
2026-07-19,2026-07-19T00:29:40,15,FPO,79233,Cadence Burge,971,64,95.25,0.40813,0.02349,0.99995,0.88364,0.28232,0.0,760.7,29.1,96414;96415;96416;97344;96417;96418,
2026-07-19,2026-07-19T00:29:40,15,FPO,80935,Lindsey Maas,902,102,32.25,0.0,0.0,0.0,0.0,0.0,0.0,39.3,103.4,96414;97344,
2026-07-19,2026-07-19T00:29:40,15,FPO,82809,Alex von Stade,893,112,22.0,0.0,0.0,0.0,0.0,0.0,0.0,22.0,124.1,,
2026-07-19,2026-07-19T00:29:40,15,FPO,83376,Cassandra Lioi,890,138,8.0,0.0,0.0,0.0,0.0,0.0,0.0,8.0,150.0,,
2026-07-19,2026-07-19T00:29:40,15,FPO,84279,Kaidi Allsalu,956,47,203.62,0.04513,0.0,0.0,0.0,0.04265,0.0,301.4,50.9,,
2026-07-19,2026-07-19T00:29:40,15,FPO,85189,Samantha Bonacci,870,126,16.5,0.0,0.0,0.0,0.0,0.0,0.0,20.9,127.6,96415,
2026-07-19,2026-07-19T00:29:40,15,FPO,85484,Anneli Tõugjas-Männiste,957,25,456.0,0.14472,0.03731,1.0,0.99966,0.08852,0.0,836.6,25.7,97341;96414;96415;97344;96417;96418;96419,
2026-07-19,2026-07-19T00:29:40,15,FPO,85942,Missy Gannon,985,3,1311.5,1.0,1.0,1.0,1.0,0.0,0.00234,1887.0,4.0,97341;96414;96415;96416;97344;96417;96418;96419,
2026-07-19,2026-07-19T00:29:40,15,FPO,87094,Rose Shertick,918,209,0.0,0.0,0.0,0.0,0.0,0.0,0.0,6.6,181.4,97344,
2026-07-19,2026-07-19T00:29:40,15,FPO,87443,Andrea Cammack,874,167,0.0,0.0,0.0,0.0,0.0,0.0,0.0,2.0,176.3,97341,
2026-07-19,2026-07-19T00:29:40,15,FPO,94085,Keiti Tätte,957,49,184.12,0.03051,0.0,0.0,0.0,0.02867,0.0,245.7,55.8,,
2026-07-19,2026-07-19T00:29:40,15,FPO,96090,Sonja Laine,899,97,36.0,0.0,0.0,0.0,0.0,0.0,0.0,36.0,105.1,,
2026-07-19,2026-07-19T00:29:40,15,FPO,96480,Tori Pasquin,833,175,0.0,0.0,0.0,0.0,0.0,0.0,0.0,2.0,162.0,97341,
2026-07-19,2026-07-19T00:29:40,15,FPO,97238,Jannicke Hjemli,862,137,9.75,0.0,0.0,0.0,0.0,0.0,0.0,9.8,148.6,,
2026-07-19,2026-07-19T00:29:40,15,FPO,99441,Lykke Lorentzen,923,90,43.0,0.0,0.0,0.0,0.0,0.0,0.0,60.0,90.9,100195;97344,
2026-07-19,2026-07-19T00:29:40,15,FPO,99455,Kat Mertsch,964,8,938.67,0.99988,0.99988,1.0,1.0,0.0,0.0,1313.3,9.3,97341;96414;96415;96416;97344;96417;96418;96419,
2026-07-19,2026-07-19T00:29:40,15,FPO,101767,Sunny Stansbury,836,188,0.0,0.0,0.0,0.0,0.0,0.0,0.0,0.0,209.9,100195,
2026-07-19,2026-07-19T00:29:40,15,FPO,101949,Ratana McMahon,885,54,129.75,0.0,0.0,0.0,0.0,0.0,0.0,136.6,66.2,96415,
2026-07-19,2026-07-19T00:29:40,15,FPO,102024,Danielle Keen,896,150,0.0,0.0,0.0,0.0,0.0,0.0,0.0,0.0,200.5,,
2026-07-19,2026-07-19T00:29:40,15,FPO,103743,Karen Martel,926,129,15.0,0.0,0.0,0.0,0.0,0.0,0.0,27.7,125.2,97344,
2026-07-19,2026-07-19T00:29:40,15,FPO,104187,Macie Velediaz,957,38,294.67,0.09512,0.00055,1.0,0.65149,0.07517,0.0,628.8,34.7,96414;97344;96417;96418,
2026-07-19,2026-07-19T00:29:40,15,FPO,104314,Violet Main,945,41,250.0,0.01125,0.0,1.0,0.10509,0.00814,0.0,476.0,40.6,97341;96414;97344;96417;96418,
2026-07-19,2026-07-19T00:29:40,15,FPO,104814,Ellie Bryant,904,115,21.75,0.0,0.0,0.0,0.0,0.0,0.0,24.0,120.6,97341,
2026-07-19,2026-07-19T00:29:40,15,FPO,105126,Aria Castruita,949,145,0.0,2e-05,0.0,0.0,0.0,2e-05,0.0,80.9,83.7,97341,
2026-07-19,2026-07-19T00:29:40,15,FPO,106489,Anna Pinter,875,114,21.75,0.0,0.0,0.0,0.0,0.0,0.0,21.8,126.2,,
2026-07-19,2026-07-19T00:29:40,15,FPO,107297,Maria Liivamägi,857,109,24.0,0.0,0.0,0.0,0.0,0.0,0.0,24.0,119.0,,
2026-07-19,2026-07-19T00:29:40,15,FPO,107335,Silva Saarinen,991,2,1414.84,1.0,1.0,1.0,1.0,0.0,0.42831,2226.0,1.8,97341;96414;96415;96416;97344;96418;96419,
2026-07-19,2026-07-19T00:29:40,15,FPO,108871,Brook Johnson,905,108,24.0,0.0,0.0,0.0,0.0,0.0,0.0,26.7,116.7,97344,
2026-07-19,2026-07-19T00:29:40,15,FPO,109337,Cathy Kuhn,860,148,0.0,0.0,0.0,0.0,0.0,0.0,0.0,0.0,198.7,,
2026-07-19,2026-07-19T00:29:40,15,FPO,109996,Anniken Kristiansen Steen,964,16,700.29,0.26027,0.13268,1.0,1.0,0.12495,0.0,914.0,22.3,97344;96418;96419,
2026-07-19,2026-07-19T00:29:40,15,FPO,111487,Emily Weatherman,958,11,773.33,0.96982,0.96967,1.0,1.0,0.00014,0.0,1157.8,13.1,97341;96414;96415;96416;97344;96417;96418;96419,
2026-07-19,2026-07-19T00:29:40,15,FPO,112647,Hanna Huynh,962,22,561.0,0.9303,0.92882,1.0,1.0,0.0013,0.0,1138.9,13.8,97341;96414;96415;96416;97344;96417;96418;96419,
2026-07-19,2026-07-19T00:29:40,15,FPO,115503,Olivia Kindstedt,946,48,189.0,0.00819,0.0,0.27715,0.00041,0.00755,0.0,292.7,51.5,97344,
2026-07-19,2026-07-19T00:29:40,15,FPO,116694,Kristi Unt,925,89,45.0,0.0,0.0,0.0,0.0,0.0,0.0,45.0,99.1,,
2026-07-19,2026-07-19T00:29:40,15,FPO,121554,Elina Rydberg,898,111,23.25,0.0,0.0,0.0,0.0,0.0,0.0,23.2,122.0,,
2026-07-19,2026-07-19T00:29:40,15,FPO,124064,Shelby Cowen,914,56,127.0,1e-05,0.0,0.00684,0.0,0.0,0.0,192.5,59.9,97341;96414;96415;96417,
2026-07-19,2026-07-19T00:29:40,15,FPO,126226,Kati Chachere,843,176,0.0,0.0,0.0,0.0,0.0,0.0,0.0,2.0,161.1,97341,
2026-07-19,2026-07-19T00:29:40,15,FPO,128395,Michelle Saggboy,894,165,0.0,0.0,0.0,0.0,0.0,0.0,0.0,2.2,173.7,97341,
2026-07-19,2026-07-19T00:29:40,15,FPO,128532,Maarja Soasepp,905,91,42.0,0.0,0.0,0.0,0.0,0.0,0.0,42.0,100.7,,
2026-07-19,2026-07-19T00:29:40,15,FPO,130187,Kat Johnson,910,204,0.0,0.0,0.0,0.0,0.0,0.0,0.0,3.6,177.0,97344,
2026-07-19,2026-07-19T00:29:40,15,FPO,130342,Chantel Budinsky,957,81,58.5,0.04702,0.0,0.17704,0.00155,0.03137,0.0,271.8,54.4,97344;96417,
2026-07-19,2026-07-19T00:29:40,15,FPO,130822,Hannah Manis,932,201,0.0,0.0,0.0,0.0,0.0,0.0,0.0,20.4,148.8,97344,
2026-07-19,2026-07-19T00:29:40,15,FPO,131583,Hannah Lengel,954,190,0.0,0.01347,0.0,0.0029,0.0,0.002,0.0,125.0,72.4,96414;96417,
2026-07-19,2026-07-19T00:29:40,15,FPO,132291,Ashley Phelps,904,143,2.0,0.0,0.0,0.0,0.0,0.0,0.0,9.5,147.8,97341,
2026-07-19,2026-07-19T00:29:40,15,FPO,132627,Jenn Cazanov-Diggs,905,166,0.0,0.0,0.0,0.0,0.0,0.0,0.0,5.1,164.4,97341,
2026-07-19,2026-07-19T00:29:40,15,FPO,133547,Holyn Handley,986,1,1668.34,1.0,1.0,1.0,1.0,0.0,0.09401,2111.2,2.6,97341;96414;96415;96416;97344;96418;96419,
2026-07-19,2026-07-19T00:29:40,15,FPO,133701,Nathalie Ortiz,907,77,64.25,0.0,0.0,0.0,0.0,0.0,0.0,64.2,89.1,,
2026-07-19,2026-07-19T00:29:40,15,FPO,135383,Emma Arp,912,185,0.0,0.0,0.0,0.0,0.0,0.0,0.0,5.5,160.7,100195,
2026-07-19,2026-07-19T00:29:40,15,FPO,138272,Raven Klein,941,26,437.5,0.01952,0.00118,1.0,0.99451,0.01648,0.0,727.4,30.8,97341;96414;96415;96416;97344;96417;96418,
2026-07-19,2026-07-19T00:29:40,15,FPO,139109,Leah Tsinajinnie,927,83,53.0,0.0,0.0,0.00037,0.0,0.0,0.0,97.8,77.5,97341;97344,
2026-07-19,2026-07-19T00:29:40,15,FPO,139387,Hanna Jansson,903,86,50.25,0.0,0.0,0.0,0.0,0.0,0.0,50.2,94.8,,
2026-07-19,2026-07-19T00:29:40,15,FPO,139738,Megan Dophal,908,208,0.0,0.0,0.0,0.0,0.0,0.0,0.0,3.2,189.3,97344,
2026-07-19,2026-07-19T00:29:40,15,FPO,140660,María Eldey Kristínardóttir,916,66,91.5,0.0,0.0,0.0,0.0,0.0,0.0,91.5,77.6,,
2026-07-19,2026-07-19T00:29:40,15,FPO,140947,Nina Bennett,946,92,40.5,0.0047,0.0,0.01921,2e-05,0.00151,0.0,150.4,67.6,97344;96417,
2026-07-19,2026-07-19T00:29:40,15,FPO,142259,Katheryn Maloney,901,205,0.0,0.0,0.0,0.0,0.0,0.0,0.0,2.4,179.0,97344,
2026-07-19,2026-07-19T00:29:40,15,FPO,142354,Alexis Kerman,921,59,111.5,7e-05,0.0,0.19184,0.0,3e-05,0.0,242.7,55.3,97341;96414;96415;96416;97344;96417,
2026-07-19,2026-07-19T00:29:40,15,FPO,143423,Ember Simonis,916,198,0.0,0.0,0.0,1e-05,0.0,0.0,0.0,5.5,177.9,97344,
2026-07-19,2026-07-19T00:29:40,15,FPO,143720,Jessica Kinard,906,192,0.0,0.0,0.0,0.0,0.0,0.0,0.0,24.7,121.7,96416,
2026-07-19,2026-07-19T00:29:40,15,FPO,144112,Ella Hansen,976,5,1214.08,1.0,1.0,1.0,1.0,0.0,0.0,1648.8,5.7,97341;96414;96415;96416;97344;96418;96419,
2026-07-19,2026-07-19T00:29:40,15,FPO,144791,Emily Yale,893,80,59.0,0.0,0.0,0.0,0.0,0.0,0.0,95.8,76.5,97341;96415;96416;97344,
2026-07-19,2026-07-19T00:29:40,15,FPO,146137,Dani K. Hart,951,33,349.5,0.07282,0.01256,1.0,0.99727,0.05096,0.0,789.3,27.9,97341;96414;96415;96416;97344;96417;96418,
2026-07-19,2026-07-19T00:29:40,15,FPO,146304,MJ Gager,933,50,160.5,0.00061,0.0,0.37096,5e-05,0.00043,0.0,275.1,52.5,97341;96415;97344;96418,
2026-07-19,2026-07-19T00:29:40,15,FPO,147050,Ali Smith,946,76,66.0,8e-05,0.0,0.0,0.0,8e-05,0.0,126.6,69.3,97341,
2026-07-19,2026-07-19T00:29:40,15,FPO,147393,Sadie Shattuck,866,127,16.0,0.0,0.0,0.0,0.0,0.0,0.0,16.0,139.4,,
2026-07-19,2026-07-19T00:29:40,15,FPO,149548,VicToria Scott,887,211,0.0,0.0,0.0,0.0,0.0,0.0,0.0,2.0,195.9,97344,
2026-07-19,2026-07-19T00:29:40,15,FPO,149803,Candyce Boyce,895,100,33.0,0.0,0.0,0.0,0.0,0.0,0.0,33.0,109.6,,
2026-07-19,2026-07-19T00:29:40,15,FPO,150057,Hailey Huber,932,160,0.0,0.0,0.0,0.0,0.0,0.0,0.0,54.7,95.8,97341,
2026-07-19,2026-07-19T00:29:40,15,FPO,151072,Jennifer Rice,894,123,18.0,0.0,0.0,0.0,0.0,0.0,0.0,18.0,135.0,,
2026-07-19,2026-07-19T00:29:40,15,FPO,152191,Kelley Foster,933,39,280.5,0.00129,0.0,1.0,0.10684,0.00088,0.0,483.6,40.1,97341;96414;96415;96416;96417;96418,
2026-07-19,2026-07-19T00:29:40,15,FPO,154098,Ariel Walker,943,93,38.25,0.00068,0.0,0.0079,0.0,0.0006,0.0,131.1,70.7,97341;97344,
2026-07-19,2026-07-19T00:29:40,15,FPO,155026,Amanda Lennartsson,947,29,409.0,0.0109,0.0,1.0,0.03864,0.01028,0.0,467.5,40.9,96418,
2026-07-19,2026-07-19T00:29:40,15,FPO,156259,Ella Tejler,898,75,73.5,0.0,0.0,0.0,0.0,0.0,0.0,73.5,86.5,,
2026-07-19,2026-07-19T00:29:40,15,FPO,156781,Audrey Wicklander,891,194,0.0,0.0,0.0,0.0,0.0,0.0,0.0,2.1,187.4,97344,
2026-07-19,2026-07-19T00:29:40,15,FPO,157471,Nid Ovathanasin,936,128,15.0,5e-05,0.0,0.00072,0.0,1e-05,0.0,73.1,90.0,96414;97344,
2026-07-19,2026-07-19T00:29:40,15,FPO,158385,Destyne Martinez,865,144,2.0,0.0,0.0,0.0,0.0,0.0,0.0,2.0,175.5,,
2026-07-19,2026-07-19T00:29:40,15,FPO,158461,Shiru Liu,914,79,61.5,0.0,0.0,0.0,0.0,0.0,0.0,67.5,88.3,97341,
2026-07-19,2026-07-19T00:29:40,15,FPO,160103,Jacquelyn DeLude,877,202,0.0,0.0,0.0,0.0,0.0,0.0,0.0,2.0,182.7,97344,
2026-07-19,2026-07-19T00:29:40,15,FPO,161231,Sarah May,856,182,0.0,0.0,0.0,0.0,0.0,0.0,0.0,2.0,171.0,97341,
2026-07-19,2026-07-19T00:29:40,15,FPO,161918,Addison Woodard,950,67,89.75,0.02928,3e-05,0.99896,0.26337,0.02148,0.0,518.4,39.0,97341;96415;96416;97344;96417;96418,
2026-07-19,2026-07-19T00:29:40,15,FPO,162735,Eden Fornoff,922,191,0.0,0.0,0.0,0.0,0.0,0.0,0.0,24.7,121.8,96416,
2026-07-19,2026-07-19T00:29:40,15,FPO,162896,Therese Cuevas,937,52,143.0,0.00127,0.0,0.25039,0.00012,0.00119,0.0,265.2,53.5,97341;97344,
2026-07-19,2026-07-19T00:29:40,15,FPO,164788,Alecia Hinkson,930,58,112.5,0.00033,0.0,0.04371,1e-05,9e-05,0.0,197.2,59.6,96414;97344;96417,
2026-07-19,2026-07-19T00:29:40,15,FPO,165652,Ceci Vollbrecht,899,195,0.0,0.0,0.0,0.0,0.0,0.0,0.0,2.3,188.2,97344,
2026-07-19,2026-07-19T00:29:40,15,FPO,166082,Ashton Webberley,904,170,0.0,0.0,0.0,0.0,0.0,0.0,0.0,3.1,177.0,97341,
2026-07-19,2026-07-19T00:29:40,15,FPO,166749,Mackenzie Morris,884,163,0.0,0.0,0.0,0.0,0.0,0.0,0.0,2.1,172.8,97341,
2026-07-19,2026-07-19T00:29:40,15,FPO,167255,AK Kaestner,820,184,0.0,0.0,0.0,0.0,0.0,0.0,0.0,2.0,169.0,97341,
2026-07-19,2026-07-19T00:29:40,15,FPO,168863,Trinity Bryant,921,43,233.0,1e-05,0.0,0.99916,0.00021,0.0,0.0,340.4,47.3,97341;96414;96415;96416;97344;96418,
2026-07-19,2026-07-19T00:29:40,15,FPO,170182,Rebecca Minnick,865,103,29.0,0.0,0.0,0.0,0.0,0.0,0.0,29.0,112.8,,
2026-07-19,2026-07-19T00:29:40,15,FPO,173601,Marie Kielas,914,85,51.0,0.0,0.0,0.0,0.0,0.0,0.0,51.0,93.7,,
2026-07-19,2026-07-19T00:29:40,15,FPO,176242,Morgan Lynds,931,68,87.75,3e-05,0.0,0.0007,0.0,1e-05,0.0,106.9,74.5,97344,
2026-07-19,2026-07-19T00:29:40,15,FPO,176243,Jordan Lynds,945,57,113.25,0.00496,0.0,0.13429,0.00015,0.00412,0.0,235.9,56.5,96414;97344,
2026-07-19,2026-07-19T00:29:40,15,FPO,176481,Karissa Dedmon,917,118,20.0,0.0,0.0,0.0,0.0,0.0,0.0,47.0,99.5,97341;97344,
2026-07-19,2026-07-19T00:29:40,15,FPO,178707,Joleigh Miller,929,149,0.0,0.0,0.0,0.0,0.0,0.0,0.0,44.5,102.7,97341,
2026-07-19,2026-07-19T00:29:40,15,FPO,178748,Kendyl Sullivan,887,172,0.0,0.0,0.0,0.0,0.0,0.0,0.0,2.0,165.1,97341,
2026-07-19,2026-07-19T00:29:40,15,FPO,179200,Jamie Williams,863,154,0.0,0.0,0.0,0.0,0.0,0.0,0.0,0.0,212.0,,
2026-07-19,2026-07-19T00:29:40,15,FPO,179873,Jenny Larsson,921,82,54.0,0.0,0.0,0.0,0.0,0.0,0.0,54.0,92.3,,
2026-07-19,2026-07-19T00:29:40,15,FPO,181772,Ida Emilie Nesse,948,35,334.0,0.04412,0.00152,1.0,0.93114,0.0362,0.0,701.0,31.9,96414;96415;96416;97344;96417;96418,
2026-07-19,2026-07-19T00:29:40,15,FPO,182450,Kajsa Wahl,893,96,36.75,0.0,0.0,0.0,0.0,0.0,0.0,36.8,104.0,,
2026-07-19,2026-07-19T00:29:40,15,FPO,182582,Addison Clark,824,212,0.0,0.0,0.0,0.0,0.0,0.0,0.0,16.5,138.4,96417,
2026-07-19,2026-07-19T00:29:40,15,FPO,184609,Elva-Kate Preston,908,61,107.25,0.0,0.0,0.00011,0.0,0.0,0.0,136.6,66.8,100195;96414;96415;97344,
2026-07-19,2026-07-19T00:29:40,15,FPO,184736,Jennifer Smiley,934,34,337.75,0.00258,0.0,1.0,0.25217,0.00187,0.0,521.3,38.6,97341;96414;96415;96416;97344;96417;96418,
2026-07-19,2026-07-19T00:29:40,15,FPO,185057,Josefine Johansson,934,71,81.0,1e-05,0.0,0.00093,0.0,1e-05,0.0,105.3,75.4,97344,
2026-07-19,2026-07-19T00:29:40,15,FPO,185534,Sofia Donnecke,961,23,547.5,0.15972,0.00517,1.0,0.99893,0.14387,0.0,781.8,28.2,96414;96418,
2026-07-19,2026-07-19T00:29:40,15,FPO,185627,Athena Cuevas,866,130,14.0,0.0,0.0,0.0,0.0,0.0,0.0,14.0,140.7,,
2026-07-19,2026-07-19T00:29:40,15,FPO,186277,Kassandra Fog Wichmann,871,140,6.0,0.0,0.0,0.0,0.0,0.0,0.0,6.0,153.6,,
2026-07-19,2026-07-19T00:29:40,15,FPO,186629,Sanne Dalseth,880,132,13.5,0.0,0.0,0.0,0.0,0.0,0.0,13.5,142.4,,
2026-07-19,2026-07-19T00:29:40,15,FPO,188837,JJ Sun,883,157,0.0,0.0,0.0,0.0,0.0,0.0,0.0,0.0,204.0,,
2026-07-19,2026-07-19T00:29:40,15,FPO,189702,Taylor Chocek,947,13,749.95,0.34956,0.34264,1.0,1.0,0.00671,0.0,981.0,19.5,97341;96414;96415;96416;96418;96419,
2026-07-19,2026-07-19T00:29:40,15,FPO,193215,Lexi Marx,929,164,0.0,3e-05,0.0,0.00031,0.0,0.0,0.0,73.9,88.2,97341;96414;97344,
2026-07-19,2026-07-19T00:29:40,15,FPO,195549,Kylie Kohut,933,53,135.0,0.00071,0.0,0.45418,8e-05,0.00051,0.0,280.2,52.1,97341;100195;96414;96415,
2026-07-19,2026-07-19T00:29:40,15,FPO,195550,Peyton Kohut,913,84,52.5,0.0,0.0,0.0,0.0,0.0,0.0,84.3,81.6,100195;96414;96415,
2026-07-19,2026-07-19T00:29:40,15,FPO,196237,Kaire Tekku,923,73,78.75,0.0,0.0,0.0,0.0,0.0,0.0,78.8,83.7,,
2026-07-19,2026-07-19T00:29:40,15,FPO,197689,Isabella Parker,877,122,18.0,0.0,0.0,0.0,0.0,0.0,0.0,18.0,133.0,,
2026-07-19,2026-07-19T00:29:40,15,FPO,198446,Eliezra Midtlyng,948,14,746.58,0.50782,0.50332,1.0,1.0,0.00415,0.0,1009.4,18.4,97341;96414;96415;96416;97344;96417;96418;96419,
2026-07-19,2026-07-19T00:29:40,15,FPO,198721,Hannah Kellar,898,104,29.0,0.0,0.0,0.0,0.0,0.0,0.0,32.3,110.1,97341,
2026-07-19,2026-07-19T00:29:40,15,FPO,202571,Elizabete Pēkšena,932,46,205.5,0.00035,0.0,0.12568,1e-05,0.00031,0.0,247.6,54.9,97344;96418,
2026-07-19,2026-07-19T00:29:40,15,FPO,208576,Rebecca Don,961,10,801.99,0.99226,0.99225,1.0,1.0,1e-05,0.0,1208.5,11.7,97341;96414;96415;96416;97344;96418;96419,
2026-07-19,2026-07-19T00:29:40,15,FPO,209432,Eden Fletcher,905,94,38.0,0.0,0.0,0.0,0.0,0.0,0.0,38.0,102.8,,
2026-07-19,2026-07-19T00:29:40,15,FPO,209462,Erika Apple,854,178,0.0,0.0,0.0,0.0,0.0,0.0,0.0,2.0,168.8,97341,
2026-07-19,2026-07-19T00:29:40,15,FPO,210287,Mara Neal,864,174,0.0,0.0,0.0,0.0,0.0,0.0,0.0,2.0,163.0,97341,
2026-07-19,2026-07-19T00:29:40,15,FPO,210972,Kristýna Jurčíková,970,36,331.0,0.26742,0.00061,1.0,0.61484,0.24016,0.0,652.0,33.8,97344;96418,
2026-07-19,2026-07-19T00:29:40,15,FPO,214417,Fleur Verberk,899,199,0.0,0.0,0.0,0.0,0.0,0.0,0.0,2.3,185.6,97344,
2026-07-19,2026-07-19T00:29:40,15,FPO,215439,Sheliemae Lai,946,78,62.0,9e-05,0.0,1e-05,0.0,8e-05,0.0,121.5,70.3,97341,
2026-07-19,2026-07-19T00:29:40,15,FPO,215495,Kelsey Martin,877,206,0.0,0.0,0.0,0.0,0.0,0.0,0.0,2.0,181.1,97344,
2026-07-19,2026-07-19T00:29:40,15,FPO,216558,Iida Lehtomäki,963,27,430.25,0.11763,2e-05,1.0,0.33474,0.10696,0.0,575.6,36.8,97344;96418,
2026-07-19,2026-07-19T00:29:40,15,FPO,217892,Katie Tews,892,161,0.0,0.0,0.0,0.0,0.0,0.0,0.0,3.0,162.7,97341,
2026-07-19,2026-07-19T00:29:40,15,FPO,218760,Sarah Duran,865,135,11.0,0.0,0.0,0.0,0.0,0.0,0.0,11.0,146.2,,
2026-07-19,2026-07-19T00:29:40,15,FPO,218779,Amanda Brightwell,831,183,0.0,0.0,0.0,0.0,0.0,0.0,0.0,2.0,170.0,97341,
2026-07-19,2026-07-19T00:29:40,15,FPO,219693,Anna Damberga,864,117,21.0,0.0,0.0,0.0,0.0,0.0,0.0,21.0,127.9,,
2026-07-19,2026-07-19T00:29:40,15,FPO,221583,Evie Lou Ramey,894,186,0.0,0.0,0.0,0.0,0.0,0.0,0.0,2.9,180.6,100195,
2026-07-19,2026-07-19T00:29:40,15,FPO,222693,Tanisha Platero,856,177,0.0,0.0,0.0,0.0,0.0,0.0,0.0,2.0,166.7,97341,
2026-07-19,2026-07-19T00:29:40,15,FPO,222973,Martje Sumowski,913,101,33.0,0.0,0.0,0.0,0.0,0.0,0.0,33.0,110.2,,
2026-07-19,2026-07-19T00:29:40,15,FPO,223975,Laura Tatiana Niño Carranza,875,168,0.0,0.0,0.0,0.0,0.0,0.0,0.0,4.0,157.5,97341;97344,
2026-07-19,2026-07-19T00:29:40,15,FPO,224238,Julia Fors,962,28,428.5,0.14979,0.00108,1.0,0.83391,0.13926,0.0,684.9,32.5,97344;96418,
2026-07-19,2026-07-19T00:29:40,15,FPO,225016,Naomi Suyat,869,156,0.0,0.0,0.0,0.0,0.0,0.0,0.0,0.0,205.0,,
2026-07-19,2026-07-19T00:29:40,15,FPO,227315,Sarah Wadsworth,901,187,0.0,0.0,0.0,0.0,0.0,0.0,0.0,15.5,138.2,100195;96415,
2026-07-19,2026-07-19T00:29:40,15,FPO,228486,Stefani Ewell,857,136,10.0,0.0,0.0,0.0,0.0,0.0,0.0,10.0,147.5,,
2026-07-19,2026-07-19T00:29:40,15,FPO,229526,Sintija Klezberga,955,15,737.5,0.71983,0.71609,1.0,1.0,0.00341,0.0,1048.7,16.9,97341;96414;96415;97344;96417;96418;96419,
2026-07-19,2026-07-19T00:29:40,15,FPO,231650,Tailey Rowley,911,65,92.25,0.0,0.0,1e-05,0.0,0.0,0.0,105.7,73.6,97341;97344,
2026-07-19,2026-07-19T00:29:40,15,FPO,232666,Rebecka Hoppe,850,141,6.0,0.0,0.0,0.0,0.0,0.0,0.0,6.0,153.0,,
2026-07-19,2026-07-19T00:29:40,15,FPO,232722,Julia Hauch,911,203,0.0,0.0,0.0,0.0,0.0,0.0,0.0,3.8,177.3,97344,
2026-07-19,2026-07-19T00:29:40,15,FPO,235368,Madalyn Payton,896,146,0.0,0.0,0.0,0.0,0.0,0.0,0.0,0.0,208.0,,
2026-07-19,2026-07-19T00:29:40,15,FPO,238187,Ann Deputy,918,72,80.25,0.0,0.0,0.0,0.0,0.0,0.0,86.8,80.6,97344,
2026-07-19,2026-07-19T00:29:40,15,FPO,240590,Amelia Saechao,873,110,24.0,0.0,0.0,0.0,0.0,0.0,0.0,24.0,119.9,,
2026-07-19,2026-07-19T00:29:40,15,FPO,242116,Eva Lutsenko,924,113,21.75,0.0,0.0,0.0,0.0,0.0,0.0,21.8,125.5,,
2026-07-19,2026-07-19T00:29:40,15,FPO,242331,Ida Kennmark,867,131,13.5,0.0,0.0,0.0,0.0,0.0,0.0,13.5,142.2,,
2026-07-19,2026-07-19T00:29:40,15,FPO,245180,Chelsea Sutton,859,181,0.0,0.0,0.0,0.0,0.0,0.0,0.0,2.0,172.1,97341,
2026-07-19,2026-07-19T00:29:40,15,FPO,245306,Netta Leppäaho,945,62,105.75,0.0,0.0,0.0,0.0,0.0,0.0,105.8,73.5,,
2026-07-19,2026-07-19T00:29:40,15,FPO,245317,Sophi Stephenson,859,133,12.0,0.0,0.0,0.0,0.0,0.0,0.0,12.0,144.0,,
2026-07-19,2026-07-19T00:29:40,15,FPO,254333,Jess Zilch,874,120,19.5,0.0,0.0,0.0,0.0,0.0,0.0,19.5,130.1,,
2026-07-19,2026-07-19T00:29:40,15,FPO,255962,Samantha Zaborowski,901,210,0.0,0.0,0.0,0.0,0.0,0.0,0.0,2.4,193.7,97344,
2026-07-19,2026-07-19T00:29:40,15,FPO,256846,Lea Tomas,888,207,0.0,0.0,0.0,0.0,0.0,0.0,0.0,2.0,191.0,97344,
2026-07-19,2026-07-19T00:29:40,15,FPO,259972,Marion Mattsson,858,134,11.25,0.0,0.0,0.0,0.0,0.0,0.0,11.2,145.1,,
2026-07-19,2026-07-19T00:29:40,15,FPO,261058,Jessica Erickson,891,87,49.0,0.0,0.0,0.0,0.0,0.0,0.0,49.0,96.4,,
2026-07-19,2026-07-19T00:29:40,15,FPO,261216,Victoria Christensen,863,125,17.25,0.0,0.0,0.0,0.0,0.0,0.0,17.2,136.6,,
2026-07-19,2026-07-19T00:29:40,15,FPO,268900,Natalie Berg,883,119,19.5,0.0,0.0,0.0,0.0,0.0,0.0,19.5,129.5,,
2026-07-19,2026-07-19T00:29:40,15,FPO,269838,Daisy Kelly,882,155,0.0,0.0,0.0,0.0,0.0,0.0,0.0,0.0,205.7,,
2026-07-19,2026-07-19T00:29:40,15,FPO,277832,Chandler Reigh,939,30,406.25,0.01393,0.00013,1.0,0.97823,0.01235,0.0,688.1,32.6,97341;100195;96414;96415;96416;97344;96417;96418,
2026-07-19,2026-07-19T00:29:40,15,FPO,278450,Brit Hamburg-Kiin,854,106,28.5,0.0,0.0,0.0,0.0,0.0,0.0,28.5,114.7,,
2026-07-19,2026-07-19T00:29:40,15,FPO,279466,Gry Nagel,820,124,18.0,0.0,0.0,0.0,0.0,0.0,0.0,18.0,135.1,,
2026-07-19,2026-07-19T00:29:40,15,FPO,281626,Una Lokmane,878,105,28.5,0.0,0.0,0.0,0.0,0.0,0.0,28.5,113.9,,
2026-07-19,2026-07-19T00:29:40,15,FPO,284553,Katherine Aydelott,861,142,4.0,0.0,0.0,0.0,0.0,0.0,0.0,6.0,153.3,97341,
2026-07-19,2026-07-19T00:29:40,15,FPO,286978,Michelle Southworth,800,179,0.0,0.0,0.0,0.0,0.0,0.0,0.0,2.0,174.1,97341,
2026-07-19,2026-07-19T00:29:40,15,FPO,288014,Jordan Coomes,840,121,18.0,0.0,0.0,0.0,0.0,0.0,0.0,18.0,133.1,,
2026-07-19,2026-07-19T00:29:40,15,FPO,297287,Marta Villa,856,171,0.0,0.0,0.0,0.0,0.0,0.0,0.0,2.0,167.5,97341,
2026-07-19,2026-07-19T00:29:40,15,FPO,302765,Grace Wilson,891,200,0.0,0.0,0.0,0.0,0.0,0.0,0.0,2.1,188.9,97344,
2026-07-19,2026-07-19T00:29:40,15,FPO,308525,Saga Dahlstedt,917,55,127.5,0.0,0.0,0.0,0.0,0.0,0.0,127.5,68.5,,
2026-07-19,2026-07-19T00:29:40,15,FPO,311218,Mina Alme,902,98,35.25,0.0,0.0,0.0,0.0,0.0,0.0,35.2,106.9,,
2026-07-20,2026-07-20T13:05:01,16,FPO,3024,Chris O'Cleary,914,196,0.0,0.0,0.0,0.0,0.0,0.0,0.0,4.8,183.7,97344,
2026-07-20,2026-07-20T13:05:01,16,FPO,3090,Elaine King,888,197,0.0,0.0,0.0,0.0,0.0,0.0,0.0,2.0,187.7,97344,
2026-07-20,2026-07-20T13:05:01,16,FPO,8803,Ruth Steele,872,161,2.0,0.0,0.0,0.0,0.0,0.0,0.0,2.0,166.3,,
2026-07-20,2026-07-20T13:05:01,16,FPO,15354,Jennifer Allen,967,39,313.0,0.27467,0.02078,1.0,0.93952,0.21301,0.0,776.4,28.3,96414;96415;97344;96418,
2026-07-20,2026-07-20T13:05:01,16,FPO,27832,Kona Star Montgomery,949,23,553.0,0.11176,0.07542,1.0,1.0,0.03186,0.0,881.9,23.5,96414;96415;96416;97344;96417;96418;96419,
2026-07-20,2026-07-20T13:05:01,16,FPO,29190,Paige Pierce,968,19,693.17,0.88073,0.87472,1.0,1.0,0.00596,0.0,1111.0,14.6,96414;96416;97344;96418;96419,
2026-07-20,2026-07-20T13:05:01,16,FPO,29947,Stephanie Vincent,925,112,28.0,0.0,0.0,0.0,0.0,0.0,0.0,28.0,116.2,,
2026-07-20,2026-07-20T13:05:01,16,FPO,31041,Sheila Teves,883,179,0.0,0.0,0.0,0.0,0.0,0.0,0.0,0.0,205.2,,
2026-07-20,2026-07-20T13:05:01,16,FPO,32654,Lisa Fajkus,958,22,593.83,0.34742,0.29932,1.0,1.0,0.04047,0.0,964.6,20.1,96414;96415;96416;96417;96418;96419,
2026-07-20,2026-07-20T13:05:01,16,FPO,32917,Rebecca Cox,951,32,397.0,0.07301,0.01057,1.0,0.98886,0.053,0.0,773.3,28.5,96414;96415;96416;97344;96417;96418,
2026-07-20,2026-07-20T13:05:01,16,FPO,32925,Lindsay Fish,882,154,2.0,0.0,0.0,0.0,0.0,0.0,0.0,2.0,170.9,,
2026-07-20,2026-07-20T13:05:01,16,FPO,34563,Sarah Hokom,949,67,101.0,0.02291,0.0,0.9212,0.0579,0.01492,0.0,434.7,43.5,96414;96415;96416;97344;96417;96418,
2026-07-20,2026-07-20T13:05:01,16,FPO,35321,Sofie Björlycke,936,75,83.25,0.0,0.0,0.0,0.0,0.0,0.0,83.2,80.4,,
2026-07-20,2026-07-20T13:05:01,16,FPO,35774,Camilla Jernberg,873,147,7.5,0.0,0.0,0.0,0.0,0.0,0.0,7.5,153.0,,
2026-07-20,2026-07-20T13:05:01,16,FPO,36307,Amanda Branch,887,193,0.0,0.0,0.0,0.0,0.0,0.0,0.0,2.0,188.7,97344,
2026-07-20,2026-07-20T13:05:01,16,FPO,39504,Zoe AnDyke,930,80,77.0,0.0,0.0,0.0,0.0,0.0,0.0,77.0,85.2,,
2026-07-20,2026-07-20T13:05:01,16,FPO,43995,Taylor Foth,902,177,0.0,0.0,0.0,0.0,0.0,0.0,0.0,0.0,202.7,,
2026-07-20,2026-07-20T13:05:01,16,FPO,44184,Catrina Allen,961,7,1014.58,1.0,1.0,1.0,1.0,0.0,0.0,1297.9,9.4,100195;96414;96415;96416;97344;96417;96418;96419,
2026-07-20,2026-07-20T13:05:01,16,FPO,45407,Brittney Armentrout,851,157,2.0,0.0,0.0,0.0,0.0,0.0,0.0,2.0,164.1,,
2026-07-20,2026-07-20T13:05:01,16,FPO,48199,Alison Blakeman,870,184,0.0,0.0,0.0,0.0,0.0,0.0,0.0,0.0,207.4,,
2026-07-20,2026-07-20T13:05:01,16,FPO,48976,Ohn Scoggins,990,3,1469.0,1.0,1.0,1.0,1.0,0.0,0.36114,2222.5,1.8,100195;96414;96415;96416;97344;96417;96418;96419,
2026-07-20,2026-07-20T13:05:01,16,FPO,50656,Jessica Gurthie,955,17,734.0,1.0,0.90512,1.0,1.0,0.00055,0.0,1111.8,14.6,96414;96415;96416;97344;96417;96418;96419,
2026-07-20,2026-07-20T13:05:01,16,FPO,51277,Holly Finley,929,49,214.0,0.00038,0.0,0.84236,0.00045,0.00018,0.0,330.5,49.8,96414;96415;97344;96417;96418,
2026-07-20,2026-07-20T13:05:01,16,FPO,58303,Sai Ananda,949,66,102.0,0.00456,0.0,0.01321,5e-05,0.00391,0.0,178.4,62.9,97344,
2026-07-20,2026-07-20T13:05:01,16,FPO,59227,Henna Blomroos,969,10,890.0,1.0,0.99441,1.0,1.0,2e-05,0.0,1201.4,11.7,96414;97344;96418;96419,
2026-07-20,2026-07-20T13:05:01,16,FPO,59431,Madison Walker,951,20,652.83,0.12632,0.08335,1.0,1.0,0.03712,0.0,894.6,22.9,96414;96415;96416;97344;96417;96418;96419,
2026-07-20,2026-07-20T13:05:01,16,FPO,60798,Madison Tomaino,921,74,83.5,0.0,0.0,0.0,0.0,0.0,0.0,121.2,69.4,96416,
2026-07-20,2026-07-20T13:05:01,16,FPO,61144,Emily Beach,901,174,0.0,0.0,0.0,0.0,0.0,0.0,0.0,0.0,205.9,,
2026-07-20,2026-07-20T13:05:01,16,FPO,61990,Katka Boďová,916,92,48.0,0.0,0.0,0.0,0.0,0.0,0.0,48.0,97.5,,
2026-07-20,2026-07-20T13:05:01,16,FPO,62879,Valerie Mandujano,975,13,799.16,1.0,1.0,1.0,1.0,0.0,0.0,1433.6,7.5,96414;96415;96416;97344;96417;96418;96419,
2026-07-20,2026-07-20T13:05:01,16,FPO,62880,Alexis Mandujano,960,35,352.5,0.23448,0.1183,1.0,0.99886,0.09406,0.0,880.5,23.6,96414;96415;96416;97344;96417;96418,
2026-07-20,2026-07-20T13:05:01,16,FPO,63257,Maria Oliva,920,46,237.0,0.0001,0.0,0.99106,0.00016,4e-05,0.0,340.8,48.9,96414;96415;96416;97344;96417;96418,
2026-07-20,2026-07-20T13:05:01,16,FPO,64927,Eveliina Salonen,988,6,1164.67,1.0,1.0,1.0,1.0,0.0,0.0,1657.3,5.5,96414;97344;96418;96419,
2026-07-20,2026-07-20T13:05:01,16,FPO,65489,Lauren Butler,916,55,157.75,1e-05,0.0,0.01855,0.0,0.0,0.0,225.4,57.5,96414;96415;97344;96417,
2026-07-20,2026-07-20T13:05:01,16,FPO,66063,Ashlee Johnson,859,178,0.0,0.0,0.0,0.0,0.0,0.0,0.0,0.0,201.3,,
2026-07-20,2026-07-20T13:05:01,16,FPO,66599,Heidi Laine,959,12,824.75,0.96101,0.96093,1.0,1.0,8e-05,0.0,1136.6,13.7,100195;96414;96415;96416;97344;96418;96419,
2026-07-20,2026-07-20T13:05:01,16,FPO,69584,Danielle Weigandt,853,160,2.0,0.0,0.0,0.0,0.0,0.0,0.0,2.0,161.1,,
2026-07-20,2026-07-20T13:05:01,16,FPO,71262,Erika Stinchcomb,920,45,261.25,5e-05,0.0,0.99912,0.00021,1e-05,0.0,357.8,47.6,96414;96415;96416;97344;96417;96418,
2026-07-20,2026-07-20T13:05:01,16,FPO,72635,Kersti Miller,890,105,34.5,0.0,0.0,0.0,0.0,0.0,0.0,34.5,109.5,,
2026-07-20,2026-07-20T13:05:01,16,FPO,74708,Casey Pennington,916,99,39.5,0.0,0.0,0.0,0.0,0.0,0.0,39.5,102.4,,
2026-07-20,2026-07-20T13:05:01,16,FPO,75029,Cynthia Ricciotti,917,62,107.25,1e-05,0.0,0.00223,0.0,0.0,0.0,178.6,61.1,100195;96414;96415;97344;96417,
2026-07-20,2026-07-20T13:05:01,16,FPO,76009,Virginia Polkinghorne,884,189,0.0,0.0,0.0,0.0,0.0,0.0,0.0,0.9,199.8,100195,
2026-07-20,2026-07-20T13:05:01,16,FPO,77385,Matilda Ringbom,947,44,274.0,0.01009,0.0,0.31642,4e-05,0.00952,0.0,332.7,49.8,96418,
2026-07-20,2026-07-20T13:05:01,16,FPO,78232,Tiger Borth,899,124,21.0,0.0,0.0,0.0,0.0,0.0,0.0,23.3,124.2,97344,
2026-07-20,2026-07-20T13:05:01,16,FPO,79233,Cadence Burge,971,69,95.25,0.40647,0.02399,0.99988,0.8646,0.2791,0.0,759.8,29.0,96414;96415;96416;97344;96417;96418,
2026-07-20,2026-07-20T13:05:01,16,FPO,80935,Lindsey Maas,902,108,32.25,0.0,0.0,0.0,0.0,0.0,0.0,39.3,104.6,96414;97344,
2026-07-20,2026-07-20T13:05:01,16,FPO,82809,Alex von Stade,893,121,22.0,0.0,0.0,0.0,0.0,0.0,0.0,22.0,126.1,,
2026-07-20,2026-07-20T13:05:01,16,FPO,83376,Cassandra Lioi,890,146,8.0,0.0,0.0,0.0,0.0,0.0,0.0,8.0,152.0,,
2026-07-20,2026-07-20T13:05:01,16,FPO,84279,Kaidi Allsalu,956,51,203.62,0.0448,0.0,0.0,0.0,0.0422,0.0,300.7,52.0,,
2026-07-20,2026-07-20T13:05:01,16,FPO,85189,Samantha Bonacci,870,133,16.5,0.0,0.0,0.0,0.0,0.0,0.0,20.8,129.4,96415,
2026-07-20,2026-07-20T13:05:01,16,FPO,85484,Anneli Tõugjas-Männiste,957,26,457.5,0.13512,0.0242,1.0,0.99839,0.09014,0.0,812.4,26.6,96414;96415;97344;96417;96418,
2026-07-20,2026-07-20T13:05:01,16,FPO,85942,Missy Gannon,985,4,1384.83,1.0,1.0,1.0,1.0,0.0,0.00123,1898.0,4.0,96414;96415;96416;97344;96417;96418;96419,
2026-07-20,2026-07-20T13:05:01,16,FPO,87094,Rose Shertick,918,209,0.0,0.0,0.0,0.0,0.0,0.0,0.0,6.5,181.9,97344,
2026-07-20,2026-07-20T13:05:01,16,FPO,87443,Andrea Cammack,874,159,2.0,0.0,0.0,0.0,0.0,0.0,0.0,2.0,162.1,,
2026-07-20,2026-07-20T13:05:01,16,FPO,94085,Keiti Tätte,957,53,184.12,0.03545,0.0,0.0,0.0,0.03322,0.0,253.2,55.7,,
2026-07-20,2026-07-20T13:05:01,16,FPO,96090,Sonja Laine,899,103,36.0,0.0,0.0,0.0,0.0,0.0,0.0,36.0,106.8,,
2026-07-20,2026-07-20T13:05:01,16,FPO,96480,Tori Pasquin,833,170,2.0,0.0,0.0,0.0,0.0,0.0,0.0,2.0,170.2,,
2026-07-20,2026-07-20T13:05:01,16,FPO,97238,Jannicke Hjemli,862,144,9.75,0.0,0.0,0.0,0.0,0.0,0.0,9.8,149.8,,
2026-07-20,2026-07-20T13:05:01,16,FPO,99441,Lykke Lorentzen,923,95,43.0,0.0,0.0,1e-05,0.0,0.0,0.0,59.1,91.8,100195;97344,
2026-07-20,2026-07-20T13:05:01,16,FPO,99455,Kat Mertsch,964,8,1004.67,1.0,1.0,1.0,1.0,0.0,0.0,1334.5,8.8,96414;96415;96416;97344;96417;96418;96419,
2026-07-20,2026-07-20T13:05:01,16,FPO,101767,Sunny Stansbury,836,188,0.0,0.0,0.0,0.0,0.0,0.0,0.0,0.0,210.2,100195,
2026-07-20,2026-07-20T13:05:01,16,FPO,101949,Ratana McMahon,885,56,129.75,0.0,0.0,0.0,0.0,0.0,0.0,136.6,65.5,96415,
2026-07-20,2026-07-20T13:05:01,16,FPO,102024,Danielle Keen,896,176,0.0,0.0,0.0,0.0,0.0,0.0,0.0,0.0,204.3,,
2026-07-20,2026-07-20T13:05:01,16,FPO,103743,Karen Martel,926,136,15.0,0.0,0.0,0.0,0.0,0.0,0.0,27.8,126.5,97344,
2026-07-20,2026-07-20T13:05:01,16,FPO,104187,Macie Velediaz,957,41,294.67,0.09059,0.00051,1.0,0.60324,0.06993,0.0,626.2,34.9,96414;97344;96417;96418,
2026-07-20,2026-07-20T13:05:01,16,FPO,104314,Violet Main,945,40,301.0,0.01016,0.0,1.0,0.06097,0.00688,0.0,461.0,41.8,96414;97344;96417;96418,
2026-07-20,2026-07-20T13:05:01,16,FPO,104814,Ellie Bryant,904,118,23.75,0.0,0.0,0.0,0.0,0.0,0.0,23.8,122.0,,
2026-07-20,2026-07-20T13:05:01,16,FPO,105126,Aria Castruita,949,93,46.5,0.0,0.0,0.0,0.0,0.0,0.0,46.5,98.6,,
2026-07-20,2026-07-20T13:05:01,16,FPO,106489,Anna Pinter,875,123,21.75,0.0,0.0,0.0,0.0,0.0,0.0,21.8,128.2,,
2026-07-20,2026-07-20T13:05:01,16,FPO,107297,Maria Liivamägi,857,116,24.0,0.0,0.0,0.0,0.0,0.0,0.0,24.0,120.4,,
2026-07-20,2026-07-20T13:05:01,16,FPO,107335,Silva Saarinen,991,2,1585.84,1.0,1.0,1.0,1.0,0.0,0.58217,2266.7,1.5,96414;96415;96416;97344;96418;96419,
2026-07-20,2026-07-20T13:05:01,16,FPO,108871,Brook Johnson,905,115,24.0,0.0,0.0,0.0,0.0,0.0,0.0,26.7,116.9,97344,
2026-07-20,2026-07-20T13:05:01,16,FPO,109337,Cathy Kuhn,860,175,0.0,0.0,0.0,0.0,0.0,0.0,0.0,0.0,205.6,,
2026-07-20,2026-07-20T13:05:01,16,FPO,109996,Anniken Kristiansen Steen,964,18,700.29,0.25944,0.13531,1.0,1.0,0.12149,0.0,914.0,22.1,97344;96418;96419,
2026-07-20,2026-07-20T13:05:01,16,FPO,111487,Emily Weatherman,958,14,777.83,0.95237,0.95212,1.0,1.0,0.00021,0.0,1140.0,13.6,96414;96415;96416;97344;96417;96418;96419,
2026-07-20,2026-07-20T13:05:01,16,FPO,112647,Hanna Huynh,962,21,600.0,0.84082,0.83466,1.0,1.0,0.00532,0.0,1099.6,15.1,96414;96415;96416;97344;96417;96418;96419,
2026-07-20,2026-07-20T13:05:01,16,FPO,115503,Olivia Kindstedt,946,52,189.0,0.00851,0.0,0.14433,0.0003,0.00778,0.0,293.2,52.6,97344,
2026-07-20,2026-07-20T13:05:01,16,FPO,116694,Kristi Unt,925,94,45.0,0.0,0.0,0.0,0.0,0.0,0.0,45.0,99.7,,
2026-07-20,2026-07-20T13:05:01,16,FPO,121554,Elina Rydberg,898,119,23.25,0.0,0.0,0.0,0.0,0.0,0.0,23.2,123.0,,
2026-07-20,2026-07-20T13:05:01,16,FPO,124064,Shelby Cowen,914,57,129.0,1e-05,0.0,0.00061,0.0,0.0,0.0,184.3,60.6,96414;96415;96417,
2026-07-20,2026-07-20T13:05:01,16,FPO,126226,Kati Chachere,843,169,2.0,0.0,0.0,0.0,0.0,0.0,0.0,2.0,169.0,,
2026-07-20,2026-07-20T13:05:01,16,FPO,128395,Michelle Saggboy,894,155,2.0,0.0,0.0,0.0,0.0,0.0,0.0,2.0,178.1,,
2026-07-20,2026-07-20T13:05:01,16,FPO,128532,Maarja Soasepp,905,96,42.0,0.0,0.0,0.0,0.0,0.0,0.0,42.0,101.2,,
2026-07-20,2026-07-20T13:05:01,16,FPO,130187,Kat Johnson,910,204,0.0,0.0,0.0,0.0,0.0,0.0,0.0,3.6,177.1,97344,
2026-07-20,2026-07-20T13:05:01,16,FPO,130342,Chantel Budinsky,957,86,58.5,0.04855,0.0,0.1051,0.00103,0.03189,0.0,273.6,54.8,97344;96417,
2026-07-20,2026-07-20T13:05:01,16,FPO,130822,Hannah Manis,932,201,0.0,0.0,0.0,0.0,0.0,0.0,0.0,20.6,149.1,97344,
2026-07-20,2026-07-20T13:05:01,16,FPO,131583,Hannah Lengel,954,190,0.0,0.01287,0.0,0.00069,0.0,0.0023,0.0,125.4,72.3,96414;96417,
2026-07-20,2026-07-20T13:05:01,16,FPO,132291,Ashley Phelps,904,120,23.0,0.0,0.0,0.0,0.0,0.0,0.0,23.0,124.5,,
2026-07-20,2026-07-20T13:05:01,16,FPO,132627,Jenn Cazanov-Diggs,905,152,2.0,0.0,0.0,0.0,0.0,0.0,0.0,2.0,169.8,,
2026-07-20,2026-07-20T13:05:01,16,FPO,133547,Holyn Handley,986,1,1668.34,1.0,1.0,1.0,1.0,0.0,0.05546,2084.9,2.8,96414;96415;96416;97344;96418;96419,
2026-07-20,2026-07-20T13:05:01,16,FPO,133701,Nathalie Ortiz,907,83,64.25,0.0,0.0,0.0,0.0,0.0,0.0,64.2,89.0,,
2026-07-20,2026-07-20T13:05:01,16,FPO,135383,Emma Arp,912,185,0.0,0.0,0.0,0.0,0.0,0.0,0.0,4.5,168.9,100195,
2026-07-20,2026-07-20T13:05:01,16,FPO,138272,Raven Klein,941,27,452.5,0.01817,0.00037,1.0,0.95806,0.01596,0.0,689.4,32.5,96414;96415;96416;97344;96417;96418,
2026-07-20,2026-07-20T13:05:01,16,FPO,139109,Leah Tsinajinnie,927,82,71.0,1e-05,0.0,3e-05,0.0,0.0,0.0,84.9,82.7,97344,
2026-07-20,2026-07-20T13:05:01,16,FPO,139387,Hanna Jansson,903,90,50.25,0.0,0.0,0.0,0.0,0.0,0.0,50.2,94.9,,
2026-07-20,2026-07-20T13:05:01,16,FPO,139738,Megan Dophal,908,208,0.0,0.0,0.0,0.0,0.0,0.0,0.0,3.2,189.4,97344,
2026-07-20,2026-07-20T13:05:01,16,FPO,140660,María Eldey Kristínardóttir,916,72,91.5,0.0,0.0,0.0,0.0,0.0,0.0,91.5,78.1,,
2026-07-20,2026-07-20T13:05:01,16,FPO,140947,Nina Bennett,946,97,40.5,0.00446,0.0,0.00777,0.0,0.00155,0.0,150.7,67.4,97344;96417,
2026-07-20,2026-07-20T13:05:01,16,FPO,142259,Katheryn Maloney,901,205,0.0,0.0,0.0,0.0,0.0,0.0,0.0,2.4,179.0,97344,
2026-07-20,2026-07-20T13:05:01,16,FPO,142354,Alexis Kerman,921,54,176.0,1e-05,0.0,0.31817,1e-05,0.0,0.0,281.2,53.4,96414;96415;96416;97344;96417;96418,
2026-07-20,2026-07-20T13:05:01,16,FPO,143423,Ember Simonis,916,198,0.0,0.0,0.0,0.0,0.0,0.0,0.0,5.6,178.0,97344,
2026-07-20,2026-07-20T13:05:01,16,FPO,143720,Jessica Kinard,906,192,0.0,0.0,0.0,0.0,0.0,0.0,0.0,24.8,123.4,96416,
2026-07-20,2026-07-20T13:05:01,16,FPO,144112,Ella Hansen,976,5,1310.41,1.0,1.0,1.0,1.0,0.0,0.0,1652.5,5.6,96414;96415;96416;97344;96418;96419,
2026-07-20,2026-07-20T13:05:01,16,FPO,144791,Emily Yale,893,70,92.0,0.0,0.0,0.0,0.0,0.0,0.0,125.4,68.1,96415;96416;97344,
2026-07-20,2026-07-20T13:05:01,16,FPO,146137,Dani K. Hart,951,28,451.5,0.07036,0.00866,1.0,0.99823,0.05219,0.0,781.7,28.0,96414;96415;96416;97344;96417;96418,
2026-07-20,2026-07-20T13:05:01,16,FPO,146304,MJ Gager,933,34,355.83,0.00063,0.0,1.0,0.00273,0.00049,0.0,410.9,44.2,96415;97344;96418,
2026-07-20,2026-07-20T13:05:01,16,FPO,147050,Ali Smith,946,61,112.5,0.0,0.0,0.0,0.0,0.0,0.0,112.5,71.0,,
2026-07-20,2026-07-20T13:05:01,16,FPO,147393,Sadie Shattuck,866,134,16.0,0.0,0.0,0.0,0.0,0.0,0.0,16.0,141.1,,
2026-07-20,2026-07-20T13:05:01,16,FPO,149548,VicToria Scott,887,211,0.0,0.0,0.0,0.0,0.0,0.0,0.0,2.0,195.9,97344,
2026-07-20,2026-07-20T13:05:01,16,FPO,149803,Candyce Boyce,895,106,33.0,0.0,0.0,0.0,0.0,0.0,0.0,33.0,111.1,,
2026-07-20,2026-07-20T13:05:01,16,FPO,150057,Hailey Huber,932,77,81.0,0.0,0.0,0.0,0.0,0.0,0.0,81.0,82.8,,
2026-07-20,2026-07-20T13:05:01,16,FPO,151072,Jennifer Rice,894,130,18.0,0.0,0.0,0.0,0.0,0.0,0.0,18.0,136.7,,
2026-07-20,2026-07-20T13:05:01,16,FPO,152191,Kelley Foster,933,33,361.5,0.00177,0.0,1.0,0.19814,0.00132,0.0,520.3,38.9,96414;96415;96416;96417;96418,
2026-07-20,2026-07-20T13:05:01,16,FPO,154098,Ariel Walker,943,98,40.25,0.00022,0.0,0.00034,0.0,0.00012,0.0,83.6,84.3,97344,
2026-07-20,2026-07-20T13:05:01,16,FPO,155026,Amanda Lennartsson,947,31,409.0,0.00978,0.0,1.0,0.02918,0.0091,0.0,467.6,41.4,96418,
2026-07-20,2026-07-20T13:05:01,16,FPO,156259,Ella Tejler,898,81,73.5,0.0,0.0,0.0,0.0,0.0,0.0,73.5,86.5,,
2026-07-20,2026-07-20T13:05:01,16,FPO,156781,Audrey Wicklander,891,194,0.0,0.0,0.0,0.0,0.0,0.0,0.0,2.1,187.3,97344,
2026-07-20,2026-07-20T13:05:01,16,FPO,157471,Nid Ovathanasin,936,135,15.0,0.00011,0.0,0.00019,0.0,1e-05,0.0,73.1,90.3,96414;97344,
2026-07-20,2026-07-20T13:05:01,16,FPO,158385,Destyne Martinez,865,151,2.0,0.0,0.0,0.0,0.0,0.0,0.0,2.0,192.0,,
2026-07-20,2026-07-20T13:05:01,16,FPO,158461,Shiru Liu,914,84,63.5,0.0,0.0,0.0,0.0,0.0,0.0,63.5,90.0,,
2026-07-20,2026-07-20T13:05:01,16,FPO,160103,Jacquelyn DeLude,877,202,0.0,0.0,0.0,0.0,0.0,0.0,0.0,2.0,182.7,97344,
2026-07-20,2026-07-20T13:05:01,16,FPO,161231,Sarah May,856,165,2.0,0.0,0.0,0.0,0.0,0.0,0.0,2.0,173.5,,
2026-07-20,2026-07-20T13:05:01,16,FPO,161918,Addison Woodard,950,42,285.08,0.04227,0.00017,1.0,0.63899,0.03442,0.0,620.3,35.2,96415;96416;97344;96417;96418,
2026-07-20,2026-07-20T13:05:01,16,FPO,162735,Eden Fornoff,922,191,0.0,0.0,0.0,0.0,0.0,0.0,0.0,24.8,123.0,96416,
2026-07-20,2026-07-20T13:05:01,16,FPO,162896,Therese Cuevas,937,48,231.5,0.00097,0.0,0.22841,0.00014,0.0009,0.0,291.0,52.7,97344;96418,
2026-07-20,2026-07-20T13:05:01,16,FPO,164788,Alecia Hinkson,930,60,112.5,0.00035,0.0,0.01942,0.0,0.00013,0.0,197.7,59.7,96414;97344;96417,
2026-07-20,2026-07-20T13:05:01,16,FPO,165652,Ceci Vollbrecht,899,195,0.0,0.0,0.0,0.0,0.0,0.0,0.0,2.3,188.1,97344,
2026-07-20,2026-07-20T13:05:01,16,FPO,166082,Ashton Webberley,904,156,2.0,0.0,0.0,0.0,0.0,0.0,0.0,2.0,164.9,,
2026-07-20,2026-07-20T13:05:01,16,FPO,166749,Mackenzie Morris,884,145,9.0,0.0,0.0,0.0,0.0,0.0,0.0,9.0,150.9,,
2026-07-20,2026-07-20T13:05:01,16,FPO,167255,AK Kaestner,820,172,2.0,0.0,0.0,0.0,0.0,0.0,0.0,2.0,176.6,,
2026-07-20,2026-07-20T13:05:01,16,FPO,168863,Trinity Bryant,921,47,235.0,5e-05,0.0,0.94386,0.0001,2e-05,0.0,328.7,49.8,96414;96415;96416;97344;96418,
2026-07-20,2026-07-20T13:05:01,16,FPO,170182,Rebecca Minnick,865,109,29.0,0.0,0.0,0.0,0.0,0.0,0.0,29.0,113.1,,
2026-07-20,2026-07-20T13:05:01,16,FPO,173601,Marie Kielas,914,89,51.0,0.0,0.0,0.0,0.0,0.0,0.0,51.0,93.9,,
2026-07-20,2026-07-20T13:05:01,16,FPO,176242,Morgan Lynds,931,73,87.75,1e-05,0.0,0.00025,0.0,1e-05,0.0,106.9,74.4,97344,
2026-07-20,2026-07-20T13:05:01,16,FPO,176243,Jordan Lynds,945,59,113.25,0.00491,0.0,0.07436,0.00012,0.00405,0.0,237.0,57.0,96414;97344,
2026-07-20,2026-07-20T13:05:01,16,FPO,176481,Karissa Dedmon,917,85,59.0,0.0,0.0,0.0,0.0,0.0,0.0,65.0,89.5,97344,
2026-07-20,2026-07-20T13:05:01,16,FPO,178707,Joleigh Miller,929,65,102.0,0.0,0.0,0.0,0.0,0.0,0.0,102.0,74.3,,
2026-07-20,2026-07-20T13:05:01,16,FPO,178748,Kendyl Sullivan,887,162,2.0,0.0,0.0,0.0,0.0,0.0,0.0,2.0,167.9,,
2026-07-20,2026-07-20T13:05:01,16,FPO,179200,Jamie Williams,863,180,0.0,0.0,0.0,0.0,0.0,0.0,0.0,0.0,211.2,,
2026-07-20,2026-07-20T13:05:01,16,FPO,179873,Jenny Larsson,921,87,54.0,0.0,0.0,0.0,0.0,0.0,0.0,54.0,92.7,,
2026-07-20,2026-07-20T13:05:01,16,FPO,181772,Ida Emilie Nesse,948,37,334.0,0.04309,0.00148,1.0,0.91135,0.03545,0.0,700.3,31.8,96414;96415;96416;97344;96417;96418,
2026-07-20,2026-07-20T13:05:01,16,FPO,182450,Kajsa Wahl,893,102,36.75,0.0,0.0,0.0,0.0,0.0,0.0,36.8,105.7,,
2026-07-20,2026-07-20T13:05:01,16,FPO,182582,Addison Clark,824,212,0.0,0.0,0.0,0.0,0.0,0.0,0.0,16.5,140.1,96417,
2026-07-20,2026-07-20T13:05:01,16,FPO,184609,Elva-Kate Preston,908,63,107.25,1e-05,0.0,3e-05,0.0,0.0,0.0,135.6,66.2,100195;96414;96415;97344,
2026-07-20,2026-07-20T13:05:01,16,FPO,184736,Jennifer Smiley,934,36,337.75,0.00187,0.0,1.0,0.12846,0.00121,0.0,497.7,39.9,96414;96415;96416;97344;96417;96418,
2026-07-20,2026-07-20T13:05:01,16,FPO,185057,Josefine Johansson,934,76,81.0,3e-05,0.0,0.00023,0.0,2e-05,0.0,105.2,75.1,97344,
2026-07-20,2026-07-20T13:05:01,16,FPO,185534,Sofia Donnecke,961,24,547.5,0.16283,0.00576,1.0,0.99829,0.14622,0.0,781.9,28.0,96414;96418,
2026-07-20,2026-07-20T13:05:01,16,FPO,185627,Athena Cuevas,866,137,14.0,0.0,0.0,0.0,0.0,0.0,0.0,14.0,142.3,,
2026-07-20,2026-07-20T13:05:01,16,FPO,186277,Kassandra Fog Wichmann,871,149,6.0,0.0,0.0,0.0,0.0,0.0,0.0,6.0,154.6,,
2026-07-20,2026-07-20T13:05:01,16,FPO,186629,Sanne Dalseth,880,139,13.5,0.0,0.0,0.0,0.0,0.0,0.0,13.5,143.6,,
2026-07-20,2026-07-20T13:05:01,16,FPO,188837,JJ Sun,883,183,0.0,0.0,0.0,0.0,0.0,0.0,0.0,0.0,201.8,,
2026-07-20,2026-07-20T13:05:01,16,FPO,189702,Taylor Chocek,947,15,749.95,0.27323,0.26383,1.0,1.0,0.00914,0.0,965.7,19.9,96414;96415;96416;96418;96419,
2026-07-20,2026-07-20T13:05:01,16,FPO,193215,Lexi Marx,929,113,25.5,1e-05,0.0,2e-05,0.0,0.0,0.0,64.0,92.3,96414;97344,
2026-07-20,2026-07-20T13:05:01,16,FPO,195549,Kylie Kohut,933,43,285.0,0.00055,0.0,0.99899,0.00111,0.00036,0.0,372.7,46.7,100195;96414;96415;96418,
2026-07-20,2026-07-20T13:05:01,16,FPO,195550,Peyton Kohut,913,88,52.5,0.0,0.0,0.0,0.0,0.0,0.0,83.3,82.0,100195;96414;96415,
2026-07-20,2026-07-20T13:05:01,16,FPO,196237,Kaire Tekku,923,79,78.75,0.0,0.0,0.0,0.0,0.0,0.0,78.8,84.0,,
2026-07-20,2026-07-20T13:05:01,16,FPO,197689,Isabella Parker,877,129,18.0,0.0,0.0,0.0,0.0,0.0,0.0,18.0,136.1,,
2026-07-20,2026-07-20T13:05:01,16,FPO,198446,Eliezra Midtlyng,948,11,833.58,0.68365,0.6829,1.0,1.0,0.00071,0.0,1037.6,17.2,96414;96415;96416;97344;96417;96418;96419,
2026-07-20,2026-07-20T13:05:01,16,FPO,198721,Hannah Kellar,898,100,38.0,0.0,0.0,0.0,0.0,0.0,0.0,38.0,104.4,,
2026-07-20,2026-07-20T13:05:01,16,FPO,202571,Elizabete Pēkšena,932,50,205.5,0.00036,0.0,0.05315,0.0,0.00034,0.0,247.2,55.9,97344;96418,
2026-07-20,2026-07-20T13:05:01,16,FPO,208576,Rebecca Don,961,9,926.99,0.99935,0.99935,1.0,1.0,0.0,0.0,1236.8,10.8,96414;96415;96416;97344;96418;96419,
2026-07-20,2026-07-20T13:05:01,16,FPO,209432,Eden Fletcher,905,101,38.0,0.0,0.0,0.0,0.0,0.0,0.0,38.0,103.8,,
2026-07-20,2026-07-20T13:05:01,16,FPO,209462,Erika Apple,854,171,2.0,0.0,0.0,0.0,0.0,0.0,0.0,2.0,173.5,,
2026-07-20,2026-07-20T13:05:01,16,FPO,210287,Mara Neal,864,164,2.0,0.0,0.0,0.0,0.0,0.0,0.0,2.0,171.9,,
2026-07-20,2026-07-20T13:05:01,16,FPO,210972,Kristýna Jurčíková,970,38,331.0,0.26173,0.00077,1.0,0.56871,0.23559,0.0,650.6,33.9,97344;96418,
2026-07-20,2026-07-20T13:05:01,16,FPO,214417,Fleur Verberk,899,199,0.0,0.0,0.0,0.0,0.0,0.0,0.0,2.3,184.7,97344,
2026-07-20,2026-07-20T13:05:01,16,FPO,215439,Sheliemae Lai,946,71,92.0,0.0,0.0,0.0,0.0,0.0,0.0,92.0,77.0,,
2026-07-20,2026-07-20T13:05:01,16,FPO,215495,Kelsey Martin,877,206,0.0,0.0,0.0,0.0,0.0,0.0,0.0,2.0,179.9,97344,
2026-07-20,2026-07-20T13:05:01,16,FPO,216558,Iida Lehtomäki,963,29,430.25,0.11773,1e-05,1.0,0.28412,0.10633,0.0,574.8,37.1,97344;96418,
2026-07-20,2026-07-20T13:05:01,16,FPO,217892,Katie Tews,892,114,25.5,0.0,0.0,0.0,0.0,0.0,0.0,25.5,118.5,,
2026-07-20,2026-07-20T13:05:01,16,FPO,218760,Sarah Duran,865,142,11.0,0.0,0.0,0.0,0.0,0.0,0.0,11.0,147.6,,
2026-07-20,2026-07-20T13:05:01,16,FPO,218779,Amanda Brightwell,831,167,2.0,0.0,0.0,0.0,0.0,0.0,0.0,2.0,175.0,,
2026-07-20,2026-07-20T13:05:01,16,FPO,219693,Anna Damberga,864,125,21.0,0.0,0.0,0.0,0.0,0.0,0.0,21.0,129.9,,
2026-07-20,2026-07-20T13:05:01,16,FPO,221583,Evie Lou Ramey,894,186,0.0,0.0,0.0,0.0,0.0,0.0,0.0,1.9,191.3,100195,
2026-07-20,2026-07-20T13:05:01,16,FPO,222693,Tanisha Platero,856,158,2.0,0.0,0.0,0.0,0.0,0.0,0.0,2.0,163.0,,
2026-07-20,2026-07-20T13:05:01,16,FPO,222973,Martje Sumowski,913,107,33.0,0.0,0.0,0.0,0.0,0.0,0.0,33.0,111.3,,
2026-07-20,2026-07-20T13:05:01,16,FPO,223975,Laura Tatiana Niño Carranza,875,153,2.0,0.0,0.0,0.0,0.0,0.0,0.0,4.0,158.5,97344,
2026-07-20,2026-07-20T13:05:01,16,FPO,224238,Julia Fors,962,30,428.5,0.14396,0.00108,1.0,0.79769,0.13354,0.0,682.5,32.5,97344;96418,
2026-07-20,2026-07-20T13:05:01,16,FPO,225016,Naomi Suyat,869,182,0.0,0.0,0.0,0.0,0.0,0.0,0.0,0.0,200.0,,
2026-07-20,2026-07-20T13:05:01,16,FPO,227315,Sarah Wadsworth,901,187,0.0,0.0,0.0,0.0,0.0,0.0,0.0,14.3,141.4,100195;96415,
2026-07-20,2026-07-20T13:05:01,16,FPO,228486,Stefani Ewell,857,143,10.0,0.0,0.0,0.0,0.0,0.0,0.0,10.0,148.7,,
2026-07-20,2026-07-20T13:05:01,16,FPO,229526,Sintija Klezberga,955,16,737.5,0.72526,0.72189,1.0,1.0,0.00303,0.0,1048.7,16.8,96414;96415;97344;96417;96418;96419,
2026-07-20,2026-07-20T13:05:01,16,FPO,231650,Tailey Rowley,911,68,96.25,0.0,0.0,0.0,0.0,0.0,0.0,100.1,75.1,97344,
2026-07-20,2026-07-20T13:05:01,16,FPO,232666,Rebecka Hoppe,850,150,6.0,0.0,0.0,0.0,0.0,0.0,0.0,6.0,155.0,,
2026-07-20,2026-07-20T13:05:01,16,FPO,232722,Julia Hauch,911,203,0.0,0.0,0.0,0.0,0.0,0.0,0.0,3.8,177.6,97344,
2026-07-20,2026-07-20T13:05:01,16,FPO,235368,Madalyn Payton,896,173,0.0,0.0,0.0,0.0,0.0,0.0,0.0,0.0,205.0,,
2026-07-20,2026-07-20T13:05:01,16,FPO,238187,Ann Deputy,918,78,80.25,0.0,0.0,1e-05,0.0,0.0,0.0,86.8,80.3,97344,
2026-07-20,2026-07-20T13:05:01,16,FPO,240590,Amelia Saechao,873,117,24.0,0.0,0.0,0.0,0.0,0.0,0.0,24.0,120.4,,
2026-07-20,2026-07-20T13:05:01,16,FPO,242116,Eva Lutsenko,924,122,21.75,0.0,0.0,0.0,0.0,0.0,0.0,21.8,127.5,,
2026-07-20,2026-07-20T13:05:01,16,FPO,242331,Ida Kennmark,867,138,13.5,0.0,0.0,0.0,0.0,0.0,0.0,13.5,144.1,,
2026-07-20,2026-07-20T13:05:01,16,FPO,245180,Chelsea Sutton,859,168,2.0,0.0,0.0,0.0,0.0,0.0,0.0,2.0,176.0,,
2026-07-20,2026-07-20T13:05:01,16,FPO,245306,Netta Leppäaho,945,64,105.75,0.0,0.0,0.0,0.0,0.0,0.0,105.8,72.7,,
2026-07-20,2026-07-20T13:05:01,16,FPO,245317,Sophi Stephenson,859,140,12.0,0.0,0.0,0.0,0.0,0.0,0.0,12.0,145.5,,
2026-07-20,2026-07-20T13:05:01,16,FPO,254333,Jess Zilch,874,127,19.5,0.0,0.0,0.0,0.0,0.0,0.0,19.5,132.3,,
2026-07-20,2026-07-20T13:05:01,16,FPO,255962,Samantha Zaborowski,901,210,0.0,0.0,0.0,0.0,0.0,0.0,0.0,2.4,193.7,97344,
2026-07-20,2026-07-20T13:05:01,16,FPO,256846,Lea Tomas,888,207,0.0,0.0,0.0,0.0,0.0,0.0,0.0,2.0,186.9,97344,
2026-07-20,2026-07-20T13:05:01,16,FPO,259972,Marion Mattsson,858,141,11.25,0.0,0.0,0.0,0.0,0.0,0.0,11.2,146.5,,
2026-07-20,2026-07-20T13:05:01,16,FPO,261058,Jessica Erickson,891,91,49.0,0.0,0.0,0.0,0.0,0.0,0.0,49.0,96.4,,
2026-07-20,2026-07-20T13:05:01,16,FPO,261216,Victoria Christensen,863,132,17.25,0.0,0.0,0.0,0.0,0.0,0.0,17.2,138.4,,
2026-07-20,2026-07-20T13:05:01,16,FPO,268900,Natalie Berg,883,126,19.5,0.0,0.0,0.0,0.0,0.0,0.0,19.5,131.2,,
2026-07-20,2026-07-20T13:05:01,16,FPO,269838,Daisy Kelly,882,181,0.0,0.0,0.0,0.0,0.0,0.0,0.0,0.0,198.3,,
2026-07-20,2026-07-20T13:05:01,16,FPO,277832,Chandler Reigh,939,25,463.25,0.01406,2e-05,1.0,0.96999,0.01262,0.0,682.5,32.8,100195;96414;96415;96416;97344;96417;96418,
2026-07-20,2026-07-20T13:05:01,16,FPO,278450,Brit Hamburg-Kiin,854,111,28.5,0.0,0.0,0.0,0.0,0.0,0.0,28.5,114.2,,
2026-07-20,2026-07-20T13:05:01,16,FPO,279466,Gry Nagel,820,131,18.0,0.0,0.0,0.0,0.0,0.0,0.0,18.0,136.2,,
2026-07-20,2026-07-20T13:05:01,16,FPO,281626,Una Lokmane,878,110,28.5,0.0,0.0,0.0,0.0,0.0,0.0,28.5,115.1,,
2026-07-20,2026-07-20T13:05:01,16,FPO,284553,Katherine Aydelott,861,148,6.0,0.0,0.0,0.0,0.0,0.0,0.0,6.0,155.8,,
2026-07-20,2026-07-20T13:05:01,16,FPO,286978,Michelle Southworth,800,166,2.0,0.0,0.0,0.0,0.0,0.0,0.0,2.0,174.1,,
2026-07-20,2026-07-20T13:05:01,16,FPO,288014,Jordan Coomes,840,128,18.0,0.0,0.0,0.0,0.0,0.0,0.0,18.0,134.3,,
2026-07-20,2026-07-20T13:05:01,16,FPO,297287,Marta Villa,856,163,2.0,0.0,0.0,0.0,0.0,0.0,0.0,2.0,168.4,,
2026-07-20,2026-07-20T13:05:01,16,FPO,302765,Grace Wilson,891,200,0.0,0.0,0.0,0.0,0.0,0.0,0.0,2.1,188.2,97344,
2026-07-20,2026-07-20T13:05:01,16,FPO,308525,Saga Dahlstedt,917,58,127.5,0.0,0.0,0.0,0.0,0.0,0.0,127.5,67.6,,
2026-07-20,2026-07-20T13:05:01,16,FPO,311218,Mina Alme,902,104,35.25,0.0,0.0,0.0,0.0,0.0,0.0,35.2,108.5,,
2026-07-23,2026-07-23T12:23:33,16,FPO,3024,Chris O'Cleary,914,196,0.0,0.0,0.0,0.0,0.0,0.0,0.0,4.8,183.7,97344,
2026-07-23,2026-07-23T12:23:33,16,FPO,3090,Elaine King,888,197,0.0,0.0,0.0,0.0,0.0,0.0,0.0,2.0,187.7,97344,
2026-07-23,2026-07-23T12:23:33,16,FPO,8803,Ruth Steele,872,161,2.0,0.0,0.0,0.0,0.0,0.0,0.0,2.0,166.3,,
2026-07-23,2026-07-23T12:23:33,16,FPO,15354,Jennifer Allen,967,39,313.0,0.2748,0.0208,1.0,0.93948,0.21313,0.0,776.4,28.3,96414;96415;97344;96418,
2026-07-23,2026-07-23T12:23:33,16,FPO,27832,Kona Star Montgomery,949,23,553.0,0.11158,0.07516,1.0,1.0,0.03194,0.0,881.7,23.5,96414;96415;96416;97344;96417;96418;96419,
2026-07-23,2026-07-23T12:23:33,16,FPO,29190,Paige Pierce,968,19,693.17,0.88102,0.875,1.0,1.0,0.00597,0.0,1111.1,14.6,96414;96416;97344;96418;96419,
2026-07-23,2026-07-23T12:23:33,16,FPO,29947,Stephanie Vincent,925,112,28.0,0.0,0.0,0.0,0.0,0.0,0.0,28.0,116.9,,
2026-07-23,2026-07-23T12:23:33,16,FPO,31041,Sheila Teves,883,179,0.0,0.0,0.0,0.0,0.0,0.0,0.0,0.0,205.2,,
2026-07-23,2026-07-23T12:23:33,16,FPO,32654,Lisa Fajkus,958,22,593.83,0.34754,0.29933,1.0,1.0,0.04056,0.0,964.6,20.1,96414;96415;96416;96417;96418;96419,
2026-07-23,2026-07-23T12:23:33,16,FPO,32917,Rebecca Cox,951,32,397.0,0.07315,0.01064,1.0,0.98875,0.05308,0.0,773.2,28.5,96414;96415;96416;97344;96417;96418,
2026-07-23,2026-07-23T12:23:33,16,FPO,32925,Lindsay Fish,882,154,2.0,0.0,0.0,0.0,0.0,0.0,0.0,2.0,170.9,,
2026-07-23,2026-07-23T12:23:33,16,FPO,34563,Sarah Hokom,949,67,101.0,0.02308,0.0,0.92362,0.05788,0.01508,0.0,434.6,43.5,96414;96415;96416;97344;96417;96418,
2026-07-23,2026-07-23T12:23:33,16,FPO,35321,Sofie Björlycke,936,75,83.25,0.0,0.0,0.0,0.0,0.0,0.0,83.2,80.4,,
2026-07-23,2026-07-23T12:23:33,16,FPO,35774,Camilla Jernberg,873,147,7.5,0.0,0.0,0.0,0.0,0.0,0.0,7.5,153.0,,
2026-07-23,2026-07-23T12:23:33,16,FPO,36307,Amanda Branch,887,193,0.0,0.0,0.0,0.0,0.0,0.0,0.0,2.0,188.7,97344,
2026-07-23,2026-07-23T12:23:33,16,FPO,39504,Zoe AnDyke,930,80,77.0,0.0,0.0,0.0,0.0,0.0,0.0,77.0,85.2,,
2026-07-23,2026-07-23T12:23:33,16,FPO,43995,Taylor Foth,902,177,0.0,0.0,0.0,0.0,0.0,0.0,0.0,0.0,202.7,,
2026-07-23,2026-07-23T12:23:33,16,FPO,44184,Catrina Allen,961,7,1014.58,1.0,1.0,1.0,1.0,0.0,0.0,1298.0,9.4,100195;96414;96415;96416;97344;96417;96418;96419,
2026-07-23,2026-07-23T12:23:33,16,FPO,45407,Brittney Armentrout,851,157,2.0,0.0,0.0,0.0,0.0,0.0,0.0,2.0,164.1,,
2026-07-23,2026-07-23T12:23:33,16,FPO,48199,Alison Blakeman,870,184,0.0,0.0,0.0,0.0,0.0,0.0,0.0,0.0,207.4,,
2026-07-23,2026-07-23T12:23:33,16,FPO,48976,Ohn Scoggins,990,3,1469.0,1.0,1.0,1.0,1.0,0.0,0.36121,2222.6,1.8,100195;96414;96415;96416;97344;96417;96418;96419,
2026-07-23,2026-07-23T12:23:33,16,FPO,50656,Jessica Gurthie,955,17,734.0,1.0,0.90506,1.0,1.0,0.00053,0.0,1111.8,14.6,96414;96415;96416;97344;96417;96418;96419,
2026-07-23,2026-07-23T12:23:33,16,FPO,51277,Holly Finley,929,49,214.0,0.00037,0.0,0.84936,0.00045,0.00017,0.0,329.8,49.6,96414;96415;97344;96417;96418,
2026-07-23,2026-07-23T12:23:33,16,FPO,58303,Sai Ananda,949,66,102.0,0.00439,0.0,0.01449,5e-05,0.00374,0.0,177.4,63.0,97344,
2026-07-23,2026-07-23T12:23:33,16,FPO,59227,Henna Blomroos,969,10,890.0,1.0,0.99445,1.0,1.0,2e-05,0.0,1201.5,11.7,96414;97344;96418;96419,
2026-07-23,2026-07-23T12:23:33,16,FPO,59431,Madison Walker,951,20,652.83,0.1264,0.08347,1.0,1.0,0.03709,0.0,894.6,22.9,96414;96415;96416;97344;96417;96418;96419,
2026-07-23,2026-07-23T12:23:33,16,FPO,60798,Madison Tomaino,921,74,83.5,0.0,0.0,0.0,0.0,0.0,0.0,121.2,69.3,96416,
2026-07-23,2026-07-23T12:23:33,16,FPO,61144,Emily Beach,901,174,0.0,0.0,0.0,0.0,0.0,0.0,0.0,0.0,205.9,,
2026-07-23,2026-07-23T12:23:33,16,FPO,61990,Katka Boďová,916,92,48.0,0.0,0.0,0.0,0.0,0.0,0.0,48.0,97.9,,
2026-07-23,2026-07-23T12:23:33,16,FPO,62879,Valerie Mandujano,975,13,799.16,1.0,1.0,1.0,1.0,0.0,0.0,1433.6,7.5,96414;96415;96416;97344;96417;96418;96419,
2026-07-23,2026-07-23T12:23:33,16,FPO,62880,Alexis Mandujano,960,35,352.5,0.23453,0.1181,1.0,0.99887,0.09429,0.0,880.4,23.6,96414;96415;96416;97344;96417;96418,
2026-07-23,2026-07-23T12:23:33,16,FPO,63257,Maria Oliva,920,46,237.0,0.0001,0.0,0.99307,0.00016,4e-05,0.0,340.2,48.8,96414;96415;96416;97344;96417;96418,
2026-07-23,2026-07-23T12:23:33,16,FPO,64927,Eveliina Salonen,988,6,1164.67,1.0,1.0,1.0,1.0,0.0,0.0,1657.4,5.5,96414;97344;96418;96419,
2026-07-23,2026-07-23T12:23:33,16,FPO,65489,Lauren Butler,916,55,157.75,1e-05,0.0,0.01997,0.0,0.0,0.0,224.4,57.7,96414;96415;97344;96417,
2026-07-23,2026-07-23T12:23:33,16,FPO,66063,Ashlee Johnson,859,178,0.0,0.0,0.0,0.0,0.0,0.0,0.0,0.0,201.3,,
2026-07-23,2026-07-23T12:23:33,16,FPO,66599,Heidi Laine,959,12,824.75,0.96099,0.96091,1.0,1.0,8e-05,0.0,1136.6,13.7,100195;96414;96415;96416;97344;96418;96419,
2026-07-23,2026-07-23T12:23:33,16,FPO,69584,Danielle Weigandt,853,160,2.0,0.0,0.0,0.0,0.0,0.0,0.0,2.0,161.1,,
2026-07-23,2026-07-23T12:23:33,16,FPO,71262,Erika Stinchcomb,920,45,261.25,5e-05,0.0,0.99947,0.00021,1e-05,0.0,357.1,47.5,96414;96415;96416;97344;96417;96418,
2026-07-23,2026-07-23T12:23:33,16,FPO,72635,Kersti Miller,890,105,34.5,0.0,0.0,0.0,0.0,0.0,0.0,34.5,110.2,,
2026-07-23,2026-07-23T12:23:33,16,FPO,74708,Casey Pennington,916,99,39.5,0.0,0.0,0.0,0.0,0.0,0.0,39.5,103.0,,
2026-07-23,2026-07-23T12:23:33,16,FPO,75029,Cynthia Ricciotti,917,62,107.25,1e-05,0.0,0.0024,0.0,0.0,0.0,177.2,61.4,100195;96414;96415;97344;96417,
2026-07-23,2026-07-23T12:23:33,16,FPO,76009,Virginia Polkinghorne,884,186,0.0,0.0,0.0,0.0,0.0,0.0,0.0,0.9,200.2,100195,
2026-07-23,2026-07-23T12:23:33,16,FPO,77385,Matilda Ringbom,947,44,274.0,0.01015,0.0,0.38252,4e-05,0.00958,0.0,333.0,49.6,96418,
2026-07-23,2026-07-23T12:23:33,16,FPO,78232,Tiger Borth,899,124,21.0,0.0,0.0,0.0,0.0,0.0,0.0,23.3,124.6,97344,
2026-07-23,2026-07-23T12:23:33,16,FPO,79233,Cadence Burge,971,69,95.25,0.40674,0.02401,0.99988,0.86482,0.2794,0.0,759.9,29.0,96414;96415;96416;97344;96417;96418,
2026-07-23,2026-07-23T12:23:33,16,FPO,80935,Lindsey Maas,902,108,32.25,0.0,0.0,0.0,0.0,0.0,0.0,39.3,105.2,96414;97344,
2026-07-23,2026-07-23T12:23:33,16,FPO,82809,Alex von Stade,893,121,22.0,0.0,0.0,0.0,0.0,0.0,0.0,22.0,126.4,,
2026-07-23,2026-07-23T12:23:33,16,FPO,83376,Cassandra Lioi,890,146,8.0,0.0,0.0,0.0,0.0,0.0,0.0,8.0,152.0,,
2026-07-23,2026-07-23T12:23:33,16,FPO,84279,Kaidi Allsalu,956,51,203.62,0.04504,0.0,0.0,0.0,0.04244,0.0,300.7,52.0,,
2026-07-23,2026-07-23T12:23:33,16,FPO,85189,Samantha Bonacci,870,133,16.5,0.0,0.0,0.0,0.0,0.0,0.0,16.5,139.4,,
2026-07-23,2026-07-23T12:23:33,16,FPO,85484,Anneli Tõugjas-Männiste,957,26,457.5,0.13511,0.02407,1.0,0.99833,0.09021,0.0,812.3,26.6,96414;96415;97344;96417;96418,
2026-07-23,2026-07-23T12:23:33,16,FPO,85942,Missy Gannon,985,4,1384.83,1.0,1.0,1.0,1.0,0.0,0.00123,1898.0,4.0,96414;96415;96416;97344;96417;96418;96419,
2026-07-23,2026-07-23T12:23:33,16,FPO,87094,Rose Shertick,918,209,0.0,0.0,0.0,0.0,0.0,0.0,0.0,6.5,181.9,97344,
2026-07-23,2026-07-23T12:23:33,16,FPO,87443,Andrea Cammack,874,159,2.0,0.0,0.0,0.0,0.0,0.0,0.0,2.0,162.1,,
2026-07-23,2026-07-23T12:23:33,16,FPO,94085,Keiti Tätte,957,53,184.12,0.03128,0.0,0.0,0.0,0.02942,0.0,244.9,56.4,,
2026-07-23,2026-07-23T12:23:33,16,FPO,96090,Sonja Laine,899,103,36.0,0.0,0.0,0.0,0.0,0.0,0.0,36.0,107.4,,
2026-07-23,2026-07-23T12:23:33,16,FPO,96480,Tori Pasquin,833,170,2.0,0.0,0.0,0.0,0.0,0.0,0.0,2.0,170.2,,
2026-07-23,2026-07-23T12:23:33,16,FPO,97238,Jannicke Hjemli,862,144,9.75,0.0,0.0,0.0,0.0,0.0,0.0,9.8,149.7,,
2026-07-23,2026-07-23T12:23:33,16,FPO,99441,Lykke Lorentzen,923,95,43.0,0.0,0.0,1e-05,0.0,0.0,0.0,59.1,92.0,100195;97344,
2026-07-23,2026-07-23T12:23:33,16,FPO,99455,Kat Mertsch,964,8,1004.67,1.0,1.0,1.0,1.0,0.0,0.0,1334.6,8.8,96414;96415;96416;97344;96417;96418;96419,
2026-07-23,2026-07-23T12:23:33,16,FPO,101767,Sunny Stansbury,836,187,0.0,0.0,0.0,0.0,0.0,0.0,0.0,0.0,210.5,100195,
2026-07-23,2026-07-23T12:23:33,16,FPO,101949,Ratana McMahon,885,56,129.75,0.0,0.0,0.0,0.0,0.0,0.0,135.6,65.5,96415,
2026-07-23,2026-07-23T12:23:33,16,FPO,102024,Danielle Keen,896,176,0.0,0.0,0.0,0.0,0.0,0.0,0.0,0.0,204.3,,
2026-07-23,2026-07-23T12:23:33,16,FPO,103743,Karen Martel,926,136,15.0,0.0,0.0,0.0,0.0,0.0,0.0,27.8,126.0,97344,
2026-07-23,2026-07-23T12:23:33,16,FPO,104187,Macie Velediaz,957,41,294.67,0.091,0.0005,1.0,0.60452,0.07033,0.0,626.5,34.9,96414;97344;96417;96418,
2026-07-23,2026-07-23T12:23:33,16,FPO,104314,Violet Main,945,40,301.0,0.01024,0.0,1.0,0.06124,0.00696,0.0,461.2,41.8,96414;97344;96417;96418,
2026-07-23,2026-07-23T12:23:33,16,FPO,104814,Ellie Bryant,904,118,23.75,0.0,0.0,0.0,0.0,0.0,0.0,23.8,122.4,,
2026-07-23,2026-07-23T12:23:33,16,FPO,105126,Aria Castruita,949,93,46.5,0.0,0.0,0.0,0.0,0.0,0.0,46.5,99.0,,
2026-07-23,2026-07-23T12:23:33,16,FPO,106489,Anna Pinter,875,123,21.75,0.0,0.0,0.0,0.0,0.0,0.0,21.8,128.4,,
2026-07-23,2026-07-23T12:23:33,16,FPO,107297,Maria Liivamägi,857,116,24.0,0.0,0.0,0.0,0.0,0.0,0.0,24.0,120.9,,
2026-07-23,2026-07-23T12:23:33,16,FPO,107335,Silva Saarinen,991,2,1585.84,1.0,1.0,1.0,1.0,0.0,0.58212,2266.7,1.5,96414;96415;96416;97344;96418;96419,
2026-07-23,2026-07-23T12:23:33,16,FPO,108871,Brook Johnson,905,115,24.0,0.0,0.0,0.0,0.0,0.0,0.0,26.7,117.5,97344,
2026-07-23,2026-07-23T12:23:33,16,FPO,109337,Cathy Kuhn,860,175,0.0,0.0,0.0,0.0,0.0,0.0,0.0,0.0,205.6,,
2026-07-23,2026-07-23T12:23:33,16,FPO,109996,Anniken Kristiansen Steen,964,18,700.29,0.25978,0.13562,1.0,1.0,0.12153,0.0,914.2,22.1,97344;96418;96419,
2026-07-23,2026-07-23T12:23:33,16,FPO,111487,Emily Weatherman,958,14,777.83,0.95231,0.95206,1.0,1.0,0.00021,0.0,1140.1,13.6,96414;96415;96416;97344;96417;96418;96419,
2026-07-23,2026-07-23T12:23:33,16,FPO,112647,Hanna Huynh,962,21,600.0,0.84066,0.83447,1.0,1.0,0.00536,0.0,1099.5,15.1,96414;96415;96416;97344;96417;96418;96419,
2026-07-23,2026-07-23T12:23:33,16,FPO,115503,Olivia Kindstedt,946,52,189.0,0.00857,0.0,0.15354,0.00031,0.00785,0.0,293.3,52.5,97344,
2026-07-23,2026-07-23T12:23:33,16,FPO,116694,Kristi Unt,925,94,45.0,0.0,0.0,0.0,0.0,0.0,0.0,45.0,100.2,,
2026-07-23,2026-07-23T12:23:33,16,FPO,121554,Elina Rydberg,898,119,23.25,0.0,0.0,0.0,0.0,0.0,0.0,23.2,123.4,,
2026-07-23,2026-07-23T12:23:33,16,FPO,124064,Shelby Cowen,914,57,129.0,1e-05,0.0,0.0007,0.0,0.0,0.0,182.8,60.9,96414;96415;96417,
2026-07-23,2026-07-23T12:23:33,16,FPO,126226,Kati Chachere,843,169,2.0,0.0,0.0,0.0,0.0,0.0,0.0,2.0,169.0,,
2026-07-23,2026-07-23T12:23:33,16,FPO,128395,Michelle Saggboy,894,155,2.0,0.0,0.0,0.0,0.0,0.0,0.0,2.0,178.1,,
2026-07-23,2026-07-23T12:23:33,16,FPO,128532,Maarja Soasepp,905,96,42.0,0.0,0.0,0.0,0.0,0.0,0.0,42.0,101.8,,
2026-07-23,2026-07-23T12:23:33,16,FPO,130187,Kat Johnson,910,204,0.0,0.0,0.0,0.0,0.0,0.0,0.0,3.6,177.1,97344,
2026-07-23,2026-07-23T12:23:33,16,FPO,130342,Chantel Budinsky,957,86,58.5,0.04834,0.0,0.11197,0.00102,0.0318,0.0,272.4,54.9,97344;96417,
2026-07-23,2026-07-23T12:23:33,16,FPO,130822,Hannah Manis,932,201,0.0,0.0,0.0,0.0,0.0,0.0,0.0,20.6,149.2,97344,
2026-07-23,2026-07-23T12:23:33,16,FPO,131583,Hannah Lengel,954,190,0.0,0.01274,0.0,0.00078,0.0,0.00216,0.0,124.9,72.3,96414;96417,
2026-07-23,2026-07-23T12:23:33,16,FPO,132291,Ashley Phelps,904,120,23.0,0.0,0.0,0.0,0.0,0.0,0.0,23.0,124.9,,
2026-07-23,2026-07-23T12:23:33,16,FPO,132627,Jenn Cazanov-Diggs,905,152,2.0,0.0,0.0,0.0,0.0,0.0,0.0,2.0,169.9,,
2026-07-23,2026-07-23T12:23:33,16,FPO,133547,Holyn Handley,986,1,1668.34,1.0,1.0,1.0,1.0,0.0,0.05544,2085.0,2.8,96414;96415;96416;97344;96418;96419,
2026-07-23,2026-07-23T12:23:33,16,FPO,133701,Nathalie Ortiz,907,83,64.25,0.0,0.0,0.0,0.0,0.0,0.0,64.2,89.0,,
2026-07-23,2026-07-23T12:23:33,16,FPO,135383,Emma Arp,912,189,0.0,0.0,0.0,0.0,0.0,0.0,0.0,4.4,168.4,100195,
2026-07-23,2026-07-23T12:23:33,16,FPO,138272,Raven Klein,941,27,452.5,0.01818,0.00037,1.0,0.95823,0.01597,0.0,689.4,32.4,96414;96415;96416;97344;96417;96418,
2026-07-23,2026-07-23T12:23:33,16,FPO,139109,Leah Tsinajinnie,927,82,71.0,1e-05,0.0,3e-05,0.0,0.0,0.0,84.9,82.7,97344,
2026-07-23,2026-07-23T12:23:33,16,FPO,139387,Hanna Jansson,903,90,50.25,0.0,0.0,0.0,0.0,0.0,0.0,50.2,95.2,,
2026-07-23,2026-07-23T12:23:33,16,FPO,139738,Megan Dophal,908,208,0.0,0.0,0.0,0.0,0.0,0.0,0.0,3.2,189.4,97344,
2026-07-23,2026-07-23T12:23:33,16,FPO,140660,María Eldey Kristínardóttir,916,72,91.5,0.0,0.0,0.0,0.0,0.0,0.0,91.5,78.1,,
2026-07-23,2026-07-23T12:23:33,16,FPO,140947,Nina Bennett,946,97,40.5,0.00441,0.0,0.00863,0.0,0.0015,0.0,150.3,67.4,97344;96417,
2026-07-23,2026-07-23T12:23:33,16,FPO,142259,Katheryn Maloney,901,205,0.0,0.0,0.0,0.0,0.0,0.0,0.0,2.4,179.0,97344,
2026-07-23,2026-07-23T12:23:33,16,FPO,142354,Alexis Kerman,921,54,176.0,1e-05,0.0,0.33154,1e-05,0.0,0.0,280.3,53.4,96414;96415;96416;97344;96417;96418,
2026-07-23,2026-07-23T12:23:33,16,FPO,143423,Ember Simonis,916,198,0.0,0.0,0.0,0.0,0.0,0.0,0.0,5.6,178.1,97344,
2026-07-23,2026-07-23T12:23:33,16,FPO,143720,Jessica Kinard,906,192,0.0,0.0,0.0,0.0,0.0,0.0,0.0,24.8,123.4,96416,
2026-07-23,2026-07-23T12:23:33,16,FPO,144112,Ella Hansen,976,5,1310.41,1.0,1.0,1.0,1.0,0.0,0.0,1652.6,5.6,96414;96415;96416;97344;96418;96419,
2026-07-23,2026-07-23T12:23:33,16,FPO,144791,Emily Yale,893,70,92.0,0.0,0.0,0.0,0.0,0.0,0.0,124.3,68.3,96415;96416;97344,
2026-07-23,2026-07-23T12:23:33,16,FPO,146137,Dani K. Hart,951,28,451.5,0.07044,0.00871,1.0,0.99816,0.05223,0.0,781.5,28.0,96414;96415;96416;97344;96417;96418,
2026-07-23,2026-07-23T12:23:33,16,FPO,146304,MJ Gager,933,34,355.83,0.00065,0.0,1.0,0.00269,0.00051,0.0,410.3,44.2,96415;97344;96418,
2026-07-23,2026-07-23T12:23:33,16,FPO,147050,Ali Smith,946,61,112.5,0.0,0.0,0.0,0.0,0.0,0.0,112.5,71.0,,
2026-07-23,2026-07-23T12:23:33,16,FPO,147393,Sadie Shattuck,866,134,16.0,0.0,0.0,0.0,0.0,0.0,0.0,16.0,141.1,,
2026-07-23,2026-07-23T12:23:33,16,FPO,149548,VicToria Scott,887,211,0.0,0.0,0.0,0.0,0.0,0.0,0.0,2.0,195.9,97344,
2026-07-23,2026-07-23T12:23:33,16,FPO,149803,Candyce Boyce,895,106,33.0,0.0,0.0,0.0,0.0,0.0,0.0,33.0,111.8,,
2026-07-23,2026-07-23T12:23:33,16,FPO,150057,Hailey Huber,932,77,81.0,0.0,0.0,0.0,0.0,0.0,0.0,81.0,82.8,,
2026-07-23,2026-07-23T12:23:33,16,FPO,151072,Jennifer Rice,894,130,18.0,0.0,0.0,0.0,0.0,0.0,0.0,18.0,136.0,,
2026-07-23,2026-07-23T12:23:33,16,FPO,152191,Kelley Foster,933,33,361.5,0.00173,0.0,1.0,0.19633,0.00128,0.0,519.7,38.9,96414;96415;96416;96417;96418,
2026-07-23,2026-07-23T12:23:33,16,FPO,154098,Ariel Walker,943,98,40.25,0.00022,0.0,0.00038,0.0,0.00012,0.0,83.5,84.5,97344,
2026-07-23,2026-07-23T12:23:33,16,FPO,155026,Amanda Lennartsson,947,31,409.0,0.00995,0.0,1.0,0.0294,0.00927,0.0,467.9,41.3,96418,
2026-07-23,2026-07-23T12:23:33,16,FPO,156259,Ella Tejler,898,81,73.5,0.0,0.0,0.0,0.0,0.0,0.0,73.5,86.5,,
2026-07-23,2026-07-23T12:23:33,16,FPO,156781,Audrey Wicklander,891,194,0.0,0.0,0.0,0.0,0.0,0.0,0.0,2.1,187.3,97344,
2026-07-23,2026-07-23T12:23:33,16,FPO,157471,Nid Ovathanasin,936,135,15.0,0.00011,0.0,0.00022,0.0,1e-05,0.0,73.0,90.4,96414;97344,
2026-07-23,2026-07-23T12:23:33,16,FPO,158385,Destyne Martinez,865,151,2.0,0.0,0.0,0.0,0.0,0.0,0.0,2.0,192.0,,
2026-07-23,2026-07-23T12:23:33,16,FPO,158461,Shiru Liu,914,84,63.5,0.0,0.0,0.0,0.0,0.0,0.0,63.5,90.1,,
2026-07-23,2026-07-23T12:23:33,16,FPO,160103,Jacquelyn DeLude,877,202,0.0,0.0,0.0,0.0,0.0,0.0,0.0,2.0,182.7,97344,
2026-07-23,2026-07-23T12:23:33,16,FPO,161231,Sarah May,856,165,2.0,0.0,0.0,0.0,0.0,0.0,0.0,2.0,173.5,,
2026-07-23,2026-07-23T12:23:33,16,FPO,161918,Addison Woodard,950,42,285.08,0.04235,0.00017,1.0,0.63813,0.03449,0.0,620.1,35.2,96415;96416;97344;96417;96418,
2026-07-23,2026-07-23T12:23:33,16,FPO,162735,Eden Fornoff,922,191,0.0,0.0,0.0,0.0,0.0,0.0,0.0,46.1,100.8,96415;96416,
2026-07-23,2026-07-23T12:23:33,16,FPO,162896,Therese Cuevas,937,48,231.5,0.001,0.0,0.24406,0.00014,0.00093,0.0,291.2,52.6,97344;96418,
2026-07-23,2026-07-23T12:23:33,16,FPO,164788,Alecia Hinkson,930,60,112.5,0.00047,0.0,0.06534,2e-05,0.00019,0.0,230.4,57.2,96414;96415;97344;96417,
2026-07-23,2026-07-23T12:23:33,16,FPO,165652,Ceci Vollbrecht,899,195,0.0,0.0,0.0,0.0,0.0,0.0,0.0,2.3,188.1,97344,
2026-07-23,2026-07-23T12:23:33,16,FPO,166082,Ashton Webberley,904,156,2.0,0.0,0.0,0.0,0.0,0.0,0.0,2.0,164.9,,
2026-07-23,2026-07-23T12:23:33,16,FPO,166749,Mackenzie Morris,884,145,9.0,0.0,0.0,0.0,0.0,0.0,0.0,9.0,150.8,,
2026-07-23,2026-07-23T12:23:33,16,FPO,167255,AK Kaestner,820,172,2.0,0.0,0.0,0.0,0.0,0.0,0.0,2.0,176.6,,
2026-07-23,2026-07-23T12:23:33,16,FPO,168863,Trinity Bryant,921,47,235.0,4e-05,0.0,0.76006,3e-05,2e-05,0.0,307.3,51.3,96414;96416;97344;96418,
2026-07-23,2026-07-23T12:23:33,16,FPO,170182,Rebecca Minnick,865,109,29.0,0.0,0.0,0.0,0.0,0.0,0.0,29.0,113.8,,
2026-07-23,2026-07-23T12:23:33,16,FPO,173601,Marie Kielas,914,89,51.0,0.0,0.0,0.0,0.0,0.0,0.0,51.0,94.2,,
2026-07-23,2026-07-23T12:23:33,16,FPO,176242,Morgan Lynds,931,73,87.75,1e-05,0.0,0.00027,0.0,1e-05,0.0,106.9,74.4,97344,
2026-07-23,2026-07-23T12:23:33,16,FPO,176243,Jordan Lynds,945,59,113.25,0.00474,0.0,0.07997,0.00013,0.0039,0.0,236.2,57.0,96414;97344,
2026-07-23,2026-07-23T12:23:33,16,FPO,176481,Karissa Dedmon,917,85,59.0,0.0,0.0,0.0,0.0,0.0,0.0,65.0,89.6,97344,
2026-07-23,2026-07-23T12:23:33,16,FPO,178707,Joleigh Miller,929,65,102.0,0.0,0.0,0.0,0.0,0.0,0.0,102.0,74.3,,
2026-07-23,2026-07-23T12:23:33,16,FPO,178748,Kendyl Sullivan,887,162,2.0,0.0,0.0,0.0,0.0,0.0,0.0,2.0,167.9,,
2026-07-23,2026-07-23T12:23:33,16,FPO,179200,Jamie Williams,863,180,0.0,0.0,0.0,0.0,0.0,0.0,0.0,0.0,211.2,,
2026-07-23,2026-07-23T12:23:33,16,FPO,179873,Jenny Larsson,921,87,54.0,0.0,0.0,0.0,0.0,0.0,0.0,54.0,92.9,,
2026-07-23,2026-07-23T12:23:33,16,FPO,181772,Ida Emilie Nesse,948,37,334.0,0.04303,0.0015,1.0,0.91049,0.03537,0.0,700.0,31.8,96414;96415;96416;97344;96417;96418,
2026-07-23,2026-07-23T12:23:33,16,FPO,182450,Kajsa Wahl,893,102,36.75,0.0,0.0,0.0,0.0,0.0,0.0,36.8,106.4,,
2026-07-23,2026-07-23T12:23:33,16,FPO,182582,Addison Clark,824,212,0.0,0.0,0.0,0.0,0.0,0.0,0.0,16.5,139.7,96417,
2026-07-23,2026-07-23T12:23:33,16,FPO,184609,Elva-Kate Preston,908,63,107.25,1e-05,0.0,3e-05,0.0,0.0,0.0,134.4,66.4,100195;96414;96415;97344,
2026-07-23,2026-07-23T12:23:33,16,FPO,184736,Jennifer Smiley,934,36,337.75,0.00186,0.0,1.0,0.12784,0.0012,0.0,497.4,39.9,96414;96415;96416;97344;96417;96418,
2026-07-23,2026-07-23T12:23:33,16,FPO,185057,Josefine Johansson,934,76,81.0,3e-05,0.0,0.00023,0.0,2e-05,0.0,105.1,75.1,97344,
2026-07-23,2026-07-23T12:23:33,16,FPO,185534,Sofia Donnecke,961,24,547.5,0.16282,0.00578,1.0,0.99826,0.14619,0.0,782.0,28.0,96414;96418,
2026-07-23,2026-07-23T12:23:33,16,FPO,185627,Athena Cuevas,866,137,14.0,0.0,0.0,0.0,0.0,0.0,0.0,14.0,142.2,,
2026-07-23,2026-07-23T12:23:33,16,FPO,186277,Kassandra Fog Wichmann,871,149,6.0,0.0,0.0,0.0,0.0,0.0,0.0,6.0,154.6,,
2026-07-23,2026-07-23T12:23:33,16,FPO,186629,Sanne Dalseth,880,139,13.5,0.0,0.0,0.0,0.0,0.0,0.0,13.5,143.5,,
2026-07-23,2026-07-23T12:23:33,16,FPO,188837,JJ Sun,883,183,0.0,0.0,0.0,0.0,0.0,0.0,0.0,0.0,201.9,,
2026-07-23,2026-07-23T12:23:33,16,FPO,189702,Taylor Chocek,947,15,749.95,0.27331,0.26391,1.0,1.0,0.00914,0.0,965.7,19.9,96414;96415;96416;96418;96419,
2026-07-23,2026-07-23T12:23:33,16,FPO,193215,Lexi Marx,929,113,25.5,1e-05,0.0,2e-05,0.0,0.0,0.0,64.0,92.6,96414;97344,
2026-07-23,2026-07-23T12:23:33,16,FPO,195549,Kylie Kohut,933,43,285.0,0.00056,0.0,0.99918,0.00114,0.00037,0.0,372.1,46.6,100195;96414;96415;96418,
2026-07-23,2026-07-23T12:23:33,16,FPO,195550,Peyton Kohut,913,88,52.5,0.0,0.0,0.0,0.0,0.0,0.0,82.2,82.5,100195;96414;96415,
2026-07-23,2026-07-23T12:23:33,16,FPO,196237,Kaire Tekku,923,79,78.75,0.0,0.0,0.0,0.0,0.0,0.0,78.8,84.0,,
2026-07-23,2026-07-23T12:23:33,16,FPO,197689,Isabella Parker,877,129,18.0,0.0,0.0,0.0,0.0,0.0,0.0,18.0,135.2,,
2026-07-23,2026-07-23T12:23:33,16,FPO,198446,Eliezra Midtlyng,948,11,833.58,0.68395,0.6832,1.0,1.0,0.00071,0.0,1037.6,17.2,96414;96415;96416;97344;96417;96418;96419,
2026-07-23,2026-07-23T12:23:33,16,FPO,198721,Hannah Kellar,898,100,38.0,0.0,0.0,0.0,0.0,0.0,0.0,38.0,105.0,,
2026-07-23,2026-07-23T12:23:33,16,FPO,202571,Elizabete Pēkšena,932,50,205.5,0.00038,0.0,0.05825,0.0,0.00036,0.0,247.3,55.9,97344;96418,
2026-07-23,2026-07-23T12:23:33,16,FPO,208576,Rebecca Don,961,9,926.99,0.99933,0.99933,1.0,1.0,0.0,0.0,1236.9,10.8,96414;96415;96416;97344;96418;96419,
2026-07-23,2026-07-23T12:23:33,16,FPO,209432,Eden Fletcher,905,101,38.0,0.0,0.0,0.0,0.0,0.0,0.0,38.0,104.4,,
2026-07-23,2026-07-23T12:23:33,16,FPO,209462,Erika Apple,854,171,2.0,0.0,0.0,0.0,0.0,0.0,0.0,2.0,173.5,,
2026-07-23,2026-07-23T12:23:33,16,FPO,210287,Mara Neal,864,164,2.0,0.0,0.0,0.0,0.0,0.0,0.0,2.0,171.9,,
2026-07-23,2026-07-23T12:23:33,16,FPO,210972,Kristýna Jurčíková,970,38,331.0,0.26246,0.00078,1.0,0.56975,0.2363,0.0,650.9,33.9,97344;96418,
2026-07-23,2026-07-23T12:23:33,16,FPO,214417,Fleur Verberk,899,199,0.0,0.0,0.0,0.0,0.0,0.0,0.0,2.3,184.7,97344,
2026-07-23,2026-07-23T12:23:33,16,FPO,215439,Sheliemae Lai,946,71,92.0,0.0,0.0,0.0,0.0,0.0,0.0,92.0,77.0,,
2026-07-23,2026-07-23T12:23:33,16,FPO,215495,Kelsey Martin,877,206,0.0,0.0,0.0,0.0,0.0,0.0,0.0,2.0,179.9,97344,
2026-07-23,2026-07-23T12:23:33,16,FPO,216558,Iida Lehtomäki,963,29,430.25,0.11864,1e-05,1.0,0.28503,0.1072,0.0,575.2,37.0,97344;96418,
2026-07-23,2026-07-23T12:23:33,16,FPO,217892,Katie Tews,892,114,25.5,0.0,0.0,0.0,0.0,0.0,0.0,25.5,119.1,,
2026-07-23,2026-07-23T12:23:33,16,FPO,218760,Sarah Duran,865,142,11.0,0.0,0.0,0.0,0.0,0.0,0.0,11.0,147.5,,
2026-07-23,2026-07-23T12:23:33,16,FPO,218779,Amanda Brightwell,831,167,2.0,0.0,0.0,0.0,0.0,0.0,0.0,2.0,175.0,,
2026-07-23,2026-07-23T12:23:33,16,FPO,219693,Anna Damberga,864,125,21.0,0.0,0.0,0.0,0.0,0.0,0.0,21.0,129.8,,
2026-07-23,2026-07-23T12:23:33,16,FPO,221583,Evie Lou Ramey,894,185,0.0,0.0,0.0,0.0,0.0,0.0,0.0,1.9,190.7,100195,
2026-07-23,2026-07-23T12:23:33,16,FPO,222693,Tanisha Platero,856,158,2.0,0.0,0.0,0.0,0.0,0.0,0.0,2.0,163.0,,
2026-07-23,2026-07-23T12:23:33,16,FPO,222973,Martje Sumowski,913,107,33.0,0.0,0.0,0.0,0.0,0.0,0.0,33.0,111.9,,
2026-07-23,2026-07-23T12:23:33,16,FPO,223975,Laura Tatiana Niño Carranza,875,153,2.0,0.0,0.0,0.0,0.0,0.0,0.0,4.0,158.5,97344,
2026-07-23,2026-07-23T12:23:33,16,FPO,224238,Julia Fors,962,30,428.5,0.14445,0.00108,1.0,0.79851,0.13402,0.0,682.7,32.5,97344;96418,
2026-07-23,2026-07-23T12:23:33,16,FPO,225016,Naomi Suyat,869,182,0.0,0.0,0.0,0.0,0.0,0.0,0.0,0.0,200.0,,
2026-07-23,2026-07-23T12:23:33,16,FPO,227315,Sarah Wadsworth,901,188,0.0,0.0,0.0,0.0,0.0,0.0,0.0,13.2,143.3,100195;96415,
2026-07-23,2026-07-23T12:23:33,16,FPO,228486,Stefani Ewell,857,143,10.0,0.0,0.0,0.0,0.0,0.0,0.0,10.0,148.6,,
2026-07-23,2026-07-23T12:23:33,16,FPO,229526,Sintija Klezberga,955,16,737.5,0.7249,0.72149,1.0,1.0,0.00307,0.0,1048.6,16.8,96414;96415;97344;96417;96418;96419,
2026-07-23,2026-07-23T12:23:33,16,FPO,231650,Tailey Rowley,911,68,96.25,0.0,0.0,0.0,0.0,0.0,0.0,100.1,75.0,97344,
2026-07-23,2026-07-23T12:23:33,16,FPO,232666,Rebecka Hoppe,850,150,6.0,0.0,0.0,0.0,0.0,0.0,0.0,6.0,154.9,,
2026-07-23,2026-07-23T12:23:33,16,FPO,232722,Julia Hauch,911,203,0.0,0.0,0.0,0.0,0.0,0.0,0.0,3.8,177.6,97344,
2026-07-23,2026-07-23T12:23:33,16,FPO,235368,Madalyn Payton,896,173,0.0,0.0,0.0,0.0,0.0,0.0,0.0,0.0,205.0,,
2026-07-23,2026-07-23T12:23:33,16,FPO,238187,Ann Deputy,918,78,80.25,0.0,0.0,1e-05,0.0,0.0,0.0,86.8,80.3,97344,
2026-07-23,2026-07-23T12:23:33,16,FPO,240590,Amelia Saechao,873,117,24.0,0.0,0.0,0.0,0.0,0.0,0.0,24.0,120.8,,
2026-07-23,2026-07-23T12:23:33,16,FPO,242116,Eva Lutsenko,924,122,21.75,0.0,0.0,0.0,0.0,0.0,0.0,21.8,127.7,,
2026-07-23,2026-07-23T12:23:33,16,FPO,242331,Ida Kennmark,867,138,13.5,0.0,0.0,0.0,0.0,0.0,0.0,13.5,144.1,,
2026-07-23,2026-07-23T12:23:33,16,FPO,245180,Chelsea Sutton,859,168,2.0,0.0,0.0,0.0,0.0,0.0,0.0,2.0,176.0,,
2026-07-23,2026-07-23T12:23:33,16,FPO,245306,Netta Leppäaho,945,64,105.75,0.0,0.0,0.0,0.0,0.0,0.0,105.8,72.7,,
2026-07-23,2026-07-23T12:23:33,16,FPO,245317,Sophi Stephenson,859,140,12.0,0.0,0.0,0.0,0.0,0.0,0.0,12.0,145.4,,
2026-07-23,2026-07-23T12:23:33,16,FPO,254333,Jess Zilch,874,127,19.5,0.0,0.0,0.0,0.0,0.0,0.0,19.5,131.9,,
2026-07-23,2026-07-23T12:23:33,16,FPO,255962,Samantha Zaborowski,901,210,0.0,0.0,0.0,0.0,0.0,0.0,0.0,2.4,193.7,97344,
2026-07-23,2026-07-23T12:23:33,16,FPO,256846,Lea Tomas,888,207,0.0,0.0,0.0,0.0,0.0,0.0,0.0,2.0,186.9,97344,
2026-07-23,2026-07-23T12:23:33,16,FPO,259972,Marion Mattsson,858,141,11.25,0.0,0.0,0.0,0.0,0.0,0.0,11.2,146.5,,
2026-07-23,2026-07-23T12:23:33,16,FPO,261058,Jessica Erickson,891,91,49.0,0.0,0.0,0.0,0.0,0.0,0.0,49.0,96.8,,
2026-07-23,2026-07-23T12:23:33,16,FPO,261216,Victoria Christensen,863,132,17.25,0.0,0.0,0.0,0.0,0.0,0.0,17.2,137.4,,
2026-07-23,2026-07-23T12:23:33,16,FPO,268900,Natalie Berg,883,126,19.5,0.0,0.0,0.0,0.0,0.0,0.0,19.5,130.9,,
2026-07-23,2026-07-23T12:23:33,16,FPO,269838,Daisy Kelly,882,181,0.0,0.0,0.0,0.0,0.0,0.0,0.0,0.0,198.3,,
2026-07-23,2026-07-23T12:23:33,16,FPO,277832,Chandler Reigh,939,25,463.25,0.01408,2e-05,1.0,0.96958,0.01264,0.0,682.3,32.8,100195;96414;96415;96416;97344;96417;96418,
2026-07-23,2026-07-23T12:23:33,16,FPO,278450,Brit Hamburg-Kiin,854,111,28.5,0.0,0.0,0.0,0.0,0.0,0.0,28.5,114.9,,
2026-07-23,2026-07-23T12:23:33,16,FPO,279466,Gry Nagel,820,131,18.0,0.0,0.0,0.0,0.0,0.0,0.0,18.0,134.6,,
2026-07-23,2026-07-23T12:23:33,16,FPO,281626,Una Lokmane,878,110,28.5,0.0,0.0,0.0,0.0,0.0,0.0,28.5,115.9,,
2026-07-23,2026-07-23T12:23:33,16,FPO,284553,Katherine Aydelott,861,148,6.0,0.0,0.0,0.0,0.0,0.0,0.0,6.0,155.8,,
2026-07-23,2026-07-23T12:23:33,16,FPO,286978,Michelle Southworth,800,166,2.0,0.0,0.0,0.0,0.0,0.0,0.0,2.0,174.1,,
2026-07-23,2026-07-23T12:23:33,16,FPO,288014,Jordan Coomes,840,128,18.0,0.0,0.0,0.0,0.0,0.0,0.0,18.0,133.3,,
2026-07-23,2026-07-23T12:23:33,16,FPO,297287,Marta Villa,856,163,2.0,0.0,0.0,0.0,0.0,0.0,0.0,2.0,168.4,,
2026-07-23,2026-07-23T12:23:33,16,FPO,302765,Grace Wilson,891,200,0.0,0.0,0.0,0.0,0.0,0.0,0.0,2.1,188.2,97344,
2026-07-23,2026-07-23T12:23:33,16,FPO,308525,Saga Dahlstedt,917,58,127.5,0.0,0.0,0.0,0.0,0.0,0.0,127.5,67.5,,
2026-07-23,2026-07-23T12:23:33,16,FPO,311218,Mina Alme,902,104,35.25,0.0,0.0,0.0,0.0,0.0,0.0,35.2,109.2,,
2026-07-24,2026-07-24T01:15:58,16,FPO,3024,Chris O'Cleary,914,196,0.0,0.0,0.0,0.0,0.0,0.0,0.0,4.7,183.6,97344,
2026-07-24,2026-07-24T01:15:58,16,FPO,3090,Elaine King,888,197,0.0,0.0,0.0,0.0,0.0,0.0,0.0,2.0,187.7,97344,
2026-07-24,2026-07-24T01:15:58,16,FPO,8803,Ruth Steele,872,161,2.0,0.0,0.0,0.0,0.0,0.0,0.0,2.0,166.2,,
2026-07-24,2026-07-24T01:15:58,16,FPO,15354,Jennifer Allen,967,39,313.0,0.28323,0.03305,1.0,0.95715,0.21206,0.0,776.9,27.4,96414;96415;97344;96418,
2026-07-24,2026-07-24T01:15:58,16,FPO,27832,Kona Star Montgomery,949,23,553.0,0.18203,0.1557,1.0,1.0,0.02319,0.0,896.6,22.1,96414;96415;96416;97344;96417;96418;96419,
2026-07-24,2026-07-24T01:15:58,16,FPO,29190,Paige Pierce,968,19,693.17,0.67993,0.64982,1.0,1.0,0.02963,0.0,1017.1,17.2,96414;97344;96418;96419,
2026-07-24,2026-07-24T01:15:58,16,FPO,29947,Stephanie Vincent,925,112,28.0,0.0,0.0,0.0,0.0,0.0,0.0,28.0,116.4,,
2026-07-24,2026-07-24T01:15:58,16,FPO,31041,Sheila Teves,883,179,0.0,0.0,0.0,0.0,0.0,0.0,0.0,0.0,205.2,,
2026-07-24,2026-07-24T01:15:58,16,FPO,32654,Lisa Fajkus,958,22,593.83,0.31149,0.25993,1.0,1.0,0.04349,0.0,931.9,20.6,96414;96415;96417;96418;96419,
2026-07-24,2026-07-24T01:15:58,16,FPO,32917,Rebecca Cox,951,32,397.0,0.06683,0.00643,1.0,0.97742,0.05099,0.0,734.4,29.4,96414;96415;97344;96417;96418,
2026-07-24,2026-07-24T01:15:58,16,FPO,32925,Lindsay Fish,882,154,2.0,0.0,0.0,0.0,0.0,0.0,0.0,2.0,170.9,,
2026-07-24,2026-07-24T01:15:58,16,FPO,34563,Sarah Hokom,949,67,101.0,0.02307,0.0,0.90456,0.06886,0.01476,0.0,428.2,43.4,96414;96415;96416;97344;96417;96418,
2026-07-24,2026-07-24T01:15:58,16,FPO,35321,Sofie Björlycke,936,75,83.25,0.0,0.0,0.0,0.0,0.0,0.0,83.2,80.6,,
2026-07-24,2026-07-24T01:15:58,16,FPO,35774,Camilla Jernberg,873,147,7.5,0.0,0.0,0.0,0.0,0.0,0.0,7.5,152.7,,
2026-07-24,2026-07-24T01:15:58,16,FPO,36307,Amanda Branch,887,193,0.0,0.0,0.0,0.0,0.0,0.0,0.0,2.0,188.7,97344,
2026-07-24,2026-07-24T01:15:58,16,FPO,39504,Zoe AnDyke,930,80,77.0,0.0,0.0,0.0,0.0,0.0,0.0,77.0,85.4,,
2026-07-24,2026-07-24T01:15:58,16,FPO,43995,Taylor Foth,902,177,0.0,0.0,0.0,0.0,0.0,0.0,0.0,0.0,202.7,,
2026-07-24,2026-07-24T01:15:58,16,FPO,44184,Catrina Allen,961,7,1014.58,1.0,1.0,1.0,1.0,0.0,0.0,1279.3,9.5,100195;96414;96415;96416;97344;96417;96418;96419,
2026-07-24,2026-07-24T01:15:58,16,FPO,45407,Brittney Armentrout,851,157,2.0,0.0,0.0,0.0,0.0,0.0,0.0,2.0,164.1,,
2026-07-24,2026-07-24T01:15:58,16,FPO,48199,Alison Blakeman,870,184,0.0,0.0,0.0,0.0,0.0,0.0,0.0,0.0,207.4,,
2026-07-24,2026-07-24T01:15:58,16,FPO,48976,Ohn Scoggins,990,3,1469.0,1.0,1.0,1.0,1.0,0.0,0.5733,2226.5,1.6,100195;96414;96415;96416;97344;96417;96418;96419,
2026-07-24,2026-07-24T01:15:58,16,FPO,50656,Jessica Gurthie,955,17,734.0,1.0,0.94144,1.0,1.0,0.00026,0.0,1108.6,14.0,96414;96415;96416;97344;96417;96418;96419,
2026-07-24,2026-07-24T01:15:58,16,FPO,51277,Holly Finley,929,49,214.0,0.00041,0.0,0.84857,0.00074,0.00024,0.0,329.5,49.3,96414;96415;97344;96417;96418,
2026-07-24,2026-07-24T01:15:58,16,FPO,58303,Sai Ananda,949,66,102.0,0.0043,0.0,0.01517,9e-05,0.00364,0.0,177.8,62.7,97344,
2026-07-24,2026-07-24T01:15:58,16,FPO,59227,Henna Blomroos,969,10,890.0,1.0,0.99819,1.0,1.0,0.0,0.0,1201.3,11.3,96414;97344;96418;96419,
2026-07-24,2026-07-24T01:15:58,16,FPO,59431,Madison Walker,951,20,652.83,0.20758,0.17904,1.0,1.0,0.02466,0.0,909.8,21.5,96414;96415;96416;97344;96417;96418;96419,
2026-07-24,2026-07-24T01:15:58,16,FPO,60798,Madison Tomaino,921,74,83.5,0.0,0.0,0.0,0.0,0.0,0.0,119.2,69.3,96416,
2026-07-24,2026-07-24T01:15:58,16,FPO,61144,Emily Beach,901,174,0.0,0.0,0.0,0.0,0.0,0.0,0.0,0.0,205.9,,
2026-07-24,2026-07-24T01:15:58,16,FPO,61990,Katka Boďová,916,92,48.0,0.0,0.0,0.0,0.0,0.0,0.0,48.0,97.9,,
2026-07-24,2026-07-24T01:15:58,16,FPO,62879,Valerie Mandujano,975,13,799.16,1.0,1.0,1.0,1.0,0.0,0.0,1428.6,7.4,96414;96415;96416;97344;96417;96418;96419,
2026-07-24,2026-07-24T01:15:58,16,FPO,62880,Alexis Mandujano,960,35,352.5,0.1874,0.04394,1.0,0.99046,0.11511,0.0,801.8,26.3,96414;96415;97344;96417;96418,
2026-07-24,2026-07-24T01:15:58,16,FPO,63257,Maria Oliva,920,46,237.0,2e-05,0.0,0.87634,4e-05,1e-05,0.0,311.8,50.5,96414;96415;97344;96417;96418,
2026-07-24,2026-07-24T01:15:58,16,FPO,64927,Eveliina Salonen,988,6,1164.67,1.0,1.0,1.0,1.0,0.0,0.0,1656.7,5.5,96414;97344;96418;96419,
2026-07-24,2026-07-24T01:15:58,16,FPO,65489,Lauren Butler,916,55,157.75,1e-05,0.0,0.01981,0.0,0.0,0.0,223.2,57.7,96414;96415;97344;96417,
2026-07-24,2026-07-24T01:15:58,16,FPO,66063,Ashlee Johnson,859,178,0.0,0.0,0.0,0.0,0.0,0.0,0.0,0.0,201.3,,
2026-07-24,2026-07-24T01:15:58,16,FPO,66599,Heidi Laine,959,12,824.75,0.98209,0.98207,1.0,1.0,2e-05,0.0,1137.5,13.0,100195;96414;96415;96416;97344;96418;96419,
2026-07-24,2026-07-24T01:15:58,16,FPO,69584,Danielle Weigandt,853,160,2.0,0.0,0.0,0.0,0.0,0.0,0.0,2.0,161.1,,
2026-07-24,2026-07-24T01:15:58,16,FPO,71262,Erika Stinchcomb,920,45,261.25,2e-05,0.0,0.99141,6e-05,1e-05,0.0,329.6,49.0,96414;96415;97344;96417;96418,
2026-07-24,2026-07-24T01:15:58,16,FPO,72635,Kersti Miller,890,105,34.5,0.0,0.0,0.0,0.0,0.0,0.0,34.5,109.9,,
2026-07-24,2026-07-24T01:15:58,16,FPO,74708,Casey Pennington,916,99,39.5,0.0,0.0,0.0,0.0,0.0,0.0,39.5,102.8,,
2026-07-24,2026-07-24T01:15:58,16,FPO,75029,Cynthia Ricciotti,917,62,107.25,1e-05,0.0,0.00223,0.0,0.0,0.0,176.1,61.5,100195;96414;96415;97344;96417,
2026-07-24,2026-07-24T01:15:58,16,FPO,76009,Virginia Polkinghorne,884,186,0.0,0.0,0.0,0.0,0.0,0.0,0.0,0.9,200.3,100195,
2026-07-24,2026-07-24T01:15:58,16,FPO,77385,Matilda Ringbom,947,44,274.0,0.00989,0.0,0.40821,0.00013,0.0092,0.0,333.1,49.3,96418,
2026-07-24,2026-07-24T01:15:58,16,FPO,78232,Tiger Borth,899,124,21.0,0.0,0.0,0.0,0.0,0.0,0.0,23.3,124.1,97344,
2026-07-24,2026-07-24T01:15:58,16,FPO,79233,Cadence Burge,971,69,95.25,0.40956,0.03985,0.99989,0.9005,0.26916,0.0,765.2,27.9,96414;96415;96416;97344;96417;96418,
2026-07-24,2026-07-24T01:15:58,16,FPO,80935,Lindsey Maas,902,108,32.25,0.0,0.0,0.0,0.0,0.0,0.0,39.2,105.0,96414;97344,
2026-07-24,2026-07-24T01:15:58,16,FPO,82809,Alex von Stade,893,121,22.0,0.0,0.0,0.0,0.0,0.0,0.0,22.0,126.0,,
2026-07-24,2026-07-24T01:15:58,16,FPO,83376,Cassandra Lioi,890,146,8.0,0.0,0.0,0.0,0.0,0.0,0.0,8.0,151.7,,
2026-07-24,2026-07-24T01:15:58,16,FPO,84279,Kaidi Allsalu,956,51,203.62,0.04568,0.0,0.0,0.0,0.04312,0.0,302.0,51.7,,
2026-07-24,2026-07-24T01:15:58,16,FPO,85189,Samantha Bonacci,870,133,16.5,0.0,0.0,0.0,0.0,0.0,0.0,16.5,138.8,,
2026-07-24,2026-07-24T01:15:58,16,FPO,85484,Anneli Tõugjas-Männiste,957,26,457.5,0.14665,0.03949,1.0,0.99932,0.0882,0.0,811.6,25.8,96414;96415;97344;96417;96418;96419,
2026-07-24,2026-07-24T01:15:58,16,FPO,85942,Missy Gannon,985,4,1384.83,1.0,1.0,1.0,1.0,0.0,0.00274,1893.1,4.0,96414;96415;96416;97344;96417;96418;96419,
2026-07-24,2026-07-24T01:15:58,16,FPO,87094,Rose Shertick,918,209,0.0,0.0,0.0,0.0,0.0,0.0,0.0,6.5,181.7,97344,
2026-07-24,2026-07-24T01:15:58,16,FPO,87443,Andrea Cammack,874,159,2.0,0.0,0.0,0.0,0.0,0.0,0.0,2.0,162.0,,
2026-07-24,2026-07-24T01:15:58,16,FPO,94085,Keiti Tätte,957,53,184.12,0.03186,0.0,0.0,0.0,0.03014,0.0,246.6,56.1,,
2026-07-24,2026-07-24T01:15:58,16,FPO,96090,Sonja Laine,899,103,36.0,0.0,0.0,0.0,0.0,0.0,0.0,36.0,107.1,,
2026-07-24,2026-07-24T01:15:58,16,FPO,96480,Tori Pasquin,833,170,2.0,0.0,0.0,0.0,0.0,0.0,0.0,2.0,170.2,,
2026-07-24,2026-07-24T01:15:58,16,FPO,97238,Jannicke Hjemli,862,144,9.75,0.0,0.0,0.0,0.0,0.0,0.0,9.8,149.4,,
2026-07-24,2026-07-24T01:15:58,16,FPO,99441,Lykke Lorentzen,923,95,43.0,0.0,0.0,0.0,0.0,0.0,0.0,59.0,92.1,100195;97344,
2026-07-24,2026-07-24T01:15:58,16,FPO,99455,Kat Mertsch,964,8,1004.67,1.0,1.0,1.0,1.0,0.0,0.0,1321.6,8.8,96414;96415;97344;96417;96418;96419,
2026-07-24,2026-07-24T01:15:58,16,FPO,101767,Sunny Stansbury,836,187,0.0,0.0,0.0,0.0,0.0,0.0,0.0,0.0,210.5,100195,
2026-07-24,2026-07-24T01:15:58,16,FPO,101949,Ratana McMahon,885,56,129.75,0.0,0.0,0.0,0.0,0.0,0.0,134.3,65.6,96415,
2026-07-24,2026-07-24T01:15:58,16,FPO,102024,Danielle Keen,896,176,0.0,0.0,0.0,0.0,0.0,0.0,0.0,0.0,204.3,,
2026-07-24,2026-07-24T01:15:58,16,FPO,103743,Karen Martel,926,136,15.0,0.0,0.0,0.0,0.0,0.0,0.0,27.7,125.6,97344,
2026-07-24,2026-07-24T01:15:58,16,FPO,104187,Macie Velediaz,957,41,294.67,0.09679,0.00086,1.0,0.68089,0.07642,0.0,630.1,34.0,96414;97344;96417;96418,
2026-07-24,2026-07-24T01:15:58,16,FPO,104314,Violet Main,945,40,301.0,0.01042,0.0,1.0,0.08664,0.00747,0.0,461.7,41.3,96414;97344;96417;96418,
2026-07-24,2026-07-24T01:15:58,16,FPO,104814,Ellie Bryant,904,118,23.75,0.0,0.0,0.0,0.0,0.0,0.0,23.8,121.9,,
2026-07-24,2026-07-24T01:15:58,16,FPO,105126,Aria Castruita,949,93,46.5,0.0,0.0,0.0,0.0,0.0,0.0,46.5,99.0,,
2026-07-24,2026-07-24T01:15:58,16,FPO,106489,Anna Pinter,875,123,21.75,0.0,0.0,0.0,0.0,0.0,0.0,21.8,128.0,,
2026-07-24,2026-07-24T01:15:58,16,FPO,107297,Maria Liivamägi,857,116,24.0,0.0,0.0,0.0,0.0,0.0,0.0,24.0,120.3,,
2026-07-24,2026-07-24T01:15:58,16,FPO,107335,Silva Saarinen,991,2,1585.84,1.0,1.0,1.0,1.0,0.0,0.32082,2175.3,1.9,96414;96415;97344;96418;96419,
2026-07-24,2026-07-24T01:15:58,16,FPO,108871,Brook Johnson,905,115,24.0,0.0,0.0,0.0,0.0,0.0,0.0,26.7,117.0,97344,
2026-07-24,2026-07-24T01:15:58,16,FPO,109337,Cathy Kuhn,860,175,0.0,0.0,0.0,0.0,0.0,0.0,0.0,0.0,205.6,,
2026-07-24,2026-07-24T01:15:58,16,FPO,109996,Anniken Kristiansen Steen,964,18,700.29,0.30183,0.20091,1.0,1.0,0.09957,0.0,914.3,21.3,97344;96418;96419,
2026-07-24,2026-07-24T01:15:58,16,FPO,111487,Emily Weatherman,958,14,777.83,0.95643,0.95624,1.0,1.0,0.00014,0.0,1117.6,13.7,96414;96415;97344;96417;96418;96419,
2026-07-24,2026-07-24T01:15:58,16,FPO,112647,Hanna Huynh,962,21,600.0,0.74315,0.72946,1.0,1.0,0.01128,0.0,1040.4,16.4,96414;96415;97344;96417;96418;96419,
2026-07-24,2026-07-24T01:15:58,16,FPO,115503,Olivia Kindstedt,946,52,189.0,0.00906,0.0,0.15854,0.00058,0.00837,0.0,293.9,52.3,97344,
2026-07-24,2026-07-24T01:15:58,16,FPO,116694,Kristi Unt,925,94,45.0,0.0,0.0,0.0,0.0,0.0,0.0,45.0,100.1,,
2026-07-24,2026-07-24T01:15:58,16,FPO,121554,Elina Rydberg,898,119,23.25,0.0,0.0,0.0,0.0,0.0,0.0,23.2,122.9,,
2026-07-24,2026-07-24T01:15:58,16,FPO,124064,Shelby Cowen,914,57,129.0,2e-05,0.0,0.0005,0.0,0.0,0.0,181.6,61.0,96414;96415;96417,
2026-07-24,2026-07-24T01:15:58,16,FPO,126226,Kati Chachere,843,169,2.0,0.0,0.0,0.0,0.0,0.0,0.0,2.0,169.0,,
2026-07-24,2026-07-24T01:15:58,16,FPO,128395,Michelle Saggboy,894,155,2.0,0.0,0.0,0.0,0.0,0.0,0.0,2.0,178.7,,
2026-07-24,2026-07-24T01:15:58,16,FPO,128532,Maarja Soasepp,905,96,42.0,0.0,0.0,0.0,0.0,0.0,0.0,42.0,101.6,,
2026-07-24,2026-07-24T01:15:58,16,FPO,130187,Kat Johnson,910,204,0.0,0.0,0.0,0.0,0.0,0.0,0.0,3.6,177.1,97344,
2026-07-24,2026-07-24T01:15:58,16,FPO,130342,Chantel Budinsky,957,86,58.5,0.04698,0.0,0.11461,0.00164,0.03145,0.0,271.9,54.7,97344;96417,
2026-07-24,2026-07-24T01:15:58,16,FPO,130822,Hannah Manis,932,201,0.0,2e-05,0.0,2e-05,0.0,0.0,0.0,20.2,149.5,97344,
2026-07-24,2026-07-24T01:15:58,16,FPO,131583,Hannah Lengel,954,190,0.0,0.01271,0.0,0.00098,1e-05,0.00201,0.0,125.3,72.1,96414;96417,
2026-07-24,2026-07-24T01:15:58,16,FPO,132291,Ashley Phelps,904,120,23.0,0.0,0.0,0.0,0.0,0.0,0.0,23.0,124.4,,
2026-07-24,2026-07-24T01:15:58,16,FPO,132627,Jenn Cazanov-Diggs,905,152,2.0,0.0,0.0,0.0,0.0,0.0,0.0,2.0,169.2,,
2026-07-24,2026-07-24T01:15:58,16,FPO,133547,Holyn Handley,986,1,1668.34,1.0,1.0,1.0,1.0,0.0,0.10314,2087.0,2.7,96414;96415;96416;97344;96418;96419,
2026-07-24,2026-07-24T01:15:58,16,FPO,133701,Nathalie Ortiz,907,83,64.25,0.0,0.0,0.0,0.0,0.0,0.0,64.2,89.3,,
2026-07-24,2026-07-24T01:15:58,16,FPO,135383,Emma Arp,912,189,0.0,0.0,0.0,0.0,0.0,0.0,0.0,4.5,168.2,100195,
2026-07-24,2026-07-24T01:15:58,16,FPO,138272,Raven Klein,941,27,452.5,0.01791,0.00015,1.0,0.93446,0.01564,0.0,655.2,33.1,96414;96415;97344;96417;96418,
2026-07-24,2026-07-24T01:15:58,16,FPO,139109,Leah Tsinajinnie,927,82,71.0,1e-05,0.0,7e-05,0.0,0.0,0.0,84.8,82.9,97344,
2026-07-24,2026-07-24T01:15:58,16,FPO,139387,Hanna Jansson,903,90,50.25,0.0,0.0,0.0,0.0,0.0,0.0,50.2,95.3,,
2026-07-24,2026-07-24T01:15:58,16,FPO,139738,Megan Dophal,908,208,0.0,0.0,0.0,0.0,0.0,0.0,0.0,3.2,189.4,97344,
2026-07-24,2026-07-24T01:15:58,16,FPO,140660,María Eldey Kristínardóttir,916,72,91.5,0.0,0.0,0.0,0.0,0.0,0.0,91.5,78.3,,
2026-07-24,2026-07-24T01:15:58,16,FPO,140947,Nina Bennett,946,97,40.5,0.00449,0.0,0.00982,2e-05,0.00158,0.0,150.8,67.2,97344;96417,
2026-07-24,2026-07-24T01:15:58,16,FPO,142259,Katheryn Maloney,901,205,0.0,0.0,0.0,0.0,0.0,0.0,0.0,2.4,179.0,97344,
2026-07-24,2026-07-24T01:15:58,16,FPO,142354,Alexis Kerman,921,54,176.0,1e-05,0.0,0.51819,7e-05,0.0,0.0,292.5,52.2,96414;96415;96416;97344;96417;96418,
2026-07-24,2026-07-24T01:15:58,16,FPO,143423,Ember Simonis,916,198,0.0,0.0,0.0,0.0,0.0,0.0,0.0,5.5,178.1,97344,
2026-07-24,2026-07-24T01:15:58,16,FPO,143720,Jessica Kinard,906,192,0.0,0.0,0.0,0.0,0.0,0.0,0.0,29.7,117.8,96416,
2026-07-24,2026-07-24T01:15:58,16,FPO,144112,Ella Hansen,976,5,1310.41,1.0,1.0,1.0,1.0,0.0,0.0,1659.5,5.5,96414;96415;96416;97344;96418;96419,
2026-07-24,2026-07-24T01:15:58,16,FPO,144791,Emily Yale,893,70,92.0,0.0,0.0,0.0,0.0,0.0,0.0,100.5,74.4,96415;97344,
2026-07-24,2026-07-24T01:15:58,16,FPO,146137,Dani K. Hart,951,28,451.5,0.06941,0.00571,1.0,0.99463,0.05382,0.0,744.1,28.9,96414;96415;97344;96417;96418,
2026-07-24,2026-07-24T01:15:58,16,FPO,146304,MJ Gager,933,34,355.83,0.00059,0.0,1.0,0.00535,0.00049,0.0,409.9,43.9,96415;97344;96418,
2026-07-24,2026-07-24T01:15:58,16,FPO,147050,Ali Smith,946,61,112.5,0.0,0.0,0.0,0.0,0.0,0.0,112.5,70.1,,
2026-07-24,2026-07-24T01:15:58,16,FPO,147393,Sadie Shattuck,866,134,16.0,0.0,0.0,0.0,0.0,0.0,0.0,16.0,140.6,,
2026-07-24,2026-07-24T01:15:58,16,FPO,149548,VicToria Scott,887,211,0.0,0.0,0.0,0.0,0.0,0.0,0.0,2.0,195.9,97344,
2026-07-24,2026-07-24T01:15:58,16,FPO,149803,Candyce Boyce,895,106,33.0,0.0,0.0,0.0,0.0,0.0,0.0,33.0,111.5,,
2026-07-24,2026-07-24T01:15:58,16,FPO,150057,Hailey Huber,932,77,81.0,0.0,0.0,0.0,0.0,0.0,0.0,81.0,83.1,,
2026-07-24,2026-07-24T01:15:58,16,FPO,151072,Jennifer Rice,894,130,18.0,0.0,0.0,0.0,0.0,0.0,0.0,18.0,135.4,,
2026-07-24,2026-07-24T01:15:58,16,FPO,152191,Kelley Foster,933,33,361.5,0.00281,0.0,1.0,0.3403,0.00228,0.0,530.8,38.0,96414;96415;96416;96417;96418,
2026-07-24,2026-07-24T01:15:58,16,FPO,154098,Ariel Walker,943,98,40.25,0.00017,0.0,0.00031,0.0,9e-05,0.0,83.6,84.4,97344,
2026-07-24,2026-07-24T01:15:58,16,FPO,155026,Amanda Lennartsson,947,31,409.0,0.01005,0.0,1.0,0.04677,0.00946,0.0,467.9,40.9,96418,
2026-07-24,2026-07-24T01:15:58,16,FPO,156259,Ella Tejler,898,81,73.5,0.0,0.0,0.0,0.0,0.0,0.0,73.5,86.8,,
2026-07-24,2026-07-24T01:15:58,16,FPO,156781,Audrey Wicklander,891,194,0.0,0.0,0.0,0.0,0.0,0.0,0.0,2.1,187.2,97344,
2026-07-24,2026-07-24T01:15:58,16,FPO,157471,Nid Ovathanasin,936,135,15.0,0.00019,0.0,0.00039,0.0,2e-05,0.0,73.1,90.4,96414;97344,
2026-07-24,2026-07-24T01:15:58,16,FPO,158385,Destyne Martinez,865,151,2.0,0.0,0.0,0.0,0.0,0.0,0.0,2.0,192.0,,
2026-07-24,2026-07-24T01:15:58,16,FPO,158461,Shiru Liu,914,84,63.5,0.0,0.0,0.0,0.0,0.0,0.0,63.5,90.3,,
2026-07-24,2026-07-24T01:15:58,16,FPO,160103,Jacquelyn DeLude,877,202,0.0,0.0,0.0,0.0,0.0,0.0,0.0,2.0,182.7,97344,
2026-07-24,2026-07-24T01:15:58,16,FPO,161231,Sarah May,856,165,2.0,0.0,0.0,0.0,0.0,0.0,0.0,2.0,173.5,,
2026-07-24,2026-07-24T01:15:58,16,FPO,161918,Addison Woodard,950,42,285.08,0.03105,2e-05,1.0,0.29184,0.02305,0.0,526.2,38.4,96415;97344;96417;96418,
2026-07-24,2026-07-24T01:15:58,16,FPO,162735,Eden Fornoff,922,191,0.0,1e-05,0.0,0.0,0.0,0.0,0.0,20.4,132.1,96415,
2026-07-24,2026-07-24T01:15:58,16,FPO,162896,Therese Cuevas,937,48,231.5,0.00136,0.0,0.25453,0.00028,0.00129,0.0,291.7,52.4,97344;96418,
2026-07-24,2026-07-24T01:15:58,16,FPO,164788,Alecia Hinkson,930,60,112.5,0.00043,0.0,0.06752,2e-05,0.00015,0.0,229.6,57.2,96414;96415;97344;96417,
2026-07-24,2026-07-24T01:15:58,16,FPO,165652,Ceci Vollbrecht,899,195,0.0,0.0,0.0,0.0,0.0,0.0,0.0,2.3,188.1,97344,
2026-07-24,2026-07-24T01:15:58,16,FPO,166082,Ashton Webberley,904,156,2.0,0.0,0.0,0.0,0.0,0.0,0.0,2.0,164.7,,
2026-07-24,2026-07-24T01:15:58,16,FPO,166749,Mackenzie Morris,884,145,9.0,0.0,0.0,0.0,0.0,0.0,0.0,9.0,150.5,,
2026-07-24,2026-07-24T01:15:58,16,FPO,167255,AK Kaestner,820,172,2.0,0.0,0.0,0.0,0.0,0.0,0.0,2.0,176.5,,
2026-07-24,2026-07-24T01:15:58,16,FPO,168863,Trinity Bryant,921,47,235.0,1e-05,0.0,0.66394,2e-05,1e-05,0.0,301.2,51.5,96414;96416;97344;96418,
2026-07-24,2026-07-24T01:15:58,16,FPO,170182,Rebecca Minnick,865,109,29.0,0.0,0.0,0.0,0.0,0.0,0.0,29.0,113.3,,
2026-07-24,2026-07-24T01:15:58,16,FPO,173601,Marie Kielas,914,89,51.0,0.0,0.0,0.0,0.0,0.0,0.0,51.0,94.3,,
2026-07-24,2026-07-24T01:15:58,16,FPO,176242,Morgan Lynds,931,73,87.75,3e-05,0.0,0.0002,0.0,2e-05,0.0,107.1,74.3,97344,
2026-07-24,2026-07-24T01:15:58,16,FPO,176243,Jordan Lynds,945,59,113.25,0.00535,0.0,0.081,0.00032,0.00454,0.0,236.6,56.9,96414;97344,
2026-07-24,2026-07-24T01:15:58,16,FPO,176481,Karissa Dedmon,917,85,59.0,0.0,0.0,0.0,0.0,0.0,0.0,64.9,89.9,97344,
2026-07-24,2026-07-24T01:15:58,16,FPO,178707,Joleigh Miller,929,65,102.0,0.0,0.0,0.0,0.0,0.0,0.0,102.0,73.7,,
2026-07-24,2026-07-24T01:15:58,16,FPO,178748,Kendyl Sullivan,887,162,2.0,0.0,0.0,0.0,0.0,0.0,0.0,2.0,167.8,,
2026-07-24,2026-07-24T01:15:58,16,FPO,179200,Jamie Williams,863,180,0.0,0.0,0.0,0.0,0.0,0.0,0.0,0.0,211.2,,
2026-07-24,2026-07-24T01:15:58,16,FPO,179873,Jenny Larsson,921,87,54.0,0.0,0.0,0.0,0.0,0.0,0.0,54.0,93.1,,
2026-07-24,2026-07-24T01:15:58,16,FPO,181772,Ida Emilie Nesse,948,37,334.0,0.03711,0.00041,1.0,0.74073,0.03013,0.0,625.8,34.2,96414;96415;97344;96417;96418,
2026-07-24,2026-07-24T01:15:58,16,FPO,182450,Kajsa Wahl,893,102,36.75,0.0,0.0,0.0,0.0,0.0,0.0,36.8,106.1,,
2026-07-24,2026-07-24T01:15:58,16,FPO,182582,Addison Clark,824,212,0.0,0.0,0.0,0.0,0.0,0.0,0.0,16.5,139.3,96417,
2026-07-24,2026-07-24T01:15:58,16,FPO,184609,Elva-Kate Preston,908,63,107.25,0.0,0.0,1e-05,0.0,0.0,0.0,133.2,66.3,100195;96414;96415;97344,
2026-07-24,2026-07-24T01:15:58,16,FPO,184736,Jennifer Smiley,934,36,337.75,0.00174,0.0,1.0,0.11439,0.00115,0.0,476.6,40.4,96414;96415;97344;96417;96418,
2026-07-24,2026-07-24T01:15:58,16,FPO,185057,Josefine Johansson,934,76,81.0,0.0,0.0,0.00045,0.0,0.0,0.0,105.1,75.0,97344,
2026-07-24,2026-07-24T01:15:58,16,FPO,185534,Sofia Donnecke,961,24,547.5,0.15989,0.01033,1.0,0.99973,0.14033,0.0,781.9,27.2,96414;96418;96419,
2026-07-24,2026-07-24T01:15:58,16,FPO,185627,Athena Cuevas,866,137,14.0,0.0,0.0,0.0,0.0,0.0,0.0,14.0,141.8,,
2026-07-24,2026-07-24T01:15:58,16,FPO,186277,Kassandra Fog Wichmann,871,149,6.0,0.0,0.0,0.0,0.0,0.0,0.0,6.0,154.5,,
2026-07-24,2026-07-24T01:15:58,16,FPO,186629,Sanne Dalseth,880,139,13.5,0.0,0.0,0.0,0.0,0.0,0.0,13.5,143.1,,
2026-07-24,2026-07-24T01:15:58,16,FPO,188837,JJ Sun,883,183,0.0,0.0,0.0,0.0,0.0,0.0,0.0,0.0,201.8,,
2026-07-24,2026-07-24T01:15:58,16,FPO,189702,Taylor Chocek,947,15,749.95,0.1632,0.14935,1.0,1.0,0.0134,0.0,917.2,21.1,96414;96415;96418;96419,
2026-07-24,2026-07-24T01:15:58,16,FPO,193215,Lexi Marx,929,113,25.5,6e-05,0.0,0.00027,0.0,0.0,0.0,89.9,81.0,96414;96415;97344,
2026-07-24,2026-07-24T01:15:58,16,FPO,195549,Kylie Kohut,933,43,285.0,0.00064,0.0,0.99967,0.00188,0.00042,0.0,371.7,46.2,100195;96414;96415;96418,
2026-07-24,2026-07-24T01:15:58,16,FPO,195550,Peyton Kohut,913,88,52.5,0.0,0.0,0.0,0.0,0.0,0.0,81.1,83.1,100195;96414;96415,
2026-07-24,2026-07-24T01:15:58,16,FPO,196237,Kaire Tekku,923,79,78.75,0.0,0.0,0.0,0.0,0.0,0.0,78.8,84.3,,
2026-07-24,2026-07-24T01:15:58,16,FPO,197689,Isabella Parker,877,129,18.0,0.0,0.0,0.0,0.0,0.0,0.0,18.0,134.9,,
2026-07-24,2026-07-24T01:15:58,16,FPO,198446,Eliezra Midtlyng,948,11,833.58,0.79091,0.79064,1.0,1.0,0.00027,0.0,1034.4,16.4,96414;96415;96416;97344;96417;96418;96419,
2026-07-24,2026-07-24T01:15:58,16,FPO,198721,Hannah Kellar,898,100,38.0,0.0,0.0,0.0,0.0,0.0,0.0,38.0,104.8,,
2026-07-24,2026-07-24T01:15:58,16,FPO,202571,Elizabete Pēkšena,932,50,205.5,0.00043,0.0,0.06278,2e-05,0.0004,0.0,247.4,55.8,97344;96418,
2026-07-24,2026-07-24T01:15:58,16,FPO,208576,Rebecca Don,961,9,926.99,0.99972,0.99972,1.0,1.0,0.0,0.0,1229.4,10.6,96414;96415;97344;96418;96419,
2026-07-24,2026-07-24T01:15:58,16,FPO,209432,Eden Fletcher,905,101,38.0,0.0,0.0,0.0,0.0,0.0,0.0,38.0,104.1,,
2026-07-24,2026-07-24T01:15:58,16,FPO,209462,Erika Apple,854,171,2.0,0.0,0.0,0.0,0.0,0.0,0.0,2.0,173.3,,
2026-07-24,2026-07-24T01:15:58,16,FPO,210287,Mara Neal,864,164,2.0,0.0,0.0,0.0,0.0,0.0,0.0,2.0,171.8,,
2026-07-24,2026-07-24T01:15:58,16,FPO,210972,Kristýna Jurčíková,970,38,331.0,0.26945,0.00167,1.0,0.64559,0.24178,0.0,653.5,33.0,97344;96418,
2026-07-24,2026-07-24T01:15:58,16,FPO,214417,Fleur Verberk,899,199,0.0,0.0,0.0,0.0,0.0,0.0,0.0,2.3,184.6,97344,
2026-07-24,2026-07-24T01:15:58,16,FPO,215439,Sheliemae Lai,946,71,92.0,0.0,0.0,0.0,0.0,0.0,0.0,92.0,77.2,,
2026-07-24,2026-07-24T01:15:58,16,FPO,215495,Kelsey Martin,877,206,0.0,0.0,0.0,0.0,0.0,0.0,0.0,2.0,179.9,97344,
2026-07-24,2026-07-24T01:15:58,16,FPO,216558,Iida Lehtomäki,963,29,430.25,0.12211,1e-05,1.0,0.38095,0.11091,0.0,577.1,36.3,97344;96418,
2026-07-24,2026-07-24T01:15:58,16,FPO,217892,Katie Tews,892,114,25.5,0.0,0.0,0.0,0.0,0.0,0.0,25.5,118.6,,
2026-07-24,2026-07-24T01:15:58,16,FPO,218760,Sarah Duran,865,142,11.0,0.0,0.0,0.0,0.0,0.0,0.0,11.0,147.2,,
2026-07-24,2026-07-24T01:15:58,16,FPO,218779,Amanda Brightwell,831,167,2.0,0.0,0.0,0.0,0.0,0.0,0.0,2.0,175.0,,
2026-07-24,2026-07-24T01:15:58,16,FPO,219693,Anna Damberga,864,125,21.0,0.0,0.0,0.0,0.0,0.0,0.0,21.0,129.2,,
2026-07-24,2026-07-24T01:15:58,16,FPO,221583,Evie Lou Ramey,894,185,0.0,0.0,0.0,0.0,0.0,0.0,0.0,1.9,190.9,100195,
2026-07-24,2026-07-24T01:15:58,16,FPO,222693,Tanisha Platero,856,158,2.0,0.0,0.0,0.0,0.0,0.0,0.0,2.0,163.0,,
2026-07-24,2026-07-24T01:15:58,16,FPO,222973,Martje Sumowski,913,107,33.0,0.0,0.0,0.0,0.0,0.0,0.0,33.0,111.5,,
2026-07-24,2026-07-24T01:15:58,16,FPO,223975,Laura Tatiana Niño Carranza,875,153,2.0,0.0,0.0,0.0,0.0,0.0,0.0,4.0,158.4,97344,
2026-07-24,2026-07-24T01:15:58,16,FPO,224238,Julia Fors,962,30,428.5,0.15262,0.00229,1.0,0.85544,0.1407,0.0,686.2,31.5,97344;96418,
2026-07-24,2026-07-24T01:15:58,16,FPO,225016,Naomi Suyat,869,182,0.0,0.0,0.0,0.0,0.0,0.0,0.0,0.0,200.0,,
2026-07-24,2026-07-24T01:15:58,16,FPO,227315,Sarah Wadsworth,901,188,0.0,0.0,0.0,0.0,0.0,0.0,0.0,11.9,146.0,100195;96415,
2026-07-24,2026-07-24T01:15:58,16,FPO,228486,Stefani Ewell,857,143,10.0,0.0,0.0,0.0,0.0,0.0,0.0,10.0,148.3,,
2026-07-24,2026-07-24T01:15:58,16,FPO,229526,Sintija Klezberga,955,16,737.5,0.82443,0.82309,1.0,1.0,0.00121,0.0,1048.5,16.0,96414;96415;97344;96417;96418;96419,
2026-07-24,2026-07-24T01:15:58,16,FPO,231650,Tailey Rowley,911,68,96.25,0.0,0.0,0.0,0.0,0.0,0.0,100.1,74.8,97344,
2026-07-24,2026-07-24T01:15:58,16,FPO,232666,Rebecka Hoppe,850,150,6.0,0.0,0.0,0.0,0.0,0.0,0.0,6.0,154.7,,
2026-07-24,2026-07-24T01:15:58,16,FPO,232722,Julia Hauch,911,203,0.0,0.0,0.0,0.0,0.0,0.0,0.0,3.8,177.5,97344,
2026-07-24,2026-07-24T01:15:58,16,FPO,235368,Madalyn Payton,896,173,0.0,0.0,0.0,0.0,0.0,0.0,0.0,0.0,205.0,,
2026-07-24,2026-07-24T01:15:58,16,FPO,238187,Ann Deputy,918,78,80.25,0.0,0.0,1e-05,0.0,0.0,0.0,86.8,80.4,97344,
2026-07-24,2026-07-24T01:15:58,16,FPO,240590,Amelia Saechao,873,117,24.0,0.0,0.0,0.0,0.0,0.0,0.0,24.0,120.3,,
2026-07-24,2026-07-24T01:15:58,16,FPO,242116,Eva Lutsenko,924,122,21.75,0.0,0.0,0.0,0.0,0.0,0.0,21.8,127.1,,
2026-07-24,2026-07-24T01:15:58,16,FPO,242331,Ida Kennmark,867,138,13.5,0.0,0.0,0.0,0.0,0.0,0.0,13.5,143.7,,
2026-07-24,2026-07-24T01:15:58,16,FPO,245180,Chelsea Sutton,859,168,2.0,0.0,0.0,0.0,0.0,0.0,0.0,2.0,176.0,,
2026-07-24,2026-07-24T01:15:58,16,FPO,245306,Netta Leppäaho,945,64,105.75,0.0,0.0,0.0,0.0,0.0,0.0,105.8,71.9,,
2026-07-24,2026-07-24T01:15:58,16,FPO,245317,Sophi Stephenson,859,140,12.0,0.0,0.0,0.0,0.0,0.0,0.0,12.0,145.0,,
2026-07-24,2026-07-24T01:15:58,16,FPO,254333,Jess Zilch,874,127,19.5,0.0,0.0,0.0,0.0,0.0,0.0,19.5,131.4,,
2026-07-24,2026-07-24T01:15:58,16,FPO,255962,Samantha Zaborowski,901,210,0.0,0.0,0.0,0.0,0.0,0.0,0.0,2.4,193.7,97344,
2026-07-24,2026-07-24T01:15:58,16,FPO,256846,Lea Tomas,888,207,0.0,0.0,0.0,0.0,0.0,0.0,0.0,2.0,186.9,97344,
2026-07-24,2026-07-24T01:15:58,16,FPO,259972,Marion Mattsson,858,141,11.25,0.0,0.0,0.0,0.0,0.0,0.0,11.2,146.1,,
2026-07-24,2026-07-24T01:15:58,16,FPO,261058,Jessica Erickson,891,91,49.0,0.0,0.0,0.0,0.0,0.0,0.0,49.0,96.8,,
2026-07-24,2026-07-24T01:15:58,16,FPO,261216,Victoria Christensen,863,132,17.25,0.0,0.0,0.0,0.0,0.0,0.0,17.2,136.9,,
2026-07-24,2026-07-24T01:15:58,16,FPO,268900,Natalie Berg,883,126,19.5,0.0,0.0,0.0,0.0,0.0,0.0,19.5,130.3,,
2026-07-24,2026-07-24T01:15:58,16,FPO,269838,Daisy Kelly,882,181,0.0,0.0,0.0,0.0,0.0,0.0,0.0,0.0,198.3,,
2026-07-24,2026-07-24T01:15:58,16,FPO,277832,Chandler Reigh,939,25,463.25,0.01387,0.00019,1.0,0.98266,0.01226,0.0,674.5,32.3,100195;96414;96415;96416;97344;96417;96418,
2026-07-24,2026-07-24T01:15:58,16,FPO,278450,Brit Hamburg-Kiin,854,111,28.5,0.0,0.0,0.0,0.0,0.0,0.0,28.5,114.4,,
2026-07-24,2026-07-24T01:15:58,16,FPO,279466,Gry Nagel,820,131,18.0,0.0,0.0,0.0,0.0,0.0,0.0,18.0,134.0,,
2026-07-24,2026-07-24T01:15:58,16,FPO,281626,Una Lokmane,878,110,28.5,0.0,0.0,0.0,0.0,0.0,0.0,28.5,115.3,,
2026-07-24,2026-07-24T01:15:58,16,FPO,284553,Katherine Aydelott,861,148,6.0,0.0,0.0,0.0,0.0,0.0,0.0,6.0,155.6,,
2026-07-24,2026-07-24T01:15:58,16,FPO,286978,Michelle Southworth,800,166,2.0,0.0,0.0,0.0,0.0,0.0,0.0,2.0,174.1,,
2026-07-24,2026-07-24T01:15:58,16,FPO,288014,Jordan Coomes,840,128,18.0,0.0,0.0,0.0,0.0,0.0,0.0,18.0,132.7,,
2026-07-24,2026-07-24T01:15:58,16,FPO,297287,Marta Villa,856,163,2.0,0.0,0.0,0.0,0.0,0.0,0.0,2.0,168.3,,
2026-07-24,2026-07-24T01:15:58,16,FPO,302765,Grace Wilson,891,200,0.0,0.0,0.0,0.0,0.0,0.0,0.0,2.1,188.3,97344,
2026-07-24,2026-07-24T01:15:58,16,FPO,308525,Saga Dahlstedt,917,58,127.5,0.0,0.0,0.0,0.0,0.0,0.0,127.5,67.2,,
2026-07-24,2026-07-24T01:15:58,16,FPO,311218,Mina Alme,902,104,35.25,0.0,0.0,0.0,0.0,0.0,0.0,35.2,108.8,,
2026-07-25,2026-07-25T07:35:36,16,FPO,3024,Chris O'Cleary,914,196,0.0,0.0,0.0,0.0,0.0,0.0,0.0,4.7,183.8,97344,
2026-07-25,2026-07-25T07:35:36,16,FPO,3090,Elaine King,888,197,0.0,0.0,0.0,0.0,0.0,0.0,0.0,2.0,187.7,97344,
2026-07-25,2026-07-25T07:35:36,16,FPO,8803,Ruth Steele,872,161,2.0,0.0,0.0,0.0,0.0,0.0,0.0,2.0,166.2,,
2026-07-25,2026-07-25T07:35:36,16,FPO,15354,Jennifer Allen,967,39,313.0,0.28417,0.03378,1.0,0.95741,0.21204,0.0,778.2,27.2,96414;96415;97344;96418,
2026-07-25,2026-07-25T07:35:36,16,FPO,27832,Kona Star Montgomery,949,23,553.0,0.18401,0.15784,1.0,1.0,0.02304,0.0,897.5,21.9,96414;96415;96416;97344;96417;96418;96419,
2026-07-25,2026-07-25T07:35:36,16,FPO,29190,Paige Pierce,968,19,693.17,0.68581,0.65638,1.0,1.0,0.02893,0.0,1018.5,17.2,96414;97344;96418;96419,
2026-07-25,2026-07-25T07:35:36,16,FPO,29947,Stephanie Vincent,925,112,28.0,0.0,0.0,0.0,0.0,0.0,0.0,28.0,116.4,,
2026-07-25,2026-07-25T07:35:36,16,FPO,31041,Sheila Teves,883,179,0.0,0.0,0.0,0.0,0.0,0.0,0.0,0.0,204.7,,
2026-07-25,2026-07-25T07:35:36,16,FPO,32654,Lisa Fajkus,958,22,593.83,0.31532,0.26411,1.0,1.0,0.04317,0.0,933.1,20.5,96414;96415;96417;96418;96419,
2026-07-25,2026-07-25T07:35:36,16,FPO,32917,Rebecca Cox,951,32,397.0,0.06744,0.00664,1.0,0.97682,0.05126,0.0,735.3,29.2,96414;96415;97344;96417;96418,
2026-07-25,2026-07-25T07:35:36,16,FPO,32925,Lindsay Fish,882,154,2.0,0.0,0.0,0.0,0.0,0.0,0.0,2.0,170.9,,
2026-07-25,2026-07-25T07:35:36,16,FPO,34563,Sarah Hokom,949,67,101.0,0.02302,0.0,0.906,0.07019,0.01471,0.0,428.8,43.4,96414;96415;96416;97344;96417;96418,
2026-07-25,2026-07-25T07:35:36,16,FPO,35321,Sofie Björlycke,936,75,83.25,0.0,0.0,0.0,0.0,0.0,0.0,83.2,80.6,,
2026-07-25,2026-07-25T07:35:36,16,FPO,35774,Camilla Jernberg,873,147,7.5,0.0,0.0,0.0,0.0,0.0,0.0,7.5,152.7,,
2026-07-25,2026-07-25T07:35:36,16,FPO,36307,Amanda Branch,887,193,0.0,0.0,0.0,0.0,0.0,0.0,0.0,2.0,188.7,97344,
2026-07-25,2026-07-25T07:35:36,16,FPO,39504,Zoe AnDyke,930,80,77.0,0.0,0.0,0.0,0.0,0.0,0.0,77.0,85.5,,
2026-07-25,2026-07-25T07:35:36,16,FPO,43995,Taylor Foth,902,177,0.0,0.0,0.0,0.0,0.0,0.0,0.0,0.0,202.7,,
2026-07-25,2026-07-25T07:35:36,16,FPO,44184,Catrina Allen,961,7,1014.58,1.0,1.0,1.0,1.0,0.0,0.0,1279.8,9.5,100195;96414;96415;96416;97344;96417;96418;96419,
2026-07-25,2026-07-25T07:35:36,16,FPO,45407,Brittney Armentrout,851,157,2.0,0.0,0.0,0.0,0.0,0.0,0.0,2.0,164.1,,
2026-07-25,2026-07-25T07:35:36,16,FPO,48199,Alison Blakeman,870,184,0.0,0.0,0.0,0.0,0.0,0.0,0.0,0.0,207.6,,
2026-07-25,2026-07-25T07:35:36,16,FPO,48976,Ohn Scoggins,990,3,1469.0,1.0,1.0,1.0,1.0,0.0,0.57486,2228.2,1.6,100195;96414;96415;96416;97344;96417;96418;96419,
2026-07-25,2026-07-25T07:35:36,16,FPO,50656,Jessica Gurthie,955,17,734.0,1.0,0.94258,1.0,1.0,0.00025,0.0,1109.7,14.0,96414;96415;96416;97344;96417;96418;96419,
2026-07-25,2026-07-25T07:35:36,16,FPO,51277,Holly Finley,929,49,214.0,0.00043,0.0,0.84886,0.00078,0.00026,0.0,329.8,49.2,96414;96415;97344;96417;96418,
2026-07-25,2026-07-25T07:35:36,16,FPO,58303,Sai Ananda,949,66,102.0,0.00436,0.0,0.01512,6e-05,0.0037,0.0,177.5,62.7,97344,
2026-07-25,2026-07-25T07:35:36,16,FPO,59227,Henna Blomroos,969,10,890.0,1.0,0.99822,1.0,1.0,0.0,0.0,1202.7,11.3,96414;97344;96418;96419,
2026-07-25,2026-07-25T07:35:36,16,FPO,59431,Madison Walker,951,20,652.83,0.21023,0.1818,1.0,1.0,0.02459,0.0,910.7,21.4,96414;96415;96416;97344;96417;96418;96419,
2026-07-25,2026-07-25T07:35:36,16,FPO,60798,Madison Tomaino,921,74,83.5,0.0,0.0,0.0,0.0,0.0,0.0,119.2,69.3,96416,
2026-07-25,2026-07-25T07:35:36,16,FPO,61144,Emily Beach,901,174,0.0,0.0,0.0,0.0,0.0,0.0,0.0,0.0,206.0,,
2026-07-25,2026-07-25T07:35:36,16,FPO,61990,Katka Boďová,916,92,48.0,0.0,0.0,0.0,0.0,0.0,0.0,48.0,97.9,,
2026-07-25,2026-07-25T07:35:36,16,FPO,62879,Valerie Mandujano,975,13,799.16,1.0,1.0,1.0,1.0,0.0,0.0,1430.0,7.4,96414;96415;96416;97344;96417;96418;96419,
2026-07-25,2026-07-25T07:35:36,16,FPO,62880,Alexis Mandujano,960,35,352.5,0.18844,0.04495,1.0,0.99018,0.11516,0.0,803.0,26.1,96414;96415;97344;96417;96418,
2026-07-25,2026-07-25T07:35:36,16,FPO,63257,Maria Oliva,920,46,237.0,2e-05,0.0,0.87615,4e-05,1e-05,0.0,312.0,50.5,96414;96415;97344;96417;96418,
2026-07-25,2026-07-25T07:35:36,16,FPO,64927,Eveliina Salonen,988,6,1164.67,1.0,1.0,1.0,1.0,0.0,0.0,1658.0,5.5,96414;97344;96418;96419,
2026-07-25,2026-07-25T07:35:36,16,FPO,65489,Lauren Butler,916,55,157.75,1e-05,0.0,0.02032,0.0,0.0,0.0,223.4,57.7,96414;96415;97344;96417,
2026-07-25,2026-07-25T07:35:36,16,FPO,66063,Ashlee Johnson,859,178,0.0,0.0,0.0,0.0,0.0,0.0,0.0,0.0,201.2,,
2026-07-25,2026-07-25T07:35:36,16,FPO,66599,Heidi Laine,959,12,824.75,0.9828,0.98278,1.0,1.0,2e-05,0.0,1138.7,13.0,100195;96414;96415;96416;97344;96418;96419,
2026-07-25,2026-07-25T07:35:36,16,FPO,69584,Danielle Weigandt,853,160,2.0,0.0,0.0,0.0,0.0,0.0,0.0,2.0,161.1,,
2026-07-25,2026-07-25T07:35:36,16,FPO,71262,Erika Stinchcomb,920,45,261.25,2e-05,0.0,0.99118,7e-05,1e-05,0.0,329.8,49.0,96414;96415;97344;96417;96418,
2026-07-25,2026-07-25T07:35:36,16,FPO,72635,Kersti Miller,890,105,34.5,0.0,0.0,0.0,0.0,0.0,0.0,34.5,109.9,,
2026-07-25,2026-07-25T07:35:36,16,FPO,74708,Casey Pennington,916,99,39.5,0.0,0.0,0.0,0.0,0.0,0.0,39.5,102.8,,
2026-07-25,2026-07-25T07:35:36,16,FPO,75029,Cynthia Ricciotti,917,62,107.25,1e-05,0.0,0.00253,0.0,0.0,0.0,177.9,61.3,100195;96414;96415;97344;96417,
2026-07-25,2026-07-25T07:35:36,16,FPO,76009,Virginia Polkinghorne,884,186,0.0,0.0,0.0,0.0,0.0,0.0,0.0,1.4,196.5,100195,
2026-07-25,2026-07-25T07:35:36,16,FPO,77385,Matilda Ringbom,947,44,274.0,0.00992,0.0,0.40552,0.00016,0.00923,0.0,332.8,49.3,96418,
2026-07-25,2026-07-25T07:35:36,16,FPO,78232,Tiger Borth,899,124,21.0,0.0,0.0,0.0,0.0,0.0,0.0,23.3,124.1,97344,
2026-07-25,2026-07-25T07:35:36,16,FPO,79233,Cadence Burge,971,69,95.25,0.36311,0.00455,0.99563,0.64006,0.26278,0.0,662.2,32.5,96415;96416;97344;96417;96418,
2026-07-25,2026-07-25T07:35:36,16,FPO,80935,Lindsey Maas,902,108,32.25,0.0,0.0,0.0,0.0,0.0,0.0,39.3,105.0,96414;97344,
2026-07-25,2026-07-25T07:35:36,16,FPO,82809,Alex von Stade,893,121,22.0,0.0,0.0,0.0,0.0,0.0,0.0,22.0,125.9,,
2026-07-25,2026-07-25T07:35:36,16,FPO,83376,Cassandra Lioi,890,146,8.0,0.0,0.0,0.0,0.0,0.0,0.0,8.0,151.6,,
2026-07-25,2026-07-25T07:35:36,16,FPO,84279,Kaidi Allsalu,956,51,203.62,0.04552,0.0,0.0,0.0,0.04297,0.0,301.5,51.8,,
2026-07-25,2026-07-25T07:35:36,16,FPO,85189,Samantha Bonacci,870,133,16.5,0.0,0.0,0.0,0.0,0.0,0.0,16.5,138.7,,
2026-07-25,2026-07-25T07:35:36,16,FPO,85484,Anneli Tõugjas-Männiste,957,26,457.5,0.14737,0.04024,1.0,0.99928,0.08812,0.0,812.8,25.6,96414;96415;97344;96417;96418;96419,
2026-07-25,2026-07-25T07:35:36,16,FPO,85942,Missy Gannon,985,4,1384.83,1.0,1.0,1.0,1.0,0.0,0.00276,1894.2,4.0,96414;96415;96416;97344;96417;96418;96419,
2026-07-25,2026-07-25T07:35:36,16,FPO,87094,Rose Shertick,918,209,0.0,0.0,0.0,0.0,0.0,0.0,0.0,6.5,181.7,97344,
2026-07-25,2026-07-25T07:35:36,16,FPO,87443,Andrea Cammack,874,159,2.0,0.0,0.0,0.0,0.0,0.0,0.0,2.0,162.0,,
2026-07-25,2026-07-25T07:35:36,16,FPO,94085,Keiti Tätte,957,53,184.12,0.03058,0.0,0.0,0.0,0.02889,0.0,245.0,56.3,,
2026-07-25,2026-07-25T07:35:36,16,FPO,96090,Sonja Laine,899,103,36.0,0.0,0.0,0.0,0.0,0.0,0.0,36.0,107.1,,
2026-07-25,2026-07-25T07:35:36,16,FPO,96480,Tori Pasquin,833,170,2.0,0.0,0.0,0.0,0.0,0.0,0.0,2.0,170.1,,
2026-07-25,2026-07-25T07:35:36,16,FPO,97238,Jannicke Hjemli,862,144,9.75,0.0,0.0,0.0,0.0,0.0,0.0,9.8,149.3,,
2026-07-25,2026-07-25T07:35:36,16,FPO,99441,Lykke Lorentzen,923,95,43.0,0.0,0.0,0.0,0.0,0.0,0.0,58.2,92.6,100195;97344,
2026-07-25,2026-07-25T07:35:36,16,FPO,99455,Kat Mertsch,964,8,1004.67,1.0,1.0,1.0,1.0,0.0,0.0,1322.9,8.8,96414;96415;97344;96417;96418;96419,
2026-07-25,2026-07-25T07:35:36,16,FPO,101767,Sunny Stansbury,836,189,0.0,0.0,0.0,0.0,0.0,0.0,0.0,0.0,209.0,100195,
2026-07-25,2026-07-25T07:35:36,16,FPO,101949,Ratana McMahon,885,56,129.75,0.0,0.0,0.0,0.0,0.0,0.0,134.3,65.6,96415,
2026-07-25,2026-07-25T07:35:36,16,FPO,102024,Danielle Keen,896,176,0.0,0.0,0.0,0.0,0.0,0.0,0.0,0.0,204.2,,
2026-07-25,2026-07-25T07:35:36,16,FPO,103743,Karen Martel,926,136,15.0,0.0,0.0,0.0,0.0,0.0,0.0,27.7,125.6,97344,
2026-07-25,2026-07-25T07:35:36,16,FPO,104187,Macie Velediaz,957,41,294.67,0.09713,0.00094,1.0,0.68136,0.07658,0.0,631.1,33.9,96414;97344;96417;96418,
2026-07-25,2026-07-25T07:35:36,16,FPO,104314,Violet Main,945,40,301.0,0.01035,0.0,1.0,0.08806,0.00735,0.0,462.2,41.4,96414;97344;96417;96418,
2026-07-25,2026-07-25T07:35:36,16,FPO,104814,Ellie Bryant,904,118,23.75,0.0,0.0,0.0,0.0,0.0,0.0,23.8,121.9,,
2026-07-25,2026-07-25T07:35:36,16,FPO,105126,Aria Castruita,949,93,46.5,0.0,0.0,0.0,0.0,0.0,0.0,46.5,98.9,,
2026-07-25,2026-07-25T07:35:36,16,FPO,106489,Anna Pinter,875,123,21.75,0.0,0.0,0.0,0.0,0.0,0.0,21.8,128.0,,
2026-07-25,2026-07-25T07:35:36,16,FPO,107297,Maria Liivamägi,857,116,24.0,0.0,0.0,0.0,0.0,0.0,0.0,24.0,120.3,,
2026-07-25,2026-07-25T07:35:36,16,FPO,107335,Silva Saarinen,991,2,1585.84,1.0,1.0,1.0,1.0,0.0,0.31929,2176.5,1.9,96414;96415;97344;96418;96419,
2026-07-25,2026-07-25T07:35:36,16,FPO,108871,Brook Johnson,905,115,24.0,0.0,0.0,0.0,0.0,0.0,0.0,26.7,117.0,97344,
2026-07-25,2026-07-25T07:35:36,16,FPO,109337,Cathy Kuhn,860,175,0.0,0.0,0.0,0.0,0.0,0.0,0.0,0.0,205.8,,
2026-07-25,2026-07-25T07:35:36,16,FPO,109996,Anniken Kristiansen Steen,964,18,700.29,0.30216,0.20057,1.0,1.0,0.1003,0.0,914.5,21.2,97344;96418;96419,
2026-07-25,2026-07-25T07:35:36,16,FPO,111487,Emily Weatherman,958,14,777.83,0.95729,0.9571,1.0,1.0,0.00014,0.0,1118.8,13.7,96414;96415;97344;96417;96418;96419,
2026-07-25,2026-07-25T07:35:36,16,FPO,112647,Hanna Huynh,962,21,600.0,0.74741,0.73387,1.0,1.0,0.01119,0.0,1041.6,16.3,96414;96415;97344;96417;96418;96419,
2026-07-25,2026-07-25T07:35:36,16,FPO,115503,Olivia Kindstedt,946,52,189.0,0.00895,0.0,0.15822,0.00054,0.00826,0.0,293.6,52.3,97344,
2026-07-25,2026-07-25T07:35:36,16,FPO,116694,Kristi Unt,925,94,45.0,0.0,0.0,0.0,0.0,0.0,0.0,45.0,100.1,,
2026-07-25,2026-07-25T07:35:36,16,FPO,121554,Elina Rydberg,898,119,23.25,0.0,0.0,0.0,0.0,0.0,0.0,23.2,122.9,,
2026-07-25,2026-07-25T07:35:36,16,FPO,124064,Shelby Cowen,914,57,129.0,2e-05,0.0,0.00055,0.0,0.0,0.0,181.7,61.0,96414;96415;96417,
2026-07-25,2026-07-25T07:35:36,16,FPO,126226,Kati Chachere,843,169,2.0,0.0,0.0,0.0,0.0,0.0,0.0,2.0,169.0,,
2026-07-25,2026-07-25T07:35:36,16,FPO,128395,Michelle Saggboy,894,155,2.0,0.0,0.0,0.0,0.0,0.0,0.0,2.0,179.7,,
2026-07-25,2026-07-25T07:35:36,16,FPO,128532,Maarja Soasepp,905,96,42.0,0.0,0.0,0.0,0.0,0.0,0.0,42.0,101.6,,
2026-07-25,2026-07-25T07:35:36,16,FPO,130187,Kat Johnson,910,204,0.0,0.0,0.0,0.0,0.0,0.0,0.0,3.6,177.1,97344,
2026-07-25,2026-07-25T07:35:36,16,FPO,130342,Chantel Budinsky,957,86,58.5,0.04671,0.0,0.11429,0.00176,0.0312,0.0,271.5,54.8,97344;96417,
2026-07-25,2026-07-25T07:35:36,16,FPO,130822,Hannah Manis,932,201,0.0,2e-05,0.0,2e-05,0.0,0.0,0.0,20.2,149.5,97344,
2026-07-25,2026-07-25T07:35:36,16,FPO,131583,Hannah Lengel,954,190,0.0,0.01296,0.0,0.00099,0.0,0.00211,0.0,126.6,71.9,96414;96417,
2026-07-25,2026-07-25T07:35:36,16,FPO,132291,Ashley Phelps,904,120,23.0,0.0,0.0,0.0,0.0,0.0,0.0,23.0,124.4,,
2026-07-25,2026-07-25T07:35:36,16,FPO,132627,Jenn Cazanov-Diggs,905,152,2.0,0.0,0.0,0.0,0.0,0.0,0.0,2.0,167.8,,
2026-07-25,2026-07-25T07:35:36,16,FPO,133547,Holyn Handley,986,1,1668.34,1.0,1.0,1.0,1.0,0.0,0.10309,2088.0,2.7,96414;96415;96416;97344;96418;96419,
2026-07-25,2026-07-25T07:35:36,16,FPO,133701,Nathalie Ortiz,907,83,64.25,0.0,0.0,0.0,0.0,0.0,0.0,64.2,89.3,,
2026-07-25,2026-07-25T07:35:36,16,FPO,135383,Emma Arp,912,185,0.0,0.0,0.0,0.0,0.0,0.0,0.0,4.9,165.1,100195,
2026-07-25,2026-07-25T07:35:36,16,FPO,138272,Raven Klein,941,27,452.5,0.01804,0.00015,1.0,0.9321,0.01575,0.0,655.8,33.0,96414;96415;97344;96417;96418,
2026-07-25,2026-07-25T07:35:36,16,FPO,139109,Leah Tsinajinnie,927,82,71.0,1e-05,0.0,7e-05,0.0,0.0,0.0,84.8,82.9,97344,
2026-07-25,2026-07-25T07:35:36,16,FPO,139387,Hanna Jansson,903,90,50.25,0.0,0.0,0.0,0.0,0.0,0.0,50.2,95.3,,
2026-07-25,2026-07-25T07:35:36,16,FPO,139738,Megan Dophal,908,208,0.0,0.0,0.0,0.0,0.0,0.0,0.0,3.2,189.4,97344,
2026-07-25,2026-07-25T07:35:36,16,FPO,140660,María Eldey Kristínardóttir,916,72,91.5,0.0,0.0,0.0,0.0,0.0,0.0,91.5,78.3,,
2026-07-25,2026-07-25T07:35:36,16,FPO,140947,Nina Bennett,946,97,40.5,0.00447,0.0,0.00976,2e-05,0.00156,0.0,150.7,67.2,97344;96417,
2026-07-25,2026-07-25T07:35:36,16,FPO,142259,Katheryn Maloney,901,205,0.0,0.0,0.0,0.0,0.0,0.0,0.0,2.4,179.0,97344,
2026-07-25,2026-07-25T07:35:36,16,FPO,142354,Alexis Kerman,921,54,176.0,1e-05,0.0,0.51983,5e-05,0.0,0.0,292.7,52.2,96414;96415;96416;97344;96417;96418,
2026-07-25,2026-07-25T07:35:36,16,FPO,143423,Ember Simonis,916,198,0.0,0.0,0.0,0.0,0.0,0.0,0.0,5.5,178.0,97344,
2026-07-25,2026-07-25T07:35:36,16,FPO,143720,Jessica Kinard,906,192,0.0,0.0,0.0,0.0,0.0,0.0,0.0,29.7,117.7,96416,
2026-07-25,2026-07-25T07:35:36,16,FPO,144112,Ella Hansen,976,5,1310.41,1.0,1.0,1.0,1.0,0.0,0.0,1660.7,5.5,96414;96415;96416;97344;96418;96419,
2026-07-25,2026-07-25T07:35:36,16,FPO,144791,Emily Yale,893,70,92.0,0.0,0.0,0.0,0.0,0.0,0.0,100.6,74.4,96415;97344,
2026-07-25,2026-07-25T07:35:36,16,FPO,146137,Dani K. Hart,951,28,451.5,0.07004,0.00591,1.0,0.99425,0.0542,0.0,745.0,28.7,96414;96415;97344;96417;96418,
2026-07-25,2026-07-25T07:35:36,16,FPO,146304,MJ Gager,933,34,355.83,0.00054,0.0,1.0,0.00519,0.00044,0.0,409.8,43.9,96415;97344;96418,
2026-07-25,2026-07-25T07:35:36,16,FPO,147050,Ali Smith,946,61,112.5,0.0,0.0,0.0,0.0,0.0,0.0,112.5,70.1,,
2026-07-25,2026-07-25T07:35:36,16,FPO,147393,Sadie Shattuck,866,134,16.0,0.0,0.0,0.0,0.0,0.0,0.0,16.0,140.6,,
2026-07-25,2026-07-25T07:35:36,16,FPO,149548,VicToria Scott,887,211,0.0,0.0,0.0,0.0,0.0,0.0,0.0,2.0,195.9,97344,
2026-07-25,2026-07-25T07:35:36,16,FPO,149803,Candyce Boyce,895,106,33.0,0.0,0.0,0.0,0.0,0.0,0.0,33.0,111.5,,
2026-07-25,2026-07-25T07:35:36,16,FPO,150057,Hailey Huber,932,77,81.0,0.0,0.0,0.0,0.0,0.0,0.0,81.0,83.1,,
2026-07-25,2026-07-25T07:35:36,16,FPO,151072,Jennifer Rice,894,130,18.0,0.0,0.0,0.0,0.0,0.0,0.0,18.0,135.3,,
2026-07-25,2026-07-25T07:35:36,16,FPO,152191,Kelley Foster,933,33,361.5,0.00288,0.0,1.0,0.34084,0.00235,0.0,531.2,38.1,96414;96415;96416;96417;96418,
2026-07-25,2026-07-25T07:35:36,16,FPO,154098,Ariel Walker,943,98,40.25,0.00017,0.0,0.00033,0.0,9e-05,0.0,83.6,84.4,97344,
2026-07-25,2026-07-25T07:35:36,16,FPO,155026,Amanda Lennartsson,947,31,409.0,0.0099,0.0,1.0,0.04681,0.00931,0.0,467.7,41.0,96418,
2026-07-25,2026-07-25T07:35:36,16,FPO,156259,Ella Tejler,898,81,73.5,0.0,0.0,0.0,0.0,0.0,0.0,73.5,86.8,,
2026-07-25,2026-07-25T07:35:36,16,FPO,156781,Audrey Wicklander,891,194,0.0,0.0,0.0,0.0,0.0,0.0,0.0,2.1,187.3,97344,
2026-07-25,2026-07-25T07:35:36,16,FPO,157471,Nid Ovathanasin,936,135,15.0,0.00021,0.0,0.00039,0.0,2e-05,0.0,73.6,90.2,96414;97344,
2026-07-25,2026-07-25T07:35:36,16,FPO,158385,Destyne Martinez,865,151,2.0,0.0,0.0,0.0,0.0,0.0,0.0,2.0,192.0,,
2026-07-25,2026-07-25T07:35:36,16,FPO,158461,Shiru Liu,914,84,63.5,0.0,0.0,0.0,0.0,0.0,0.0,63.5,90.4,,
2026-07-25,2026-07-25T07:35:36,16,FPO,160103,Jacquelyn DeLude,877,202,0.0,0.0,0.0,0.0,0.0,0.0,0.0,2.0,182.7,97344,
2026-07-25,2026-07-25T07:35:36,16,FPO,161231,Sarah May,856,165,2.0,0.0,0.0,0.0,0.0,0.0,0.0,2.0,173.4,,
2026-07-25,2026-07-25T07:35:36,16,FPO,161918,Addison Woodard,950,42,285.08,0.04151,0.00023,1.0,0.56964,0.03202,0.0,590.2,35.7,96414;96415;97344;96417;96418,
2026-07-25,2026-07-25T07:35:36,16,FPO,162735,Eden Fornoff,922,191,0.0,1e-05,0.0,0.0,0.0,0.0,0.0,20.4,132.0,96415,
2026-07-25,2026-07-25T07:35:36,16,FPO,162896,Therese Cuevas,937,48,231.5,0.00134,0.0,0.2543,0.00026,0.00127,0.0,291.6,52.4,97344;96418,
2026-07-25,2026-07-25T07:35:36,16,FPO,164788,Alecia Hinkson,930,60,112.5,0.00041,0.0,0.06901,3e-05,0.00013,0.0,229.9,57.2,96414;96415;97344;96417,
2026-07-25,2026-07-25T07:35:36,16,FPO,165652,Ceci Vollbrecht,899,195,0.0,0.0,0.0,0.0,0.0,0.0,0.0,2.3,188.1,97344,
2026-07-25,2026-07-25T07:35:36,16,FPO,166082,Ashton Webberley,904,156,2.0,0.0,0.0,0.0,0.0,0.0,0.0,2.0,164.7,,
2026-07-25,2026-07-25T07:35:36,16,FPO,166749,Mackenzie Morris,884,145,9.0,0.0,0.0,0.0,0.0,0.0,0.0,9.0,150.5,,
2026-07-25,2026-07-25T07:35:36,16,FPO,167255,AK Kaestner,820,172,2.0,0.0,0.0,0.0,0.0,0.0,0.0,2.0,176.4,,
2026-07-25,2026-07-25T07:35:36,16,FPO,168863,Trinity Bryant,921,47,235.0,2e-05,0.0,0.6646,3e-05,2e-05,0.0,301.4,51.5,96414;96416;97344;96418,
2026-07-25,2026-07-25T07:35:36,16,FPO,170182,Rebecca Minnick,865,109,29.0,0.0,0.0,0.0,0.0,0.0,0.0,29.0,113.3,,
2026-07-25,2026-07-25T07:35:36,16,FPO,173601,Marie Kielas,914,89,51.0,0.0,0.0,0.0,0.0,0.0,0.0,51.0,94.2,,
2026-07-25,2026-07-25T07:35:36,16,FPO,176242,Morgan Lynds,931,73,87.75,3e-05,0.0,0.00019,0.0,2e-05,0.0,107.1,74.3,97344,
2026-07-25,2026-07-25T07:35:36,16,FPO,176243,Jordan Lynds,945,59,113.25,0.00521,0.0,0.08297,0.00031,0.00437,0.0,237.3,56.8,96414;97344,
2026-07-25,2026-07-25T07:35:36,16,FPO,176481,Karissa Dedmon,917,85,59.0,0.0,0.0,0.0,0.0,0.0,0.0,64.9,89.9,97344,
2026-07-25,2026-07-25T07:35:36,16,FPO,178707,Joleigh Miller,929,65,102.0,0.0,0.0,0.0,0.0,0.0,0.0,102.0,73.7,,
2026-07-25,2026-07-25T07:35:36,16,FPO,178748,Kendyl Sullivan,887,162,2.0,0.0,0.0,0.0,0.0,0.0,0.0,2.0,167.8,,
2026-07-25,2026-07-25T07:35:36,16,FPO,179200,Jamie Williams,863,180,0.0,0.0,0.0,0.0,0.0,0.0,0.0,0.0,211.4,,
2026-07-25,2026-07-25T07:35:36,16,FPO,179873,Jenny Larsson,921,87,54.0,0.0,0.0,0.0,0.0,0.0,0.0,54.0,93.0,,
2026-07-25,2026-07-25T07:35:36,16,FPO,181772,Ida Emilie Nesse,948,37,334.0,0.03714,0.00044,1.0,0.73765,0.03006,0.0,626.5,34.2,96414;96415;97344;96417;96418,
2026-07-25,2026-07-25T07:35:36,16,FPO,182450,Kajsa Wahl,893,102,36.75,0.0,0.0,0.0,0.0,0.0,0.0,36.8,106.1,,
2026-07-25,2026-07-25T07:35:36,16,FPO,182582,Addison Clark,824,212,0.0,0.0,0.0,0.0,0.0,0.0,0.0,16.5,139.3,96417,
2026-07-25,2026-07-25T07:35:36,16,FPO,184609,Elva-Kate Preston,908,63,107.25,0.0,0.0,2e-05,0.0,0.0,0.0,133.9,66.3,100195;96414;96415;97344,
2026-07-25,2026-07-25T07:35:36,16,FPO,184736,Jennifer Smiley,934,36,337.75,0.00177,0.0,1.0,0.11577,0.00118,0.0,477.1,40.5,96414;96415;97344;96417;96418,
2026-07-25,2026-07-25T07:35:36,16,FPO,185057,Josefine Johansson,934,76,81.0,0.0,0.0,0.00046,0.0,0.0,0.0,105.1,75.1,97344,
2026-07-25,2026-07-25T07:35:36,16,FPO,185534,Sofia Donnecke,961,24,547.5,0.16087,0.01069,1.0,0.99967,0.1408,0.0,783.1,26.9,96414;96418;96419,
2026-07-25,2026-07-25T07:35:36,16,FPO,185627,Athena Cuevas,866,137,14.0,0.0,0.0,0.0,0.0,0.0,0.0,14.0,141.7,,
2026-07-25,2026-07-25T07:35:36,16,FPO,186277,Kassandra Fog Wichmann,871,149,6.0,0.0,0.0,0.0,0.0,0.0,0.0,6.0,154.4,,
2026-07-25,2026-07-25T07:35:36,16,FPO,186629,Sanne Dalseth,880,139,13.5,0.0,0.0,0.0,0.0,0.0,0.0,13.5,143.0,,
2026-07-25,2026-07-25T07:35:36,16,FPO,188837,JJ Sun,883,183,0.0,0.0,0.0,0.0,0.0,0.0,0.0,0.0,201.4,,
2026-07-25,2026-07-25T07:35:36,16,FPO,189702,Taylor Chocek,947,15,749.95,0.16613,0.15233,1.0,1.0,0.01335,0.0,918.0,21.0,96414;96415;96418;96419,
2026-07-25,2026-07-25T07:35:36,16,FPO,193215,Lexi Marx,929,113,25.5,6e-05,0.0,0.00027,0.0,0.0,0.0,90.3,81.0,96414;96415;97344,
2026-07-25,2026-07-25T07:35:36,16,FPO,195549,Kylie Kohut,933,43,285.0,0.00064,0.0,0.99964,0.00205,0.00041,0.0,371.8,46.2,100195;96414;96415;96418,
2026-07-25,2026-07-25T07:35:36,16,FPO,195550,Peyton Kohut,913,88,52.5,0.0,0.0,0.0,0.0,0.0,0.0,82.4,82.6,100195;96414;96415,
2026-07-25,2026-07-25T07:35:36,16,FPO,196237,Kaire Tekku,923,79,78.75,0.0,0.0,0.0,0.0,0.0,0.0,78.8,84.3,,
2026-07-25,2026-07-25T07:35:36,16,FPO,197689,Isabella Parker,877,129,18.0,0.0,0.0,0.0,0.0,0.0,0.0,18.0,134.9,,
2026-07-25,2026-07-25T07:35:36,16,FPO,198446,Eliezra Midtlyng,948,11,833.58,0.79373,0.79344,1.0,1.0,0.00029,0.0,1035.2,16.4,96414;96415;96416;97344;96417;96418;96419,
2026-07-25,2026-07-25T07:35:36,16,FPO,198721,Hannah Kellar,898,100,38.0,0.0,0.0,0.0,0.0,0.0,0.0,38.0,104.8,,
2026-07-25,2026-07-25T07:35:36,16,FPO,202571,Elizabete Pēkšena,932,50,205.5,0.00044,0.0,0.06277,1e-05,0.00041,0.0,247.3,55.8,97344;96418,
2026-07-25,2026-07-25T07:35:36,16,FPO,208576,Rebecca Don,961,9,926.99,0.99974,0.99974,1.0,1.0,0.0,0.0,1230.7,10.6,96414;96415;97344;96418;96419,
2026-07-25,2026-07-25T07:35:36,16,FPO,209432,Eden Fletcher,905,101,38.0,0.0,0.0,0.0,0.0,0.0,0.0,38.0,104.1,,
2026-07-25,2026-07-25T07:35:36,16,FPO,209462,Erika Apple,854,171,2.0,0.0,0.0,0.0,0.0,0.0,0.0,2.0,172.9,,
2026-07-25,2026-07-25T07:35:36,16,FPO,210287,Mara Neal,864,164,2.0,0.0,0.0,0.0,0.0,0.0,0.0,2.0,171.7,,
2026-07-25,2026-07-25T07:35:36,16,FPO,210972,Kristýna Jurčíková,970,38,331.0,0.26888,0.00167,1.0,0.64051,0.24125,0.0,653.2,32.9,97344;96418,
2026-07-25,2026-07-25T07:35:36,16,FPO,214417,Fleur Verberk,899,199,0.0,0.0,0.0,0.0,0.0,0.0,0.0,2.3,184.4,97344,
2026-07-25,2026-07-25T07:35:36,16,FPO,215439,Sheliemae Lai,946,71,92.0,0.0,0.0,0.0,0.0,0.0,0.0,92.0,77.3,,
2026-07-25,2026-07-25T07:35:36,16,FPO,215495,Kelsey Martin,877,206,0.0,0.0,0.0,0.0,0.0,0.0,0.0,2.0,179.7,97344,
2026-07-25,2026-07-25T07:35:36,16,FPO,216558,Iida Lehtomäki,963,29,430.25,0.12159,1e-05,1.0,0.37649,0.1104,0.0,576.7,36.3,97344;96418,
2026-07-25,2026-07-25T07:35:36,16,FPO,217892,Katie Tews,892,114,25.5,0.0,0.0,0.0,0.0,0.0,0.0,25.5,118.6,,
2026-07-25,2026-07-25T07:35:36,16,FPO,218760,Sarah Duran,865,142,11.0,0.0,0.0,0.0,0.0,0.0,0.0,11.0,147.1,,
2026-07-25,2026-07-25T07:35:36,16,FPO,218779,Amanda Brightwell,831,167,2.0,0.0,0.0,0.0,0.0,0.0,0.0,2.0,175.0,,
2026-07-25,2026-07-25T07:35:36,16,FPO,219693,Anna Damberga,864,125,21.0,0.0,0.0,0.0,0.0,0.0,0.0,21.0,129.2,,
2026-07-25,2026-07-25T07:35:36,16,FPO,221583,Evie Lou Ramey,894,188,0.0,0.0,0.0,0.0,0.0,0.0,0.0,0.8,201.7,100195,
2026-07-25,2026-07-25T07:35:36,16,FPO,222693,Tanisha Platero,856,158,2.0,0.0,0.0,0.0,0.0,0.0,0.0,2.0,163.0,,
2026-07-25,2026-07-25T07:35:36,16,FPO,222973,Martje Sumowski,913,107,33.0,0.0,0.0,0.0,0.0,0.0,0.0,33.0,111.5,,
2026-07-25,2026-07-25T07:35:36,16,FPO,223975,Laura Tatiana Niño Carranza,875,153,2.0,0.0,0.0,0.0,0.0,0.0,0.0,4.0,158.3,97344,
2026-07-25,2026-07-25T07:35:36,16,FPO,224238,Julia Fors,962,30,428.5,0.15233,0.00229,1.0,0.85162,0.14049,0.0,686.0,31.5,97344;96418,
2026-07-25,2026-07-25T07:35:36,16,FPO,225016,Naomi Suyat,869,182,0.0,0.0,0.0,0.0,0.0,0.0,0.0,0.0,200.0,,
2026-07-25,2026-07-25T07:35:36,16,FPO,227315,Sarah Wadsworth,901,187,0.0,0.0,0.0,0.0,0.0,0.0,0.0,10.7,148.4,100195;96415,
2026-07-25,2026-07-25T07:35:36,16,FPO,228486,Stefani Ewell,857,143,10.0,0.0,0.0,0.0,0.0,0.0,0.0,10.0,148.2,,
2026-07-25,2026-07-25T07:35:36,16,FPO,229526,Sintija Klezberga,955,16,737.5,0.8278,0.82655,1.0,1.0,0.00112,0.0,1049.7,15.9,96414;96415;97344;96417;96418;96419,
2026-07-25,2026-07-25T07:35:36,16,FPO,231650,Tailey Rowley,911,68,96.25,0.0,0.0,0.0,0.0,0.0,0.0,100.1,74.8,97344,
2026-07-25,2026-07-25T07:35:36,16,FPO,232666,Rebecka Hoppe,850,150,6.0,0.0,0.0,0.0,0.0,0.0,0.0,6.0,154.6,,
2026-07-25,2026-07-25T07:35:36,16,FPO,232722,Julia Hauch,911,203,0.0,0.0,0.0,0.0,0.0,0.0,0.0,3.8,177.5,97344,
2026-07-25,2026-07-25T07:35:36,16,FPO,235368,Madalyn Payton,896,173,0.0,0.0,0.0,0.0,0.0,0.0,0.0,0.0,205.0,,
2026-07-25,2026-07-25T07:35:36,16,FPO,238187,Ann Deputy,918,78,80.25,0.0,0.0,1e-05,0.0,0.0,0.0,86.8,80.5,97344,
2026-07-25,2026-07-25T07:35:36,16,FPO,240590,Amelia Saechao,873,117,24.0,0.0,0.0,0.0,0.0,0.0,0.0,24.0,120.2,,
2026-07-25,2026-07-25T07:35:36,16,FPO,242116,Eva Lutsenko,924,122,21.75,0.0,0.0,0.0,0.0,0.0,0.0,21.8,127.1,,
2026-07-25,2026-07-25T07:35:36,16,FPO,242331,Ida Kennmark,867,138,13.5,0.0,0.0,0.0,0.0,0.0,0.0,13.5,143.6,,
2026-07-25,2026-07-25T07:35:36,16,FPO,245180,Chelsea Sutton,859,168,2.0,0.0,0.0,0.0,0.0,0.0,0.0,2.0,176.0,,
2026-07-25,2026-07-25T07:35:36,16,FPO,245306,Netta Leppäaho,945,64,105.75,0.0,0.0,0.0,0.0,0.0,0.0,105.8,71.9,,
2026-07-25,2026-07-25T07:35:36,16,FPO,245317,Sophi Stephenson,859,140,12.0,0.0,0.0,0.0,0.0,0.0,0.0,12.0,145.0,,
2026-07-25,2026-07-25T07:35:36,16,FPO,254333,Jess Zilch,874,127,19.5,0.0,0.0,0.0,0.0,0.0,0.0,19.5,131.3,,
2026-07-25,2026-07-25T07:35:36,16,FPO,255962,Samantha Zaborowski,901,210,0.0,0.0,0.0,0.0,0.0,0.0,0.0,2.4,193.7,97344,
2026-07-25,2026-07-25T07:35:36,16,FPO,256846,Lea Tomas,888,207,0.0,0.0,0.0,0.0,0.0,0.0,0.0,2.0,186.1,97344,
2026-07-25,2026-07-25T07:35:36,16,FPO,259972,Marion Mattsson,858,141,11.25,0.0,0.0,0.0,0.0,0.0,0.0,11.2,146.0,,
2026-07-25,2026-07-25T07:35:36,16,FPO,261058,Jessica Erickson,891,91,49.0,0.0,0.0,0.0,0.0,0.0,0.0,49.0,96.8,,
2026-07-25,2026-07-25T07:35:36,16,FPO,261216,Victoria Christensen,863,132,17.25,0.0,0.0,0.0,0.0,0.0,0.0,17.2,136.8,,
2026-07-25,2026-07-25T07:35:36,16,FPO,268900,Natalie Berg,883,126,19.5,0.0,0.0,0.0,0.0,0.0,0.0,19.5,130.3,,
2026-07-25,2026-07-25T07:35:36,16,FPO,269838,Daisy Kelly,882,181,0.0,0.0,0.0,0.0,0.0,0.0,0.0,0.0,198.3,,
2026-07-25,2026-07-25T07:35:36,16,FPO,277832,Chandler Reigh,939,25,463.25,0.01405,0.0002,1.0,0.97993,0.01242,0.0,673.8,32.2,100195;96414;96415;96416;97344;96417;96418,
2026-07-25,2026-07-25T07:35:36,16,FPO,278450,Brit Hamburg-Kiin,854,111,28.5,0.0,0.0,0.0,0.0,0.0,0.0,28.5,114.4,,
2026-07-25,2026-07-25T07:35:36,16,FPO,279466,Gry Nagel,820,131,18.0,0.0,0.0,0.0,0.0,0.0,0.0,18.0,134.0,,
2026-07-25,2026-07-25T07:35:36,16,FPO,281626,Una Lokmane,878,110,28.5,0.0,0.0,0.0,0.0,0.0,0.0,28.5,115.3,,
2026-07-25,2026-07-25T07:35:36,16,FPO,284553,Katherine Aydelott,861,148,6.0,0.0,0.0,0.0,0.0,0.0,0.0,6.0,155.6,,
2026-07-25,2026-07-25T07:35:36,16,FPO,286978,Michelle Southworth,800,166,2.0,0.0,0.0,0.0,0.0,0.0,0.0,2.0,174.1,,
2026-07-25,2026-07-25T07:35:36,16,FPO,288014,Jordan Coomes,840,128,18.0,0.0,0.0,0.0,0.0,0.0,0.0,18.0,132.7,,
2026-07-25,2026-07-25T07:35:36,16,FPO,297287,Marta Villa,856,163,2.0,0.0,0.0,0.0,0.0,0.0,0.0,2.0,168.1,,
2026-07-25,2026-07-25T07:35:36,16,FPO,302765,Grace Wilson,891,200,0.0,0.0,0.0,0.0,0.0,0.0,0.0,2.1,188.4,97344,
2026-07-25,2026-07-25T07:35:36,16,FPO,308525,Saga Dahlstedt,917,58,127.5,0.0,0.0,0.0,0.0,0.0,0.0,127.5,67.3,,
2026-07-25,2026-07-25T07:35:36,16,FPO,311218,Mina Alme,902,104,35.25,0.0,0.0,0.0,0.0,0.0,0.0,35.2,108.8,,
2026-07-26,2026-07-26T00:35:43,16,FPO,3024,Chris O'Cleary,914,195,0.0,0.0,0.0,0.0,0.0,0.0,0.0,4.7,182.1,97344,
2026-07-26,2026-07-26T00:35:43,16,FPO,3090,Elaine King,888,196,0.0,0.0,0.0,0.0,0.0,0.0,0.0,2.0,188.4,97344,
2026-07-26,2026-07-26T00:35:43,16,FPO,8803,Ruth Steele,872,161,2.0,0.0,0.0,0.0,0.0,0.0,0.0,2.0,166.2,,
2026-07-26,2026-07-26T00:35:43,16,FPO,15354,Jennifer Allen,967,39,313.0,0.19466,0.0004,0.99996,0.48348,0.17567,0.0,600.5,35.1,97344;96418,
2026-07-26,2026-07-26T00:35:43,16,FPO,27832,Kona Star Montgomery,949,23,553.0,0.18631,0.1593,1.0,1.0,0.02352,0.0,899.5,21.7,96414;96415;96416;97344;96417;96418;96419,
2026-07-26,2026-07-26T00:35:43,16,FPO,29190,Paige Pierce,968,19,693.17,0.6869,0.65648,1.0,1.0,0.02982,0.0,1019.8,17.1,96414;97344;96418;96419,
2026-07-26,2026-07-26T00:35:43,16,FPO,29947,Stephanie Vincent,925,112,28.0,0.0,0.0,0.0,0.0,0.0,0.0,28.0,116.4,,
2026-07-26,2026-07-26T00:35:43,16,FPO,31041,Sheila Teves,883,179,0.0,0.0,0.0,0.0,0.0,0.0,0.0,0.0,210.4,,
2026-07-26,2026-07-26T00:35:43,16,FPO,32654,Lisa Fajkus,958,22,593.83,0.32341,0.27175,1.0,1.0,0.04339,0.0,935.1,20.3,96414;96415;96417;96418;96419,
2026-07-26,2026-07-26T00:35:43,16,FPO,32917,Rebecca Cox,951,32,397.0,0.06958,0.00703,1.0,0.98433,0.05301,0.0,737.8,28.7,96414;96415;97344;96417;96418,
2026-07-26,2026-07-26T00:35:43,16,FPO,32925,Lindsay Fish,882,154,2.0,0.0,0.0,0.0,0.0,0.0,0.0,2.0,171.0,,
2026-07-26,2026-07-26T00:35:43,16,FPO,34563,Sarah Hokom,949,67,101.0,0.02279,0.0,0.89878,0.08294,0.01476,0.0,430.2,43.4,96414;96415;96416;97344;96417;96418,
2026-07-26,2026-07-26T00:35:43,16,FPO,35321,Sofie Björlycke,936,75,83.25,0.0,0.0,0.0,0.0,0.0,0.0,83.2,80.6,,
2026-07-26,2026-07-26T00:35:43,16,FPO,35774,Camilla Jernberg,873,147,7.5,0.0,0.0,0.0,0.0,0.0,0.0,7.5,152.6,,
2026-07-26,2026-07-26T00:35:43,16,FPO,36307,Amanda Branch,887,192,0.0,0.0,0.0,0.0,0.0,0.0,0.0,2.0,178.2,97344,
2026-07-26,2026-07-26T00:35:43,16,FPO,39504,Zoe AnDyke,930,80,77.0,0.0,0.0,0.0,0.0,0.0,0.0,77.0,85.5,,
2026-07-26,2026-07-26T00:35:43,16,FPO,43995,Taylor Foth,902,177,0.0,0.0,0.0,0.0,0.0,0.0,0.0,0.0,201.8,,
2026-07-26,2026-07-26T00:35:43,16,FPO,44184,Catrina Allen,961,7,1014.58,1.0,1.0,1.0,1.0,0.0,0.0,1280.3,9.5,100195;96414;96415;96416;97344;96417;96418;96419,
2026-07-26,2026-07-26T00:35:43,16,FPO,45407,Brittney Armentrout,851,157,2.0,0.0,0.0,0.0,0.0,0.0,0.0,2.0,164.1,,
2026-07-26,2026-07-26T00:35:43,16,FPO,48199,Alison Blakeman,870,184,0.0,0.0,0.0,0.0,0.0,0.0,0.0,0.0,208.0,,
2026-07-26,2026-07-26T00:35:43,16,FPO,48976,Ohn Scoggins,990,3,1469.0,1.0,1.0,1.0,1.0,0.0,0.57619,2228.5,1.6,100195;96414;96415;96416;97344;96417;96418;96419,
2026-07-26,2026-07-26T00:35:43,16,FPO,50656,Jessica Gurthie,955,17,734.0,1.0,0.94289,1.0,1.0,0.00014,0.0,1111.1,14.0,96414;96415;96416;97344;96417;96418;96419,
2026-07-26,2026-07-26T00:35:43,16,FPO,51277,Holly Finley,929,49,214.0,0.00037,0.0,0.83003,0.0011,0.00014,0.0,330.9,49.4,96414;96415;97344;96417;96418,
2026-07-26,2026-07-26T00:35:43,16,FPO,58303,Sai Ananda,949,66,102.0,0.00367,0.0,0.01378,4e-05,0.00308,0.0,175.8,63.1,97344,
2026-07-26,2026-07-26T00:35:43,16,FPO,59227,Henna Blomroos,969,10,890.0,1.0,0.99784,1.0,1.0,0.0,0.0,1203.5,11.3,96414;97344;96418;96419,
2026-07-26,2026-07-26T00:35:43,16,FPO,59431,Madison Walker,951,20,652.83,0.21339,0.18333,1.0,1.0,0.02616,0.0,912.4,21.2,96414;96415;96416;97344;96417;96418;96419,
2026-07-26,2026-07-26T00:35:43,16,FPO,60798,Madison Tomaino,921,74,83.5,0.0,0.0,0.0,0.0,0.0,0.0,119.2,69.5,96416,
2026-07-26,2026-07-26T00:35:43,16,FPO,61144,Emily Beach,901,174,0.0,0.0,0.0,0.0,0.0,0.0,0.0,0.0,204.8,,
2026-07-26,2026-07-26T00:35:43,16,FPO,61990,Katka Boďová,916,92,48.0,0.0,0.0,0.0,0.0,0.0,0.0,48.0,98.0,,
2026-07-26,2026-07-26T00:35:43,16,FPO,62879,Valerie Mandujano,975,13,799.16,1.0,1.0,1.0,1.0,0.0,0.0,1432.4,7.4,96414;96415;96416;97344;96417;96418;96419,
2026-07-26,2026-07-26T00:35:43,16,FPO,62880,Alexis Mandujano,960,35,352.5,0.19033,0.04608,1.0,0.99278,0.11529,0.0,805.7,25.7,96414;96415;97344;96417;96418,
2026-07-26,2026-07-26T00:35:43,16,FPO,63257,Maria Oliva,920,46,237.0,3e-05,0.0,0.84985,8e-05,0.0,0.0,313.5,50.6,96414;96415;97344;96417;96418,
2026-07-26,2026-07-26T00:35:43,16,FPO,64927,Eveliina Salonen,988,6,1164.67,1.0,1.0,1.0,1.0,0.0,0.0,1659.3,5.5,96414;97344;96418;96419,
2026-07-26,2026-07-26T00:35:43,16,FPO,65489,Lauren Butler,916,55,157.75,1e-05,0.0,0.01998,0.0,0.0,0.0,224.9,57.8,96414;96415;97344;96417,
2026-07-26,2026-07-26T00:35:43,16,FPO,66063,Ashlee Johnson,859,178,0.0,0.0,0.0,0.0,0.0,0.0,0.0,0.0,203.8,,
2026-07-26,2026-07-26T00:35:43,16,FPO,66599,Heidi Laine,959,12,824.75,0.98487,0.98482,1.0,1.0,5e-05,0.0,1142.5,13.0,100195;96414;96415;96416;97344;96418;96419,
2026-07-26,2026-07-26T00:35:43,16,FPO,69584,Danielle Weigandt,853,160,2.0,0.0,0.0,0.0,0.0,0.0,0.0,2.0,161.1,,
2026-07-26,2026-07-26T00:35:43,16,FPO,71262,Erika Stinchcomb,920,45,261.25,1e-05,0.0,0.98386,0.00011,0.0,0.0,331.3,49.1,96414;96415;97344;96417;96418,
2026-07-26,2026-07-26T00:35:43,16,FPO,72635,Kersti Miller,890,105,34.5,0.0,0.0,0.0,0.0,0.0,0.0,34.5,109.9,,
2026-07-26,2026-07-26T00:35:43,16,FPO,74708,Casey Pennington,916,99,39.5,0.0,0.0,0.0,0.0,0.0,0.0,39.5,102.8,,
2026-07-26,2026-07-26T00:35:43,16,FPO,75029,Cynthia Ricciotti,917,62,107.25,1e-05,0.0,0.00262,0.0,0.0,0.0,181.3,61.3,100195;96414;96415;97344;96417,
2026-07-26,2026-07-26T00:35:43,16,FPO,76009,Virginia Polkinghorne,884,186,0.0,0.0,0.0,0.0,0.0,0.0,0.0,2.5,182.9,100195,
2026-07-26,2026-07-26T00:35:43,16,FPO,77385,Matilda Ringbom,947,44,274.0,0.01028,0.0,0.28411,0.00028,0.00958,0.0,332.5,49.5,96418,
2026-07-26,2026-07-26T00:35:43,16,FPO,78232,Tiger Borth,899,124,21.0,0.0,0.0,0.0,0.0,0.0,0.0,23.3,124.1,97344,
2026-07-26,2026-07-26T00:35:43,16,FPO,79233,Cadence Burge,971,69,95.25,0.36724,0.00477,0.99548,0.67292,0.26777,0.0,664.6,32.1,96415;96416;97344;96417;96418,
2026-07-26,2026-07-26T00:35:43,16,FPO,80935,Lindsey Maas,902,108,32.25,0.0,0.0,0.0,0.0,0.0,0.0,39.3,105.0,96414;97344,
2026-07-26,2026-07-26T00:35:43,16,FPO,82809,Alex von Stade,893,121,22.0,0.0,0.0,0.0,0.0,0.0,0.0,22.0,126.0,,
2026-07-26,2026-07-26T00:35:43,16,FPO,83376,Cassandra Lioi,890,146,8.0,0.0,0.0,0.0,0.0,0.0,0.0,8.0,151.6,,
2026-07-26,2026-07-26T00:35:43,16,FPO,84279,Kaidi Allsalu,956,51,203.62,0.04474,0.0,0.0,0.0,0.04202,0.0,299.7,52.1,,
2026-07-26,2026-07-26T00:35:43,16,FPO,85189,Samantha Bonacci,870,133,16.5,0.0,0.0,0.0,0.0,0.0,0.0,16.5,138.8,,
2026-07-26,2026-07-26T00:35:43,16,FPO,85484,Anneli Tõugjas-Männiste,957,26,457.5,0.1493,0.04161,1.0,0.99966,0.088,0.0,815.6,25.2,96414;96415;97344;96417;96418;96419,
2026-07-26,2026-07-26T00:35:43,16,FPO,85942,Missy Gannon,985,4,1384.83,1.0,1.0,1.0,1.0,0.0,0.00285,1895.6,4.0,96414;96415;96416;97344;96417;96418;96419,
2026-07-26,2026-07-26T00:35:43,16,FPO,87094,Rose Shertick,918,208,0.0,0.0,0.0,0.0,0.0,0.0,0.0,6.4,181.0,97344,
2026-07-26,2026-07-26T00:35:43,16,FPO,87443,Andrea Cammack,874,159,2.0,0.0,0.0,0.0,0.0,0.0,0.0,2.0,162.0,,
2026-07-26,2026-07-26T00:35:43,16,FPO,94085,Keiti Tätte,957,53,184.12,0.02311,0.0,0.0,0.0,0.02172,0.0,230.8,57.6,,
2026-07-26,2026-07-26T00:35:43,16,FPO,96090,Sonja Laine,899,103,36.0,0.0,0.0,0.0,0.0,0.0,0.0,36.0,107.2,,
2026-07-26,2026-07-26T00:35:43,16,FPO,96480,Tori Pasquin,833,170,2.0,0.0,0.0,0.0,0.0,0.0,0.0,2.0,170.0,,
2026-07-26,2026-07-26T00:35:43,16,FPO,97238,Jannicke Hjemli,862,144,9.75,0.0,0.0,0.0,0.0,0.0,0.0,9.8,149.3,,
2026-07-26,2026-07-26T00:35:43,16,FPO,99441,Lykke Lorentzen,923,95,43.0,0.0,0.0,0.0,0.0,0.0,0.0,60.2,91.4,100195;97344,
2026-07-26,2026-07-26T00:35:43,16,FPO,99455,Kat Mertsch,964,8,1004.67,1.0,1.0,1.0,1.0,0.0,0.0,1325.2,8.8,96414;96415;97344;96417;96418;96419,
2026-07-26,2026-07-26T00:35:43,16,FPO,101949,Ratana McMahon,885,56,129.75,0.0,0.0,0.0,0.0,0.0,0.0,135.6,65.7,96415,
2026-07-26,2026-07-26T00:35:43,16,FPO,102024,Danielle Keen,896,176,0.0,0.0,0.0,0.0,0.0,0.0,0.0,0.0,204.0,,
2026-07-26,2026-07-26T00:35:43,16,FPO,103743,Karen Martel,926,136,15.0,0.0,0.0,0.0,0.0,0.0,0.0,27.7,125.7,97344,
2026-07-26,2026-07-26T00:35:43,16,FPO,104187,Macie Velediaz,957,41,294.67,0.1008,0.00106,1.0,0.71764,0.08004,0.0,634.0,33.5,96414;97344;96417;96418,
2026-07-26,2026-07-26T00:35:43,16,FPO,104314,Violet Main,945,40,301.0,0.01091,0.0,1.0,0.10623,0.0077,0.0,462.7,41.4,96414;97344;96417;96418,
2026-07-26,2026-07-26T00:35:43,16,FPO,104814,Ellie Bryant,904,118,23.75,0.0,0.0,0.0,0.0,0.0,0.0,23.8,121.9,,
2026-07-26,2026-07-26T00:35:43,16,FPO,105126,Aria Castruita,949,93,46.5,0.0,0.0,0.0,0.0,0.0,0.0,46.5,99.0,,
2026-07-26,2026-07-26T00:35:43,16,FPO,106489,Anna Pinter,875,123,21.75,0.0,0.0,0.0,0.0,0.0,0.0,21.8,128.0,,
2026-07-26,2026-07-26T00:35:43,16,FPO,107297,Maria Liivamägi,857,116,24.0,0.0,0.0,0.0,0.0,0.0,0.0,24.0,120.4,,
2026-07-26,2026-07-26T00:35:43,16,FPO,107335,Silva Saarinen,991,2,1585.84,1.0,1.0,1.0,1.0,0.0,0.32039,2177.5,1.9,96414;96415;97344;96418;96419,
2026-07-26,2026-07-26T00:35:43,16,FPO,108871,Brook Johnson,905,115,24.0,0.0,0.0,0.0,0.0,0.0,0.0,26.8,117.0,97344,
2026-07-26,2026-07-26T00:35:43,16,FPO,109337,Cathy Kuhn,860,175,0.0,0.0,0.0,0.0,0.0,0.0,0.0,0.0,203.3,,
2026-07-26,2026-07-26T00:35:43,16,FPO,109996,Anniken Kristiansen Steen,964,18,700.29,0.30248,0.19724,1.0,1.0,0.10391,0.0,914.3,21.1,97344;96418;96419,
2026-07-26,2026-07-26T00:35:43,16,FPO,111487,Emily Weatherman,958,14,777.83,0.95953,0.95939,1.0,1.0,0.00014,0.0,1119.9,13.7,96414;96415;97344;96417;96418;96419,
2026-07-26,2026-07-26T00:35:43,16,FPO,112647,Hanna Huynh,962,21,600.0,0.75345,0.73943,1.0,1.0,0.01166,0.0,1044.4,16.3,96414;96415;97344;96417;96418;96419,
2026-07-26,2026-07-26T00:35:43,16,FPO,115503,Olivia Kindstedt,946,52,189.0,0.0086,0.0,0.14575,0.00062,0.00796,0.0,292.7,52.6,97344,
2026-07-26,2026-07-26T00:35:43,16,FPO,116694,Kristi Unt,925,94,45.0,0.0,0.0,0.0,0.0,0.0,0.0,45.0,100.2,,
2026-07-26,2026-07-26T00:35:43,16,FPO,121554,Elina Rydberg,898,119,23.25,0.0,0.0,0.0,0.0,0.0,0.0,23.2,122.9,,
2026-07-26,2026-07-26T00:35:43,16,FPO,124064,Shelby Cowen,914,57,129.0,0.0,0.0,0.00069,0.0,0.0,0.0,183.1,61.1,96414;96415;96417,
2026-07-26,2026-07-26T00:35:43,16,FPO,126226,Kati Chachere,843,169,2.0,0.0,0.0,0.0,0.0,0.0,0.0,2.0,169.0,,
2026-07-26,2026-07-26T00:35:43,16,FPO,128395,Michelle Saggboy,894,155,2.0,0.0,0.0,0.0,0.0,0.0,0.0,2.0,178.9,,
2026-07-26,2026-07-26T00:35:43,16,FPO,128532,Maarja Soasepp,905,96,42.0,0.0,0.0,0.0,0.0,0.0,0.0,42.0,101.6,,
2026-07-26,2026-07-26T00:35:43,16,FPO,130187,Kat Johnson,910,203,0.0,0.0,0.0,0.0,0.0,0.0,0.0,3.6,178.2,97344,
2026-07-26,2026-07-26T00:35:43,16,FPO,130342,Chantel Budinsky,957,86,58.5,0.06421,0.0,0.41937,0.01976,0.04446,0.0,365.6,47.8,96414;97344;96417,
2026-07-26,2026-07-26T00:35:43,16,FPO,130822,Hannah Manis,932,200,0.0,0.0,0.0,0.0,0.0,0.0,0.0,20.2,153.4,97344,
2026-07-26,2026-07-26T00:35:43,16,FPO,131583,Hannah Lengel,954,189,0.0,0.01305,0.0,0.00102,2e-05,0.00198,0.0,125.9,72.0,96414;96417,
2026-07-26,2026-07-26T00:35:43,16,FPO,132291,Ashley Phelps,904,120,23.0,0.0,0.0,0.0,0.0,0.0,0.0,23.0,124.4,,
2026-07-26,2026-07-26T00:35:43,16,FPO,132627,Jenn Cazanov-Diggs,905,152,2.0,0.0,0.0,0.0,0.0,0.0,0.0,2.0,168.9,,
2026-07-26,2026-07-26T00:35:43,16,FPO,133547,Holyn Handley,986,1,1668.34,1.0,1.0,1.0,1.0,0.0,0.10057,2088.4,2.7,96414;96415;96416;97344;96418;96419,
2026-07-26,2026-07-26T00:35:43,16,FPO,133701,Nathalie Ortiz,907,83,64.25,0.0,0.0,0.0,0.0,0.0,0.0,64.2,89.3,,
2026-07-26,2026-07-26T00:35:43,16,FPO,135383,Emma Arp,912,185,0.0,0.0,0.0,0.0,0.0,0.0,0.0,3.5,173.4,100195,
2026-07-26,2026-07-26T00:35:43,16,FPO,138272,Raven Klein,941,27,452.5,0.01848,0.00016,1.0,0.95288,0.01621,0.0,658.0,32.6,96414;96415;97344;96417;96418,
2026-07-26,2026-07-26T00:35:43,16,FPO,139109,Leah Tsinajinnie,927,82,71.0,0.0,0.0,5e-05,0.0,0.0,0.0,84.8,83.0,97344,
2026-07-26,2026-07-26T00:35:43,16,FPO,139387,Hanna Jansson,903,90,50.25,0.0,0.0,0.0,0.0,0.0,0.0,50.2,95.5,,
2026-07-26,2026-07-26T00:35:43,16,FPO,139738,Megan Dophal,908,207,0.0,0.0,0.0,0.0,0.0,0.0,0.0,3.2,191.4,97344,
2026-07-26,2026-07-26T00:35:43,16,FPO,140660,María Eldey Kristínardóttir,916,72,91.5,0.0,0.0,0.0,0.0,0.0,0.0,91.5,78.4,,
2026-07-26,2026-07-26T00:35:43,16,FPO,140947,Nina Bennett,946,97,40.5,0.00424,0.0,0.00871,1e-05,0.00145,0.0,149.5,67.5,97344;96417,
2026-07-26,2026-07-26T00:35:43,16,FPO,142259,Katheryn Maloney,901,204,0.0,0.0,0.0,0.0,0.0,0.0,0.0,2.4,179.8,97344,
2026-07-26,2026-07-26T00:35:43,16,FPO,142354,Alexis Kerman,921,54,176.0,7e-05,0.0,0.4988,6e-05,2e-05,0.0,294.2,52.3,96414;96415;96416;97344;96417;96418,
2026-07-26,2026-07-26T00:35:43,16,FPO,143423,Ember Simonis,916,197,0.0,0.0,0.0,0.0,0.0,0.0,0.0,5.5,178.5,97344,
2026-07-26,2026-07-26T00:35:43,16,FPO,143720,Jessica Kinard,906,191,0.0,0.0,0.0,0.0,0.0,0.0,0.0,29.7,117.8,96416,
2026-07-26,2026-07-26T00:35:43,16,FPO,144112,Ella Hansen,976,5,1310.41,1.0,1.0,1.0,1.0,0.0,0.0,1661.8,5.5,96414;96415;96416;97344;96418;96419,
2026-07-26,2026-07-26T00:35:43,16,FPO,144791,Emily Yale,893,70,92.0,0.0,0.0,0.0,0.0,0.0,0.0,101.9,74.0,96415;97344,
2026-07-26,2026-07-26T00:35:43,16,FPO,146137,Dani K. Hart,951,28,451.5,0.06859,0.00594,1.0,0.99702,0.05266,0.0,747.2,28.3,96414;96415;97344;96417;96418,
2026-07-26,2026-07-26T00:35:43,16,FPO,146304,MJ Gager,933,34,355.83,0.00056,0.0,1.0,0.00745,0.00042,0.0,411.1,44.0,96415;97344;96418,
2026-07-26,2026-07-26T00:35:43,16,FPO,147050,Ali Smith,946,61,112.5,0.0,0.0,0.0,0.0,0.0,0.0,112.5,70.1,,
2026-07-26,2026-07-26T00:35:43,16,FPO,147393,Sadie Shattuck,866,134,16.0,0.0,0.0,0.0,0.0,0.0,0.0,16.0,140.6,,
2026-07-26,2026-07-26T00:35:43,16,FPO,149548,VicToria Scott,887,210,0.0,0.0,0.0,0.0,0.0,0.0,0.0,2.0,194.9,97344,
2026-07-26,2026-07-26T00:35:43,16,FPO,149803,Candyce Boyce,895,106,33.0,0.0,0.0,0.0,0.0,0.0,0.0,33.0,111.5,,
2026-07-26,2026-07-26T00:35:43,16,FPO,150057,Hailey Huber,932,77,81.0,0.0,0.0,0.0,0.0,0.0,0.0,81.0,83.1,,
2026-07-26,2026-07-26T00:35:43,16,FPO,151072,Jennifer Rice,894,130,18.0,0.0,0.0,0.0,0.0,0.0,0.0,18.0,135.4,,
2026-07-26,2026-07-26T00:35:43,16,FPO,152191,Kelley Foster,933,33,361.5,0.00272,0.0,1.0,0.40778,0.00238,0.0,535.3,37.9,96414;96415;96416;96417;96418,
2026-07-26,2026-07-26T00:35:43,16,FPO,154098,Ariel Walker,943,98,40.25,0.00026,0.0,0.00035,0.0,0.00011,0.0,83.5,84.5,97344,
2026-07-26,2026-07-26T00:35:43,16,FPO,155026,Amanda Lennartsson,947,31,409.0,0.01022,0.0,1.0,0.05976,0.00962,0.0,467.4,41.1,96418,
2026-07-26,2026-07-26T00:35:43,16,FPO,156259,Ella Tejler,898,81,73.5,0.0,0.0,0.0,0.0,0.0,0.0,73.5,86.8,,
2026-07-26,2026-07-26T00:35:43,16,FPO,156781,Audrey Wicklander,891,193,0.0,0.0,0.0,0.0,0.0,0.0,0.0,2.1,188.3,97344,
2026-07-26,2026-07-26T00:35:43,16,FPO,157471,Nid Ovathanasin,936,135,15.0,0.00015,0.0,0.00031,0.0,5e-05,0.0,73.7,90.2,96414;97344,
2026-07-26,2026-07-26T00:35:43,16,FPO,158385,Destyne Martinez,865,151,2.0,0.0,0.0,0.0,0.0,0.0,0.0,2.0,192.0,,
2026-07-26,2026-07-26T00:35:43,16,FPO,158461,Shiru Liu,914,84,63.5,0.0,0.0,0.0,0.0,0.0,0.0,63.5,90.4,,
2026-07-26,2026-07-26T00:35:43,16,FPO,160103,Jacquelyn DeLude,877,201,0.0,0.0,0.0,0.0,0.0,0.0,0.0,2.0,183.5,97344,
2026-07-26,2026-07-26T00:35:43,16,FPO,161231,Sarah May,856,165,2.0,0.0,0.0,0.0,0.0,0.0,0.0,2.0,173.5,,
2026-07-26,2026-07-26T00:35:43,16,FPO,161918,Addison Woodard,950,42,285.08,0.04355,0.00016,1.0,0.61946,0.03403,0.0,594.6,35.3,96414;96415;97344;96417;96418,
2026-07-26,2026-07-26T00:35:43,16,FPO,162735,Eden Fornoff,922,190,0.0,1e-05,0.0,0.0,0.0,0.0,0.0,21.9,129.6,96415,
2026-07-26,2026-07-26T00:35:43,16,FPO,162896,Therese Cuevas,937,48,231.5,0.00136,0.0,0.23346,0.00022,0.00129,0.0,290.9,52.7,97344;96418,
2026-07-26,2026-07-26T00:35:43,16,FPO,164788,Alecia Hinkson,930,60,112.5,0.00036,0.0,0.06663,0.0,0.00016,0.0,231.0,57.4,96414;96415;97344;96417,
2026-07-26,2026-07-26T00:35:43,16,FPO,165652,Ceci Vollbrecht,899,194,0.0,0.0,0.0,0.0,0.0,0.0,0.0,2.3,187.5,97344,
2026-07-26,2026-07-26T00:35:43,16,FPO,166082,Ashton Webberley,904,156,2.0,0.0,0.0,0.0,0.0,0.0,0.0,2.0,164.9,,
2026-07-26,2026-07-26T00:35:43,16,FPO,166749,Mackenzie Morris,884,145,9.0,0.0,0.0,0.0,0.0,0.0,0.0,9.0,150.4,,
2026-07-26,2026-07-26T00:35:43,16,FPO,167255,AK Kaestner,820,172,2.0,0.0,0.0,0.0,0.0,0.0,0.0,2.0,176.7,,
2026-07-26,2026-07-26T00:35:43,16,FPO,168863,Trinity Bryant,921,47,235.0,0.0,0.0,0.61251,6e-05,0.0,0.0,301.3,51.7,96414;96416;97344;96418,
2026-07-26,2026-07-26T00:35:43,16,FPO,170182,Rebecca Minnick,865,109,29.0,0.0,0.0,0.0,0.0,0.0,0.0,29.0,113.4,,
2026-07-26,2026-07-26T00:35:43,16,FPO,173601,Marie Kielas,914,89,51.0,0.0,0.0,0.0,0.0,0.0,0.0,51.0,94.4,,
2026-07-26,2026-07-26T00:35:43,16,FPO,176242,Morgan Lynds,931,73,87.75,0.0,0.0,0.00018,0.0,0.0,0.0,106.9,74.4,97344,
2026-07-26,2026-07-26T00:35:43,16,FPO,176243,Jordan Lynds,945,59,113.25,0.00518,0.0,0.08085,0.00041,0.00424,0.0,236.6,57.1,96414;97344,
2026-07-26,2026-07-26T00:35:43,16,FPO,176481,Karissa Dedmon,917,85,59.0,0.0,0.0,0.0,0.0,0.0,0.0,64.9,89.9,97344,
2026-07-26,2026-07-26T00:35:43,16,FPO,178707,Joleigh Miller,929,65,102.0,0.0,0.0,0.0,0.0,0.0,0.0,102.0,73.8,,
2026-07-26,2026-07-26T00:35:43,16,FPO,178748,Kendyl Sullivan,887,162,2.0,0.0,0.0,0.0,0.0,0.0,0.0,2.0,167.9,,
2026-07-26,2026-07-26T00:35:43,16,FPO,179200,Jamie Williams,863,180,0.0,0.0,0.0,0.0,0.0,0.0,0.0,0.0,200.0,,
2026-07-26,2026-07-26T00:35:43,16,FPO,179873,Jenny Larsson,921,87,54.0,0.0,0.0,0.0,0.0,0.0,0.0,54.0,93.2,,
2026-07-26,2026-07-26T00:35:43,16,FPO,181772,Ida Emilie Nesse,948,37,334.0,0.03932,0.00037,1.0,0.78234,0.03238,0.0,630.7,33.7,96414;96415;97344;96417;96418,
2026-07-26,2026-07-26T00:35:43,16,FPO,182450,Kajsa Wahl,893,102,36.75,0.0,0.0,0.0,0.0,0.0,0.0,36.8,106.1,,
2026-07-26,2026-07-26T00:35:43,16,FPO,182582,Addison Clark,824,211,0.0,0.0,0.0,0.0,0.0,0.0,0.0,16.5,139.4,96417,
2026-07-26,2026-07-26T00:35:43,16,FPO,184609,Elva-Kate Preston,908,63,107.25,0.0,0.0,1e-05,0.0,0.0,0.0,136.3,66.1,100195;96414;96415;97344,
2026-07-26,2026-07-26T00:35:43,16,FPO,184736,Jennifer Smiley,934,36,337.75,0.00188,0.0,1.0,0.14581,0.00121,0.0,479.6,40.4,96414;96415;97344;96417;96418,
2026-07-26,2026-07-26T00:35:43,16,FPO,185057,Josefine Johansson,934,76,81.0,2e-05,0.0,0.00033,0.0,2e-05,0.0,105.1,75.1,97344,
2026-07-26,2026-07-26T00:35:43,16,FPO,185534,Sofia Donnecke,961,24,547.5,0.16321,0.01086,1.0,0.99989,0.14275,0.0,783.9,26.6,96414;96418;96419,
2026-07-26,2026-07-26T00:35:43,16,FPO,185627,Athena Cuevas,866,137,14.0,0.0,0.0,0.0,0.0,0.0,0.0,14.0,141.8,,
2026-07-26,2026-07-26T00:35:43,16,FPO,186277,Kassandra Fog Wichmann,871,149,6.0,0.0,0.0,0.0,0.0,0.0,0.0,6.0,154.4,,
2026-07-26,2026-07-26T00:35:43,16,FPO,186629,Sanne Dalseth,880,139,13.5,0.0,0.0,0.0,0.0,0.0,0.0,13.5,143.1,,
2026-07-26,2026-07-26T00:35:43,16,FPO,188837,JJ Sun,883,183,0.0,0.0,0.0,0.0,0.0,0.0,0.0,0.0,206.5,,
2026-07-26,2026-07-26T00:35:43,16,FPO,189702,Taylor Chocek,947,15,749.95,0.17153,0.15716,1.0,1.0,0.01399,0.0,920.0,20.9,96414;96415;96418;96419,
2026-07-26,2026-07-26T00:35:43,16,FPO,193215,Lexi Marx,929,113,25.5,7e-05,0.0,0.0003,0.0,0.0,0.0,92.0,80.4,96414;96415;97344,
2026-07-26,2026-07-26T00:35:43,16,FPO,195549,Kylie Kohut,933,43,285.0,0.00053,0.0,0.99868,0.00222,0.00035,0.0,371.0,46.4,100195;96414;96415;96418,
2026-07-26,2026-07-26T00:35:43,16,FPO,195550,Peyton Kohut,913,88,52.5,0.0,0.0,0.0,0.0,0.0,0.0,81.7,82.9,100195;96414;96415,
2026-07-26,2026-07-26T00:35:43,16,FPO,196237,Kaire Tekku,923,79,78.75,0.0,0.0,0.0,0.0,0.0,0.0,78.8,84.3,,
2026-07-26,2026-07-26T00:35:43,16,FPO,197689,Isabella Parker,877,129,18.0,0.0,0.0,0.0,0.0,0.0,0.0,18.0,134.9,,
2026-07-26,2026-07-26T00:35:43,16,FPO,198446,Eliezra Midtlyng,948,11,833.58,0.79655,0.79618,1.0,1.0,0.00034,0.0,1036.2,16.4,96414;96415;96416;97344;96417;96418;96419,
2026-07-26,2026-07-26T00:35:43,16,FPO,198721,Hannah Kellar,898,100,38.0,0.0,0.0,0.0,0.0,0.0,0.0,38.0,104.8,,
2026-07-26,2026-07-26T00:35:43,16,FPO,202571,Elizabete Pēkšena,932,50,205.5,0.0003,0.0,0.05355,3e-05,0.00024,0.0,247.2,56.1,97344;96418,
2026-07-26,2026-07-26T00:35:43,16,FPO,208576,Rebecca Don,961,9,926.99,0.99981,0.99981,1.0,1.0,0.0,0.0,1232.3,10.6,96414;96415;97344;96418;96419,
2026-07-26,2026-07-26T00:35:43,16,FPO,209432,Eden Fletcher,905,101,38.0,0.0,0.0,0.0,0.0,0.0,0.0,38.0,104.1,,
2026-07-26,2026-07-26T00:35:43,16,FPO,209462,Erika Apple,854,171,2.0,0.0,0.0,0.0,0.0,0.0,0.0,2.0,173.2,,
2026-07-26,2026-07-26T00:35:43,16,FPO,210287,Mara Neal,864,164,2.0,0.0,0.0,0.0,0.0,0.0,0.0,2.0,171.9,,
2026-07-26,2026-07-26T00:35:43,16,FPO,210972,Kristýna Jurčíková,970,38,331.0,0.27304,0.00148,1.0,0.67589,0.247,0.0,654.2,32.6,97344;96418,
2026-07-26,2026-07-26T00:35:43,16,FPO,214417,Fleur Verberk,899,198,0.0,0.0,0.0,0.0,0.0,0.0,0.0,2.3,185.7,97344,
2026-07-26,2026-07-26T00:35:43,16,FPO,215439,Sheliemae Lai,946,71,92.0,0.0,0.0,0.0,0.0,0.0,0.0,92.0,77.3,,
2026-07-26,2026-07-26T00:35:43,16,FPO,215495,Kelsey Martin,877,205,0.0,0.0,0.0,0.0,0.0,0.0,0.0,2.0,181.3,97344,
2026-07-26,2026-07-26T00:35:43,16,FPO,216558,Iida Lehtomäki,963,29,430.25,0.11986,1e-05,1.0,0.42192,0.10853,0.0,576.2,36.2,97344;96418,
2026-07-26,2026-07-26T00:35:43,16,FPO,217892,Katie Tews,892,114,25.5,0.0,0.0,0.0,0.0,0.0,0.0,25.5,118.6,,
2026-07-26,2026-07-26T00:35:43,16,FPO,218760,Sarah Duran,865,142,11.0,0.0,0.0,0.0,0.0,0.0,0.0,11.0,147.2,,
2026-07-26,2026-07-26T00:35:43,16,FPO,218779,Amanda Brightwell,831,167,2.0,0.0,0.0,0.0,0.0,0.0,0.0,2.0,175.0,,
2026-07-26,2026-07-26T00:35:43,16,FPO,219693,Anna Damberga,864,125,21.0,0.0,0.0,0.0,0.0,0.0,0.0,21.0,129.3,,
2026-07-26,2026-07-26T00:35:43,16,FPO,221583,Evie Lou Ramey,894,188,0.0,0.0,0.0,0.0,0.0,0.0,0.0,0.3,206.8,100195,
2026-07-26,2026-07-26T00:35:43,16,FPO,222693,Tanisha Platero,856,158,2.0,0.0,0.0,0.0,0.0,0.0,0.0,2.0,163.0,,
2026-07-26,2026-07-26T00:35:43,16,FPO,222973,Martje Sumowski,913,107,33.0,0.0,0.0,0.0,0.0,0.0,0.0,33.0,111.5,,
2026-07-26,2026-07-26T00:35:43,16,FPO,223975,Laura Tatiana Niño Carranza,875,153,2.0,0.0,0.0,0.0,0.0,0.0,0.0,4.0,158.4,97344,
2026-07-26,2026-07-26T00:35:43,16,FPO,224238,Julia Fors,962,30,428.5,0.15675,0.0022,1.0,0.87522,0.14481,0.0,687.3,31.1,97344;96418,
2026-07-26,2026-07-26T00:35:43,16,FPO,225016,Naomi Suyat,869,182,0.0,0.0,0.0,0.0,0.0,0.0,0.0,0.0,200.5,,
2026-07-26,2026-07-26T00:35:43,16,FPO,227315,Sarah Wadsworth,901,187,0.0,0.0,0.0,0.0,0.0,0.0,0.0,11.8,145.2,100195;96415,
2026-07-26,2026-07-26T00:35:43,16,FPO,228486,Stefani Ewell,857,143,10.0,0.0,0.0,0.0,0.0,0.0,0.0,10.0,148.3,,
2026-07-26,2026-07-26T00:35:43,16,FPO,229526,Sintija Klezberga,955,16,737.5,0.83321,0.83207,1.0,1.0,0.00109,0.0,1051.9,15.9,96414;96415;97344;96417;96418;96419,
2026-07-26,2026-07-26T00:35:43,16,FPO,231650,Tailey Rowley,911,68,96.25,0.0,0.0,0.0,0.0,0.0,0.0,100.0,75.0,97344,
2026-07-26,2026-07-26T00:35:43,16,FPO,232666,Rebecka Hoppe,850,150,6.0,0.0,0.0,0.0,0.0,0.0,0.0,6.0,154.6,,
2026-07-26,2026-07-26T00:35:43,16,FPO,232722,Julia Hauch,911,202,0.0,0.0,0.0,0.0,0.0,0.0,0.0,3.8,178.0,97344,
2026-07-26,2026-07-26T00:35:43,16,FPO,235368,Madalyn Payton,896,173,0.0,0.0,0.0,0.0,0.0,0.0,0.0,0.0,205.0,,
2026-07-26,2026-07-26T00:35:43,16,FPO,238187,Ann Deputy,918,78,80.25,0.0,0.0,0.0,0.0,0.0,0.0,86.8,80.5,97344,
2026-07-26,2026-07-26T00:35:43,16,FPO,240590,Amelia Saechao,873,117,24.0,0.0,0.0,0.0,0.0,0.0,0.0,24.0,120.3,,
2026-07-26,2026-07-26T00:35:43,16,FPO,242116,Eva Lutsenko,924,122,21.75,0.0,0.0,0.0,0.0,0.0,0.0,21.8,127.1,,
2026-07-26,2026-07-26T00:35:43,16,FPO,242331,Ida Kennmark,867,138,13.5,0.0,0.0,0.0,0.0,0.0,0.0,13.5,143.7,,
2026-07-26,2026-07-26T00:35:43,16,FPO,245180,Chelsea Sutton,859,168,2.0,0.0,0.0,0.0,0.0,0.0,0.0,2.0,176.0,,
2026-07-26,2026-07-26T00:35:43,16,FPO,245306,Netta Leppäaho,945,64,105.75,0.0,0.0,0.0,0.0,0.0,0.0,105.8,72.0,,
2026-07-26,2026-07-26T00:35:43,16,FPO,245317,Sophi Stephenson,859,140,12.0,0.0,0.0,0.0,0.0,0.0,0.0,12.0,145.1,,
2026-07-26,2026-07-26T00:35:43,16,FPO,254333,Jess Zilch,874,127,19.5,0.0,0.0,0.0,0.0,0.0,0.0,19.5,131.4,,
2026-07-26,2026-07-26T00:35:43,16,FPO,255962,Samantha Zaborowski,901,209,0.0,0.0,0.0,0.0,0.0,0.0,0.0,2.4,192.7,97344,
2026-07-26,2026-07-26T00:35:43,16,FPO,256846,Lea Tomas,888,206,0.0,0.0,0.0,0.0,0.0,0.0,0.0,2.0,187.3,97344,
2026-07-26,2026-07-26T00:35:43,16,FPO,259972,Marion Mattsson,858,141,11.25,0.0,0.0,0.0,0.0,0.0,0.0,11.2,146.2,,
2026-07-26,2026-07-26T00:35:43,16,FPO,261058,Jessica Erickson,891,91,49.0,0.0,0.0,0.0,0.0,0.0,0.0,49.0,96.9,,
2026-07-26,2026-07-26T00:35:43,16,FPO,261216,Victoria Christensen,863,132,17.25,0.0,0.0,0.0,0.0,0.0,0.0,17.2,136.9,,
2026-07-26,2026-07-26T00:35:43,16,FPO,268900,Natalie Berg,883,126,19.5,0.0,0.0,0.0,0.0,0.0,0.0,19.5,130.4,,
2026-07-26,2026-07-26T00:35:43,16,FPO,269838,Daisy Kelly,882,181,0.0,0.0,0.0,0.0,0.0,0.0,0.0,0.0,198.9,,
2026-07-26,2026-07-26T00:35:43,16,FPO,277832,Chandler Reigh,939,25,463.25,0.01411,0.00018,1.0,0.98958,0.01268,0.0,676.7,31.7,100195;96414;96415;96416;97344;96417;96418,
2026-07-26,2026-07-26T00:35:43,16,FPO,278450,Brit Hamburg-Kiin,854,111,28.5,0.0,0.0,0.0,0.0,0.0,0.0,28.5,114.4,,
2026-07-26,2026-07-26T00:35:43,16,FPO,279466,Gry Nagel,820,131,18.0,0.0,0.0,0.0,0.0,0.0,0.0,18.0,134.1,,
2026-07-26,2026-07-26T00:35:43,16,FPO,281626,Una Lokmane,878,110,28.5,0.0,0.0,0.0,0.0,0.0,0.0,28.5,115.4,,
2026-07-26,2026-07-26T00:35:43,16,FPO,284553,Katherine Aydelott,861,148,6.0,0.0,0.0,0.0,0.0,0.0,0.0,6.0,155.6,,
2026-07-26,2026-07-26T00:35:43,16,FPO,286978,Michelle Southworth,800,166,2.0,0.0,0.0,0.0,0.0,0.0,0.0,2.0,174.0,,
2026-07-26,2026-07-26T00:35:43,16,FPO,288014,Jordan Coomes,840,128,18.0,0.0,0.0,0.0,0.0,0.0,0.0,18.0,132.7,,
2026-07-26,2026-07-26T00:35:43,16,FPO,297287,Marta Villa,856,163,2.0,0.0,0.0,0.0,0.0,0.0,0.0,2.0,168.2,,
2026-07-26,2026-07-26T00:35:43,16,FPO,302765,Grace Wilson,891,199,0.0,0.0,0.0,0.0,0.0,0.0,0.0,2.1,188.7,97344,
2026-07-26,2026-07-26T00:35:43,16,FPO,308525,Saga Dahlstedt,917,58,127.5,0.0,0.0,0.0,0.0,0.0,0.0,127.5,67.4,,
2026-07-26,2026-07-26T00:35:43,16,FPO,311218,Mina Alme,902,104,35.25,0.0,0.0,0.0,0.0,0.0,0.0,35.2,108.9,,
2026-07-27,2026-07-27T00:46:23,17,FPO,3024,Chris O'Cleary,914,195,0.0,0.0,0.0,0.0,0.0,0.0,0.0,4.7,182.0,97344,
2026-07-27,2026-07-27T00:46:23,17,FPO,3090,Elaine King,888,196,0.0,0.0,0.0,0.0,0.0,0.0,0.0,2.0,188.5,97344,
2026-07-27,2026-07-27T00:46:23,17,FPO,8803,Ruth Steele,872,162,2.0,0.0,0.0,0.0,0.0,0.0,0.0,2.0,166.0,,
2026-07-27,2026-07-27T00:46:23,17,FPO,15354,Jennifer Allen,967,39,313.0,0.19457,0.00011,0.99988,0.42725,0.17532,0.0,597.8,35.9,97344;96418,
2026-07-27,2026-07-27T00:46:23,17,FPO,27832,Kona Star Montgomery,949,23,553.0,0.11309,0.07645,1.0,1.0,0.03188,0.0,884.1,23.2,96414;96415;96416;97344;96417;96418;96419,
2026-07-27,2026-07-27T00:46:23,17,FPO,29190,Paige Pierce,968,19,693.17,0.8802,0.87418,1.0,1.0,0.00595,0.0,1112.7,14.6,96414;96416;97344;96418;96419,
2026-07-27,2026-07-27T00:46:23,17,FPO,29947,Stephanie Vincent,925,112,28.0,0.0,0.0,0.0,0.0,0.0,0.0,28.0,116.9,,
2026-07-27,2026-07-27T00:46:23,17,FPO,31041,Sheila Teves,883,180,0.0,0.0,0.0,0.0,0.0,0.0,0.0,0.0,200.0,,
2026-07-27,2026-07-27T00:46:23,17,FPO,32654,Lisa Fajkus,958,22,593.83,0.35653,0.31034,1.0,1.0,0.03894,0.0,968.1,19.9,96414;96415;96416;96417;96418;96419,
2026-07-27,2026-07-27T00:46:23,17,FPO,32917,Rebecca Cox,951,32,397.0,0.07313,0.01052,1.0,0.99408,0.05282,0.0,775.4,27.9,96414;96415;96416;97344;96417;96418,
2026-07-27,2026-07-27T00:46:23,17,FPO,32925,Lindsay Fish,882,155,2.0,0.0,0.0,0.0,0.0,0.0,0.0,2.0,184.6,,
2026-07-27,2026-07-27T00:46:23,17,FPO,34563,Sarah Hokom,949,67,101.0,0.02225,0.0,0.91949,0.07622,0.01454,0.0,436.2,43.4,96414;96415;96416;97344;96417;96418,
2026-07-27,2026-07-27T00:46:23,17,FPO,35321,Sofie Björlycke,936,75,83.25,0.0,0.0,0.0,0.0,0.0,0.0,83.2,80.8,,
2026-07-27,2026-07-27T00:46:23,17,FPO,35774,Camilla Jernberg,873,147,7.5,0.0,0.0,0.0,0.0,0.0,0.0,7.5,152.6,,
2026-07-27,2026-07-27T00:46:23,17,FPO,36307,Amanda Branch,887,192,0.0,0.0,0.0,0.0,0.0,0.0,0.0,2.0,176.9,97344,
2026-07-27,2026-07-27T00:46:23,17,FPO,39504,Zoe AnDyke,930,80,77.0,0.0,0.0,0.0,0.0,0.0,0.0,77.0,85.7,,
2026-07-27,2026-07-27T00:46:23,17,FPO,43995,Taylor Foth,902,178,0.0,0.0,0.0,0.0,0.0,0.0,0.0,0.0,201.0,,
2026-07-27,2026-07-27T00:46:23,17,FPO,44184,Catrina Allen,961,7,1024.58,1.0,1.0,1.0,1.0,0.0,0.0,1298.5,9.5,96414;96415;96416;97344;96417;96418;96419,
2026-07-27,2026-07-27T00:46:23,17,FPO,45407,Brittney Armentrout,851,158,2.0,0.0,0.0,0.0,0.0,0.0,0.0,2.0,163.0,,
2026-07-27,2026-07-27T00:46:23,17,FPO,48199,Alison Blakeman,870,185,0.0,0.0,0.0,0.0,0.0,0.0,0.0,0.0,210.0,,
2026-07-27,2026-07-27T00:46:23,17,FPO,48976,Ohn Scoggins,990,3,1489.0,1.0,1.0,1.0,1.0,0.0,0.36219,2226.7,1.8,96414;96415;96416;97344;96417;96418;96419,
2026-07-27,2026-07-27T00:46:23,17,FPO,50656,Jessica Gurthie,955,17,734.0,1.0,0.90786,1.0,1.0,0.00056,0.0,1115.1,14.5,96414;96415;96416;97344;96417;96418;96419,
2026-07-27,2026-07-27T00:46:23,17,FPO,51277,Holly Finley,929,49,214.0,0.00039,0.0,0.82032,0.00066,0.0001,0.0,331.2,49.7,96414;96415;97344;96417;96418,
2026-07-27,2026-07-27T00:46:23,17,FPO,58303,Sai Ananda,949,66,102.0,0.00366,0.0,0.01307,9e-05,0.00309,0.0,176.0,63.4,97344,
2026-07-27,2026-07-27T00:46:23,17,FPO,59227,Henna Blomroos,969,10,890.0,1.0,0.99431,1.0,1.0,1e-05,0.0,1203.4,11.8,96414;97344;96418;96419,
2026-07-27,2026-07-27T00:46:23,17,FPO,59431,Madison Walker,951,20,652.83,0.13067,0.08685,1.0,1.0,0.03768,0.0,897.2,22.6,96414;96415;96416;97344;96417;96418;96419,
2026-07-27,2026-07-27T00:46:23,17,FPO,60798,Madison Tomaino,921,74,83.5,0.0,0.0,0.0,0.0,0.0,0.0,121.0,69.6,96416,
2026-07-27,2026-07-27T00:46:23,17,FPO,61144,Emily Beach,901,175,0.0,0.0,0.0,0.0,0.0,0.0,0.0,0.0,205.0,,
2026-07-27,2026-07-27T00:46:23,17,FPO,61990,Katka Boďová,916,93,48.0,0.0,0.0,0.0,0.0,0.0,0.0,48.0,98.3,,
2026-07-27,2026-07-27T00:46:23,17,FPO,62879,Valerie Mandujano,975,13,799.16,1.0,1.0,1.0,1.0,0.0,0.0,1437.0,7.5,96414;96415;96416;97344;96417;96418;96419,
2026-07-27,2026-07-27T00:46:23,17,FPO,62880,Alexis Mandujano,960,35,352.5,0.24055,0.12124,1.0,0.99953,0.0965,0.0,883.9,23.3,96414;96415;96416;97344;96417;96418;96419,
2026-07-27,2026-07-27T00:46:23,17,FPO,63257,Maria Oliva,920,46,237.0,3e-05,0.0,0.98539,0.00023,2e-05,0.0,341.0,48.9,96414;96415;96416;97344;96417;96418,
2026-07-27,2026-07-27T00:46:23,17,FPO,64927,Eveliina Salonen,988,6,1164.67,1.0,1.0,1.0,1.0,0.0,0.0,1659.8,5.5,96414;97344;96418;96419,
2026-07-27,2026-07-27T00:46:23,17,FPO,65489,Lauren Butler,916,55,157.75,1e-05,0.0,0.01851,0.0,0.0,0.0,224.8,57.8,96414;96415;97344;96417,
2026-07-27,2026-07-27T00:46:23,17,FPO,66063,Ashlee Johnson,859,179,0.0,0.0,0.0,0.0,0.0,0.0,0.0,0.0,202.0,,
2026-07-27,2026-07-27T00:46:23,17,FPO,66599,Heidi Laine,959,11,834.75,0.9618,0.96164,1.0,1.0,0.00015,0.0,1139.2,13.7,96414;96415;96416;97344;96418;96419,
2026-07-27,2026-07-27T00:46:23,17,FPO,69584,Danielle Weigandt,853,161,2.0,0.0,0.0,0.0,0.0,0.0,0.0,2.0,165.0,,
2026-07-27,2026-07-27T00:46:23,17,FPO,71262,Erika Stinchcomb,920,45,261.25,5e-05,0.0,0.99875,0.00037,1e-05,0.0,357.9,47.6,96414;96415;96416;97344;96417;96418,
2026-07-27,2026-07-27T00:46:23,17,FPO,72635,Kersti Miller,890,105,34.5,0.0,0.0,0.0,0.0,0.0,0.0,34.5,110.4,,
2026-07-27,2026-07-27T00:46:23,17,FPO,74708,Casey Pennington,916,99,39.5,0.0,0.0,0.0,0.0,0.0,0.0,39.5,103.2,,
2026-07-27,2026-07-27T00:46:23,17,FPO,75029,Cynthia Ricciotti,917,59,117.25,2e-05,0.0,0.00295,0.0,0.0,0.0,182.8,61.2,96414;96415;97344;96417,
2026-07-27,2026-07-27T00:46:23,17,FPO,76009,Virginia Polkinghorne,884,186,0.0,0.0,0.0,0.0,0.0,0.0,0.0,0.0,209.0,,
2026-07-27,2026-07-27T00:46:23,17,FPO,77385,Matilda Ringbom,947,44,274.0,0.01025,0.0,0.26615,0.00018,0.00963,0.0,332.0,49.9,96418,
2026-07-27,2026-07-27T00:46:23,17,FPO,78232,Tiger Borth,899,124,21.0,0.0,0.0,0.0,0.0,0.0,0.0,23.3,124.6,97344,
2026-07-27,2026-07-27T00:46:23,17,FPO,79233,Cadence Burge,971,69,95.25,0.36234,0.00228,0.99464,0.61711,0.26382,0.0,657.7,33.2,96415;96416;97344;96417;96418,
2026-07-27,2026-07-27T00:46:23,17,FPO,80935,Lindsey Maas,902,108,32.25,0.0,0.0,0.0,0.0,0.0,0.0,39.3,105.4,96414;97344,
2026-07-27,2026-07-27T00:46:23,17,FPO,82809,Alex von Stade,893,121,22.0,0.0,0.0,0.0,0.0,0.0,0.0,22.0,126.4,,
2026-07-27,2026-07-27T00:46:23,17,FPO,83376,Cassandra Lioi,890,146,8.0,0.0,0.0,0.0,0.0,0.0,0.0,8.0,151.6,,
2026-07-27,2026-07-27T00:46:23,17,FPO,84279,Kaidi Allsalu,956,51,203.62,0.04295,0.0,0.0,0.0,0.04017,0.0,298.6,52.3,,
2026-07-27,2026-07-27T00:46:23,17,FPO,85189,Samantha Bonacci,870,133,16.5,0.0,0.0,0.0,0.0,0.0,0.0,16.5,139.3,,
2026-07-27,2026-07-27T00:46:23,17,FPO,85484,Anneli Tõugjas-Männiste,957,26,457.5,0.14156,0.02559,1.0,0.99925,0.09532,0.0,816.2,26.1,96414;96415;97344;96417;96418;96419,
2026-07-27,2026-07-27T00:46:23,17,FPO,85942,Missy Gannon,985,4,1384.83,1.0,1.0,1.0,1.0,0.0,0.00121,1900.0,4.0,96414;96415;96416;97344;96417;96418;96419,
2026-07-27,2026-07-27T00:46:23,17,FPO,87094,Rose Shertick,918,208,0.0,0.0,0.0,0.0,0.0,0.0,0.0,6.5,181.0,97344,
2026-07-27,2026-07-27T00:46:23,17,FPO,87443,Andrea Cammack,874,160,2.0,0.0,0.0,0.0,0.0,0.0,0.0,2.0,161.0,,
2026-07-27,2026-07-27T00:46:23,17,FPO,94085,Keiti Tätte,957,53,184.12,0.0216,0.0,0.0,0.0,0.02039,0.0,229.8,57.8,,
2026-07-27,2026-07-27T00:46:23,17,FPO,96090,Sonja Laine,899,103,36.0,0.0,0.0,0.0,0.0,0.0,0.0,36.0,107.6,,
2026-07-27,2026-07-27T00:46:23,17,FPO,96480,Tori Pasquin,833,171,2.0,0.0,0.0,0.0,0.0,0.0,0.0,2.0,171.0,,
2026-07-27,2026-07-27T00:46:23,17,FPO,97238,Jannicke Hjemli,862,144,9.75,0.0,0.0,0.0,0.0,0.0,0.0,9.8,149.4,,
2026-07-27,2026-07-27T00:46:23,17,FPO,99441,Lykke Lorentzen,923,92,48.0,0.0,0.0,1e-05,0.0,0.0,0.0,58.0,92.9,97344,
2026-07-27,2026-07-27T00:46:23,17,FPO,99455,Kat Mertsch,964,8,1004.67,1.0,1.0,1.0,1.0,0.0,0.0,1337.7,8.8,96414;96415;96416;97344;96417;96418;96419,
2026-07-27,2026-07-27T00:46:23,17,FPO,101949,Ratana McMahon,885,56,129.75,0.0,0.0,0.0,0.0,0.0,0.0,135.6,65.8,96415,
2026-07-27,2026-07-27T00:46:23,17,FPO,102024,Danielle Keen,896,177,0.0,0.0,0.0,0.0,0.0,0.0,0.0,0.0,203.0,,
2026-07-27,2026-07-27T00:46:23,17,FPO,103743,Karen Martel,926,136,15.0,0.0,0.0,0.0,0.0,0.0,0.0,27.7,126.1,97344,
2026-07-27,2026-07-27T00:46:23,17,FPO,104187,Macie Velediaz,957,41,294.67,0.09688,0.00048,1.0,0.66849,0.07736,0.0,630.8,34.4,96414;97344;96417;96418,
2026-07-27,2026-07-27T00:46:23,17,FPO,104314,Violet Main,945,40,301.0,0.01091,0.0,1.0,0.08289,0.00758,0.0,462.0,41.7,96414;97344;96417;96418,
2026-07-27,2026-07-27T00:46:23,17,FPO,104814,Ellie Bryant,904,118,23.75,0.0,0.0,0.0,0.0,0.0,0.0,23.8,122.4,,
2026-07-27,2026-07-27T00:46:23,17,FPO,105126,Aria Castruita,949,94,46.5,0.0,0.0,0.0,0.0,0.0,0.0,46.5,99.4,,
2026-07-27,2026-07-27T00:46:23,17,FPO,106489,Anna Pinter,875,123,21.75,0.0,0.0,0.0,0.0,0.0,0.0,21.8,128.4,,
2026-07-27,2026-07-27T00:46:23,17,FPO,107297,Maria Liivamägi,857,116,24.0,0.0,0.0,0.0,0.0,0.0,0.0,24.0,120.8,,
2026-07-27,2026-07-27T00:46:23,17,FPO,107335,Silva Saarinen,991,2,1585.84,1.0,1.0,1.0,1.0,0.0,0.58341,2270.2,1.5,96414;96415;96416;97344;96418;96419,
2026-07-27,2026-07-27T00:46:23,17,FPO,108871,Brook Johnson,905,115,24.0,0.0,0.0,0.0,0.0,0.0,0.0,26.7,117.5,97344,
2026-07-27,2026-07-27T00:46:23,17,FPO,109337,Cathy Kuhn,860,176,0.0,0.0,0.0,0.0,0.0,0.0,0.0,0.0,204.0,,
2026-07-27,2026-07-27T00:46:23,17,FPO,109996,Anniken Kristiansen Steen,964,18,700.29,0.26199,0.13312,1.0,1.0,0.12618,0.0,914.8,21.9,97344;96418;96419,
2026-07-27,2026-07-27T00:46:23,17,FPO,111487,Emily Weatherman,958,14,777.83,0.95243,0.95221,1.0,1.0,0.0002,0.0,1142.3,13.6,96414;96415;96416;97344;96417;96418;96419,
2026-07-27,2026-07-27T00:46:23,17,FPO,112647,Hanna Huynh,962,21,600.0,0.8455,0.83913,1.0,1.0,0.0053,0.0,1103.5,15.0,96414;96415;96416;97344;96417;96418;96419,
2026-07-27,2026-07-27T00:46:23,17,FPO,115503,Olivia Kindstedt,946,52,189.0,0.00811,0.0,0.14243,0.00051,0.00739,0.0,292.0,52.8,97344,
2026-07-27,2026-07-27T00:46:23,17,FPO,116694,Kristi Unt,925,95,45.0,0.0,0.0,0.0,0.0,0.0,0.0,45.0,100.5,,
2026-07-27,2026-07-27T00:46:23,17,FPO,121554,Elina Rydberg,898,119,23.25,0.0,0.0,0.0,0.0,0.0,0.0,23.2,123.4,,
2026-07-27,2026-07-27T00:46:23,17,FPO,124064,Shelby Cowen,914,57,129.0,1e-05,0.0,0.00065,0.0,0.0,0.0,183.1,61.1,96414;96415;96417,
2026-07-27,2026-07-27T00:46:23,17,FPO,126226,Kati Chachere,843,170,2.0,0.0,0.0,0.0,0.0,0.0,0.0,2.0,170.0,,
2026-07-27,2026-07-27T00:46:23,17,FPO,128395,Michelle Saggboy,894,156,2.0,0.0,0.0,0.0,0.0,0.0,0.0,2.0,191.9,,
2026-07-27,2026-07-27T00:46:23,17,FPO,128532,Maarja Soasepp,905,96,42.0,0.0,0.0,0.0,0.0,0.0,0.0,42.0,102.0,,
2026-07-27,2026-07-27T00:46:23,17,FPO,130187,Kat Johnson,910,203,0.0,0.0,0.0,0.0,0.0,0.0,0.0,3.6,178.0,97344,
2026-07-27,2026-07-27T00:46:23,17,FPO,130342,Chantel Budinsky,957,87,58.5,0.06404,0.0,0.41185,0.01494,0.0433,0.0,364.2,48.2,96414;97344;96417,
2026-07-27,2026-07-27T00:46:23,17,FPO,130822,Hannah Manis,932,200,0.0,0.0,0.0,0.0,0.0,0.0,0.0,20.2,153.5,97344,
2026-07-27,2026-07-27T00:46:23,17,FPO,131583,Hannah Lengel,954,189,0.0,0.0132,0.0,0.00085,0.0,0.00209,0.0,125.8,72.3,96414;96417,
2026-07-27,2026-07-27T00:46:23,17,FPO,132291,Ashley Phelps,904,120,23.0,0.0,0.0,0.0,0.0,0.0,0.0,23.0,124.9,,
2026-07-27,2026-07-27T00:46:23,17,FPO,132627,Jenn Cazanov-Diggs,905,153,2.0,0.0,0.0,0.0,0.0,0.0,0.0,2.0,171.1,,
2026-07-27,2026-07-27T00:46:23,17,FPO,133547,Holyn Handley,986,1,1668.34,1.0,1.0,1.0,1.0,0.0,0.05319,2086.7,2.8,96414;96415;96416;97344;96418;96419,
2026-07-27,2026-07-27T00:46:23,17,FPO,133701,Nathalie Ortiz,907,83,64.25,0.0,0.0,0.0,0.0,0.0,0.0,64.2,89.5,,
2026-07-27,2026-07-27T00:46:23,17,FPO,135383,Emma Arp,912,151,5.0,0.0,0.0,0.0,0.0,0.0,0.0,5.0,156.9,,
2026-07-27,2026-07-27T00:46:23,17,FPO,138272,Raven Klein,941,27,452.5,0.01883,0.00028,1.0,0.97623,0.0165,0.0,691.8,31.9,96414;96415;96416;97344;96417;96418,
2026-07-27,2026-07-27T00:46:23,17,FPO,139109,Leah Tsinajinnie,927,82,71.0,0.0,0.0,6e-05,0.0,0.0,0.0,84.8,83.2,97344,
2026-07-27,2026-07-27T00:46:23,17,FPO,139387,Hanna Jansson,903,90,50.25,0.0,0.0,0.0,0.0,0.0,0.0,50.2,95.4,,
2026-07-27,2026-07-27T00:46:23,17,FPO,139738,Megan Dophal,908,207,0.0,0.0,0.0,0.0,0.0,0.0,0.0,3.2,192.4,97344,
2026-07-27,2026-07-27T00:46:23,17,FPO,140660,María Eldey Kristínardóttir,916,72,91.5,0.0,0.0,0.0,0.0,0.0,0.0,91.5,78.5,,
2026-07-27,2026-07-27T00:46:23,17,FPO,140947,Nina Bennett,946,97,40.5,0.00426,0.0,0.00811,1e-05,0.00121,0.0,149.3,67.8,97344;96417,
2026-07-27,2026-07-27T00:46:23,17,FPO,142259,Katheryn Maloney,901,204,0.0,0.0,0.0,0.0,0.0,0.0,0.0,2.4,179.8,97344,
2026-07-27,2026-07-27T00:46:23,17,FPO,142354,Alexis Kerman,921,54,176.0,3e-05,0.0,0.30616,1e-05,0.0,0.0,281.0,53.5,96414;96415;96416;97344;96417;96418,
2026-07-27,2026-07-27T00:46:23,17,FPO,143423,Ember Simonis,916,197,0.0,0.0,0.0,0.0,0.0,0.0,0.0,5.5,178.6,97344,
2026-07-27,2026-07-27T00:46:23,17,FPO,143720,Jessica Kinard,906,191,0.0,0.0,0.0,0.0,0.0,0.0,0.0,24.8,123.3,96416,
2026-07-27,2026-07-27T00:46:23,17,FPO,144112,Ella Hansen,976,5,1310.41,1.0,1.0,1.0,1.0,0.0,0.0,1655.1,5.6,96414;96415;96416;97344;96418;96419,
2026-07-27,2026-07-27T00:46:23,17,FPO,144791,Emily Yale,893,70,92.0,0.0,0.0,0.0,0.0,0.0,0.0,124.4,68.5,96415;96416;97344,
2026-07-27,2026-07-27T00:46:23,17,FPO,146137,Dani K. Hart,951,28,451.5,0.07365,0.00926,1.0,0.99926,0.05483,0.0,784.5,27.5,96414;96415;96416;97344;96417;96418;96419,
2026-07-27,2026-07-27T00:46:23,17,FPO,146304,MJ Gager,933,34,355.83,0.00063,0.0,1.0,0.00519,0.00051,0.0,410.7,44.2,96415;97344;96418,
2026-07-27,2026-07-27T00:46:23,17,FPO,147050,Ali Smith,946,62,112.5,0.0,0.0,0.0,0.0,0.0,0.0,112.5,71.2,,
2026-07-27,2026-07-27T00:46:23,17,FPO,147393,Sadie Shattuck,866,134,16.0,0.0,0.0,0.0,0.0,0.0,0.0,16.0,141.0,,
2026-07-27,2026-07-27T00:46:23,17,FPO,149548,VicToria Scott,887,210,0.0,0.0,0.0,0.0,0.0,0.0,0.0,2.0,194.9,97344,
2026-07-27,2026-07-27T00:46:23,17,FPO,149803,Candyce Boyce,895,106,33.0,0.0,0.0,0.0,0.0,0.0,0.0,33.0,112.0,,
2026-07-27,2026-07-27T00:46:23,17,FPO,150057,Hailey Huber,932,77,81.0,0.0,0.0,0.0,0.0,0.0,0.0,81.0,83.3,,
2026-07-27,2026-07-27T00:46:23,17,FPO,151072,Jennifer Rice,894,130,18.0,0.0,0.0,0.0,0.0,0.0,0.0,18.0,136.0,,
2026-07-27,2026-07-27T00:46:23,17,FPO,152191,Kelley Foster,933,33,361.5,0.002,0.0,1.0,0.27712,0.00159,0.0,524.0,38.7,96414;96415;96416;96417;96418,
2026-07-27,2026-07-27T00:46:23,17,FPO,154098,Ariel Walker,943,98,40.25,0.00019,0.0,0.00033,0.0,7e-05,0.0,83.5,84.8,97344,
2026-07-27,2026-07-27T00:46:23,17,FPO,155026,Amanda Lennartsson,947,31,409.0,0.01021,0.0,1.0,0.04281,0.00967,0.0,466.5,41.4,96418,
2026-07-27,2026-07-27T00:46:23,17,FPO,156259,Ella Tejler,898,81,73.5,0.0,0.0,0.0,0.0,0.0,0.0,73.5,87.0,,
2026-07-27,2026-07-27T00:46:23,17,FPO,156781,Audrey Wicklander,891,193,0.0,0.0,0.0,0.0,0.0,0.0,0.0,2.1,188.3,97344,
2026-07-27,2026-07-27T00:46:23,17,FPO,157471,Nid Ovathanasin,936,135,15.0,0.00013,0.0,0.00032,0.0,2e-05,0.0,73.5,90.6,96414;97344,
2026-07-27,2026-07-27T00:46:23,17,FPO,158385,Destyne Martinez,865,152,2.0,0.0,0.0,0.0,0.0,0.0,0.0,2.0,161.8,,
2026-07-27,2026-07-27T00:46:23,17,FPO,158461,Shiru Liu,914,84,63.5,0.0,0.0,0.0,0.0,0.0,0.0,63.5,90.5,,
2026-07-27,2026-07-27T00:46:23,17,FPO,160103,Jacquelyn DeLude,877,201,0.0,0.0,0.0,0.0,0.0,0.0,0.0,2.0,183.5,97344,
2026-07-27,2026-07-27T00:46:23,17,FPO,161231,Sarah May,856,166,2.0,0.0,0.0,0.0,0.0,0.0,0.0,2.0,174.0,,
2026-07-27,2026-07-27T00:46:23,17,FPO,161918,Addison Woodard,950,43,285.08,0.0559,0.00169,1.0,0.88813,0.04539,0.0,687.7,32.0,96414;96415;96416;97344;96417;96418,
2026-07-27,2026-07-27T00:46:23,17,FPO,162735,Eden Fornoff,922,190,0.0,1e-05,0.0,0.0,0.0,0.0,0.0,46.6,100.7,96415;96416,
2026-07-27,2026-07-27T00:46:23,17,FPO,162896,Therese Cuevas,937,48,231.5,0.00128,0.0,0.22255,0.00023,0.00116,0.0,291.1,52.8,97344;96418,
2026-07-27,2026-07-27T00:46:23,17,FPO,164788,Alecia Hinkson,930,61,112.5,0.00034,0.0,0.06197,5e-05,0.00016,0.0,230.8,57.4,96414;96415;97344;96417,
2026-07-27,2026-07-27T00:46:23,17,FPO,165652,Ceci Vollbrecht,899,194,0.0,0.0,0.0,0.0,0.0,0.0,0.0,2.3,187.5,97344,
2026-07-27,2026-07-27T00:46:23,17,FPO,166082,Ashton Webberley,904,157,2.0,0.0,0.0,0.0,0.0,0.0,0.0,2.0,164.1,,
2026-07-27,2026-07-27T00:46:23,17,FPO,166749,Mackenzie Morris,884,145,9.0,0.0,0.0,0.0,0.0,0.0,0.0,9.0,150.5,,
2026-07-27,2026-07-27T00:46:23,17,FPO,167255,AK Kaestner,820,173,2.0,0.0,0.0,0.0,0.0,0.0,0.0,2.0,178.0,,
2026-07-27,2026-07-27T00:46:23,17,FPO,168863,Trinity Bryant,921,47,235.0,1e-05,0.0,0.70134,6e-05,1e-05,0.0,307.7,51.5,96414;96416;97344;96418,
2026-07-27,2026-07-27T00:46:23,17,FPO,170182,Rebecca Minnick,865,109,29.0,0.0,0.0,0.0,0.0,0.0,0.0,29.0,113.9,,
2026-07-27,2026-07-27T00:46:23,17,FPO,173601,Marie Kielas,914,89,51.0,0.0,0.0,0.0,0.0,0.0,0.0,51.0,94.3,,
2026-07-27,2026-07-27T00:46:23,17,FPO,176242,Morgan Lynds,931,73,87.75,1e-05,0.0,0.00022,0.0,1e-05,0.0,107.0,74.7,97344,
2026-07-27,2026-07-27T00:46:23,17,FPO,176243,Jordan Lynds,945,60,113.25,0.00456,0.0,0.07541,0.00026,0.00354,0.0,235.4,57.3,96414;97344,
2026-07-27,2026-07-27T00:46:23,17,FPO,176481,Karissa Dedmon,917,86,59.0,0.0,0.0,0.0,0.0,0.0,0.0,64.9,90.0,97344,
2026-07-27,2026-07-27T00:46:23,17,FPO,178707,Joleigh Miller,929,65,102.0,0.0,0.0,0.0,0.0,0.0,0.0,102.0,74.6,,
2026-07-27,2026-07-27T00:46:23,17,FPO,178748,Kendyl Sullivan,887,163,2.0,0.0,0.0,0.0,0.0,0.0,0.0,2.0,167.0,,
2026-07-27,2026-07-27T00:46:23,17,FPO,179200,Jamie Williams,863,181,0.0,0.0,0.0,0.0,0.0,0.0,0.0,0.0,199.0,,
2026-07-27,2026-07-27T00:46:23,17,FPO,179873,Jenny Larsson,921,88,54.0,0.0,0.0,0.0,0.0,0.0,0.0,54.0,93.1,,
2026-07-27,2026-07-27T00:46:23,17,FPO,181772,Ida Emilie Nesse,948,37,334.0,0.04699,0.00183,1.0,0.93965,0.03884,0.0,704.4,31.2,96414;96415;96416;97344;96417;96418,
2026-07-27,2026-07-27T00:46:23,17,FPO,182450,Kajsa Wahl,893,102,36.75,0.0,0.0,0.0,0.0,0.0,0.0,36.8,106.6,,
2026-07-27,2026-07-27T00:46:23,17,FPO,182582,Addison Clark,824,211,0.0,0.0,0.0,0.0,0.0,0.0,0.0,16.5,139.6,96417,
2026-07-27,2026-07-27T00:46:23,17,FPO,184609,Elva-Kate Preston,908,63,112.25,0.0,0.0,0.0,0.0,0.0,0.0,135.9,66.4,96414;96415;97344,
2026-07-27,2026-07-27T00:46:23,17,FPO,184736,Jennifer Smiley,934,36,337.75,0.00205,0.0,1.0,0.17649,0.00149,0.0,500.2,39.7,96414;96415;96416;97344;96417;96418,
2026-07-27,2026-07-27T00:46:23,17,FPO,185057,Josefine Johansson,934,76,81.0,3e-05,0.0,0.0002,0.0,1e-05,0.0,105.1,75.4,97344,
2026-07-27,2026-07-27T00:46:23,17,FPO,185534,Sofia Donnecke,961,24,547.5,0.16263,0.00557,1.0,0.99941,0.14705,0.0,784.0,27.5,96414;96418;96419,
2026-07-27,2026-07-27T00:46:23,17,FPO,185627,Athena Cuevas,866,137,14.0,0.0,0.0,0.0,0.0,0.0,0.0,14.0,142.1,,
2026-07-27,2026-07-27T00:46:23,17,FPO,186277,Kassandra Fog Wichmann,871,149,6.0,0.0,0.0,0.0,0.0,0.0,0.0,6.0,154.4,,
2026-07-27,2026-07-27T00:46:23,17,FPO,186629,Sanne Dalseth,880,139,13.5,0.0,0.0,0.0,0.0,0.0,0.0,13.5,143.3,,
2026-07-27,2026-07-27T00:46:23,17,FPO,188837,JJ Sun,883,184,0.0,0.0,0.0,0.0,0.0,0.0,0.0,0.0,208.0,,
2026-07-27,2026-07-27T00:46:23,17,FPO,189702,Taylor Chocek,947,15,749.95,0.28037,0.2704,1.0,1.0,0.00974,0.0,968.3,19.8,96414;96415;96416;96418;96419,
2026-07-27,2026-07-27T00:46:23,17,FPO,193215,Lexi Marx,929,113,25.5,0.00013,0.0,0.00028,0.0,0.0,0.0,92.0,80.7,96414;96415;97344,
2026-07-27,2026-07-27T00:46:23,17,FPO,195549,Kylie Kohut,933,42,290.0,0.00067,0.0,0.99799,0.00132,0.00051,0.0,370.8,46.8,96414;96415;96418,
2026-07-27,2026-07-27T00:46:23,17,FPO,195550,Peyton Kohut,913,85,62.5,0.0,0.0,0.0,0.0,0.0,0.0,88.2,80.5,96414;96415,
2026-07-27,2026-07-27T00:46:23,17,FPO,196237,Kaire Tekku,923,79,78.75,0.0,0.0,0.0,0.0,0.0,0.0,78.8,84.5,,
2026-07-27,2026-07-27T00:46:23,17,FPO,197689,Isabella Parker,877,129,18.0,0.0,0.0,0.0,0.0,0.0,0.0,18.0,135.2,,
2026-07-27,2026-07-27T00:46:23,17,FPO,198446,Eliezra Midtlyng,948,12,833.58,0.6871,0.68578,1.0,1.0,0.00127,0.0,1039.3,17.2,96414;96415;96416;97344;96417;96418;96419,
2026-07-27,2026-07-27T00:46:23,17,FPO,198721,Hannah Kellar,898,100,38.0,0.0,0.0,0.0,0.0,0.0,0.0,38.0,105.3,,
2026-07-27,2026-07-27T00:46:23,17,FPO,202571,Elizabete Pēkšena,932,50,205.5,0.00034,0.0,0.05012,1e-05,0.00029,0.0,247.1,56.1,97344;96418,
2026-07-27,2026-07-27T00:46:23,17,FPO,208576,Rebecca Don,961,9,926.99,0.99934,0.99934,1.0,1.0,0.0,0.0,1240.4,10.8,96414;96415;96416;97344;96418;96419,
2026-07-27,2026-07-27T00:46:23,17,FPO,209432,Eden Fletcher,905,101,38.0,0.0,0.0,0.0,0.0,0.0,0.0,38.0,104.6,,
2026-07-27,2026-07-27T00:46:23,17,FPO,209462,Erika Apple,854,172,2.0,0.0,0.0,0.0,0.0,0.0,0.0,2.0,172.2,,
2026-07-27,2026-07-27T00:46:23,17,FPO,210287,Mara Neal,864,165,2.0,0.0,0.0,0.0,0.0,0.0,0.0,2.0,173.0,,
2026-07-27,2026-07-27T00:46:23,17,FPO,210972,Kristýna Jurčíková,970,38,331.0,0.27235,0.00065,1.0,0.62776,0.24567,0.0,652.3,33.5,97344;96418,
2026-07-27,2026-07-27T00:46:23,17,FPO,214417,Fleur Verberk,899,198,0.0,0.0,0.0,0.0,0.0,0.0,0.0,2.3,185.7,97344,
2026-07-27,2026-07-27T00:46:23,17,FPO,215439,Sheliemae Lai,946,71,92.0,0.0,0.0,0.0,0.0,0.0,0.0,92.0,77.4,,
2026-07-27,2026-07-27T00:46:23,17,FPO,215495,Kelsey Martin,877,205,0.0,0.0,0.0,0.0,0.0,0.0,0.0,2.0,179.9,97344,
2026-07-27,2026-07-27T00:46:23,17,FPO,216558,Iida Lehtomäki,963,29,430.25,0.11828,1e-05,1.0,0.35541,0.10765,0.0,574.6,36.8,97344;96418,
2026-07-27,2026-07-27T00:46:23,17,FPO,217892,Katie Tews,892,114,25.5,0.0,0.0,0.0,0.0,0.0,0.0,25.5,119.1,,
2026-07-27,2026-07-27T00:46:23,17,FPO,218760,Sarah Duran,865,142,11.0,0.0,0.0,0.0,0.0,0.0,0.0,11.0,147.3,,
2026-07-27,2026-07-27T00:46:23,17,FPO,218779,Amanda Brightwell,831,168,2.0,0.0,0.0,0.0,0.0,0.0,0.0,2.0,176.0,,
2026-07-27,2026-07-27T00:46:23,17,FPO,219693,Anna Damberga,864,125,21.0,0.0,0.0,0.0,0.0,0.0,0.0,21.0,129.8,,
2026-07-27,2026-07-27T00:46:23,17,FPO,221583,Evie Lou Ramey,894,187,0.0,0.0,0.0,0.0,0.0,0.0,0.0,0.0,211.0,,
2026-07-27,2026-07-27T00:46:23,17,FPO,222693,Tanisha Platero,856,159,2.0,0.0,0.0,0.0,0.0,0.0,0.0,2.0,162.0,,
2026-07-27,2026-07-27T00:46:23,17,FPO,222973,Martje Sumowski,913,107,33.0,0.0,0.0,0.0,0.0,0.0,0.0,33.0,112.0,,
2026-07-27,2026-07-27T00:46:23,17,FPO,223975,Laura Tatiana Niño Carranza,875,154,2.0,0.0,0.0,0.0,0.0,0.0,0.0,4.0,158.1,97344,
2026-07-27,2026-07-27T00:46:23,17,FPO,224238,Julia Fors,962,30,428.5,0.15178,0.00088,1.0,0.84176,0.14095,0.0,685.4,32.0,97344;96418,
2026-07-27,2026-07-27T00:46:23,17,FPO,225016,Naomi Suyat,869,183,0.0,0.0,0.0,0.0,0.0,0.0,0.0,0.0,207.0,,
2026-07-27,2026-07-27T00:46:23,17,FPO,227315,Sarah Wadsworth,901,188,0.0,0.0,0.0,0.0,0.0,0.0,0.0,10.5,147.2,96415,
2026-07-27,2026-07-27T00:46:23,17,FPO,228486,Stefani Ewell,857,143,10.0,0.0,0.0,0.0,0.0,0.0,0.0,10.0,148.4,,
2026-07-27,2026-07-27T00:46:23,17,FPO,229526,Sintija Klezberga,955,16,737.5,0.73118,0.7279,1.0,1.0,0.00294,0.0,1051.8,16.7,96414;96415;97344;96417;96418;96419,
2026-07-27,2026-07-27T00:46:23,17,FPO,231650,Tailey Rowley,911,68,96.25,0.0,0.0,0.0,0.0,0.0,0.0,100.0,75.4,97344,
2026-07-27,2026-07-27T00:46:23,17,FPO,232666,Rebecka Hoppe,850,150,6.0,0.0,0.0,0.0,0.0,0.0,0.0,6.0,154.5,,
2026-07-27,2026-07-27T00:46:23,17,FPO,232722,Julia Hauch,911,202,0.0,0.0,0.0,0.0,0.0,0.0,0.0,3.8,178.1,97344,
2026-07-27,2026-07-27T00:46:23,17,FPO,235368,Madalyn Payton,896,174,0.0,0.0,0.0,0.0,0.0,0.0,0.0,0.0,206.0,,
2026-07-27,2026-07-27T00:46:23,17,FPO,238187,Ann Deputy,918,78,80.25,0.0,0.0,0.0,0.0,0.0,0.0,86.7,80.7,97344,
2026-07-27,2026-07-27T00:46:23,17,FPO,240590,Amelia Saechao,873,117,24.0,0.0,0.0,0.0,0.0,0.0,0.0,24.0,120.8,,
2026-07-27,2026-07-27T00:46:23,17,FPO,242116,Eva Lutsenko,924,122,21.75,0.0,0.0,0.0,0.0,0.0,0.0,21.8,127.6,,
2026-07-27,2026-07-27T00:46:23,17,FPO,242331,Ida Kennmark,867,138,13.5,0.0,0.0,0.0,0.0,0.0,0.0,13.5,144.0,,
2026-07-27,2026-07-27T00:46:23,17,FPO,245180,Chelsea Sutton,859,169,2.0,0.0,0.0,0.0,0.0,0.0,0.0,2.0,169.0,,
2026-07-27,2026-07-27T00:46:23,17,FPO,245306,Netta Leppäaho,945,64,105.75,0.0,0.0,0.0,0.0,0.0,0.0,105.8,73.0,,
2026-07-27,2026-07-27T00:46:23,17,FPO,245317,Sophi Stephenson,859,140,12.0,0.0,0.0,0.0,0.0,0.0,0.0,12.0,145.2,,
2026-07-27,2026-07-27T00:46:23,17,FPO,254333,Jess Zilch,874,127,19.5,0.0,0.0,0.0,0.0,0.0,0.0,19.5,131.8,,
2026-07-27,2026-07-27T00:46:23,17,FPO,255962,Samantha Zaborowski,901,209,0.0,0.0,0.0,0.0,0.0,0.0,0.0,2.4,192.7,97344,
2026-07-27,2026-07-27T00:46:23,17,FPO,256846,Lea Tomas,888,206,0.0,0.0,0.0,0.0,0.0,0.0,0.0,2.0,183.1,97344,
2026-07-27,2026-07-27T00:46:23,17,FPO,259972,Marion Mattsson,858,141,11.25,0.0,0.0,0.0,0.0,0.0,0.0,11.2,146.3,,
2026-07-27,2026-07-27T00:46:23,17,FPO,261058,Jessica Erickson,891,91,49.0,0.0,0.0,0.0,0.0,0.0,0.0,49.0,97.2,,
2026-07-27,2026-07-27T00:46:23,17,FPO,261216,Victoria Christensen,863,132,17.25,0.0,0.0,0.0,0.0,0.0,0.0,17.2,137.3,,
2026-07-27,2026-07-27T00:46:23,17,FPO,268900,Natalie Berg,883,126,19.5,0.0,0.0,0.0,0.0,0.0,0.0,19.5,130.8,,
2026-07-27,2026-07-27T00:46:23,17,FPO,269838,Daisy Kelly,882,182,0.0,0.0,0.0,0.0,0.0,0.0,0.0,0.0,198.0,,
2026-07-27,2026-07-27T00:46:23,17,FPO,277832,Chandler Reigh,939,25,473.25,0.01413,0.0001,1.0,0.98703,0.01262,0.0,686.8,32.2,96414;96415;96416;97344;96417;96418,
2026-07-27,2026-07-27T00:46:23,17,FPO,278450,Brit Hamburg-Kiin,854,111,28.5,0.0,0.0,0.0,0.0,0.0,0.0,28.5,114.9,,
2026-07-27,2026-07-27T00:46:23,17,FPO,279466,Gry Nagel,820,131,18.0,0.0,0.0,0.0,0.0,0.0,0.0,18.0,134.5,,
2026-07-27,2026-07-27T00:46:23,17,FPO,281626,Una Lokmane,878,110,28.5,0.0,0.0,0.0,0.0,0.0,0.0,28.5,115.8,,
2026-07-27,2026-07-27T00:46:23,17,FPO,284553,Katherine Aydelott,861,148,6.0,0.0,0.0,0.0,0.0,0.0,0.0,6.0,155.5,,
2026-07-27,2026-07-27T00:46:23,17,FPO,286978,Michelle Southworth,800,167,2.0,0.0,0.0,0.0,0.0,0.0,0.0,2.0,175.0,,
2026-07-27,2026-07-27T00:46:23,17,FPO,288014,Jordan Coomes,840,128,18.0,0.0,0.0,0.0,0.0,0.0,0.0,18.0,133.2,,
2026-07-27,2026-07-27T00:46:23,17,FPO,297287,Marta Villa,856,164,2.0,0.0,0.0,0.0,0.0,0.0,0.0,2.0,168.0,,
2026-07-27,2026-07-27T00:46:23,17,FPO,302765,Grace Wilson,891,199,0.0,0.0,0.0,0.0,0.0,0.0,0.0,2.1,188.7,97344,
2026-07-27,2026-07-27T00:46:23,17,FPO,308525,Saga Dahlstedt,917,58,127.5,0.0,0.0,0.0,0.0,0.0,0.0,127.5,67.7,,
2026-07-27,2026-07-27T00:46:23,17,FPO,311218,Mina Alme,902,104,35.25,0.0,0.0,0.0,0.0,0.0,0.0,35.2,109.3,,
2026-07-29,2026-07-29T19:18:42,17,FPO,3024,Chris O'Cleary,914,196,0.0,0.0,0.0,0.0,0.0,0.0,0.0,4.7,184.9,97344,
2026-07-29,2026-07-29T19:18:42,17,FPO,3090,Elaine King,888,197,0.0,0.0,0.0,0.0,0.0,0.0,0.0,2.0,187.7,97344,
2026-07-29,2026-07-29T19:18:42,17,FPO,8803,Ruth Steele,872,162,2.0,0.0,0.0,0.0,0.0,0.0,0.0,2.0,167.8,,
2026-07-29,2026-07-29T19:18:42,17,FPO,15354,Jennifer Allen,967,39,313.0,0.19644,0.00013,0.99995,0.46632,0.17825,0.0,599.5,35.6,97344;96418,
2026-07-29,2026-07-29T19:18:42,17,FPO,27832,Kona Star Montgomery,949,23,553.0,0.11187,0.07497,1.0,1.0,0.03208,0.0,884.5,23.0,96414;96415;96416;97344;96417;96418;96419,
2026-07-29,2026-07-29T19:18:42,17,FPO,29190,Paige Pierce,968,19,693.17,0.88423,0.87814,1.0,1.0,0.00605,0.0,1114.8,14.6,96414;96416;97344;96418;96419,
2026-07-29,2026-07-29T19:18:42,17,FPO,29947,Stephanie Vincent,925,112,28.0,0.0,0.0,0.0,0.0,0.0,0.0,28.0,117.3,,
2026-07-29,2026-07-29T19:18:42,17,FPO,31041,Sheila Teves,883,180,0.0,0.0,0.0,0.0,0.0,0.0,0.0,0.0,212.0,,
2026-07-29,2026-07-29T19:18:42,17,FPO,32654,Lisa Fajkus,958,22,593.83,0.357,0.30924,1.0,1.0,0.04057,0.0,969.2,19.8,96414;96415;96416;96417;96418;96419,
2026-07-29,2026-07-29T19:18:42,17,FPO,32917,Rebecca Cox,951,32,397.0,0.07292,0.01064,1.0,0.99593,0.05265,0.0,777.5,27.5,96414;96415;96416;97344;96417;96418,
2026-07-29,2026-07-29T19:18:42,17,FPO,32925,Lindsay Fish,882,155,2.0,0.0,0.0,0.0,0.0,0.0,0.0,2.0,184.6,,
2026-07-29,2026-07-29T19:18:42,17,FPO,34563,Sarah Hokom,949,67,101.0,0.02216,1e-05,0.92532,0.09151,0.01483,0.0,437.8,43.3,96414;96415;96416;97344;96417;96418,
2026-07-29,2026-07-29T19:18:42,17,FPO,35321,Sofie Björlycke,936,75,83.25,0.0,0.0,0.0,0.0,0.0,0.0,83.2,82.0,,
2026-07-29,2026-07-29T19:18:42,17,FPO,35774,Camilla Jernberg,873,147,7.5,0.0,0.0,0.0,0.0,0.0,0.0,7.5,153.4,,
2026-07-29,2026-07-29T19:18:42,17,FPO,36307,Amanda Branch,887,193,0.0,0.0,0.0,0.0,0.0,0.0,0.0,2.0,188.7,97344,
2026-07-29,2026-07-29T19:18:42,17,FPO,39504,Zoe AnDyke,930,80,77.0,0.0,0.0,0.0,0.0,0.0,0.0,77.0,86.7,,
2026-07-29,2026-07-29T19:18:42,17,FPO,43995,Taylor Foth,902,178,0.0,0.0,0.0,0.0,0.0,0.0,0.0,0.0,201.0,,
2026-07-29,2026-07-29T19:18:42,17,FPO,44184,Catrina Allen,961,7,1024.58,0.99999,0.99999,1.0,1.0,0.0,0.0,1300.2,9.4,96414;96415;96416;97344;96417;96418;96419,
2026-07-29,2026-07-29T19:18:42,17,FPO,45407,Brittney Armentrout,851,158,2.0,0.0,0.0,0.0,0.0,0.0,0.0,2.0,163.0,,
2026-07-29,2026-07-29T19:18:42,17,FPO,48199,Alison Blakeman,870,185,0.0,0.0,0.0,0.0,0.0,0.0,0.0,0.0,210.0,,
2026-07-29,2026-07-29T19:18:42,17,FPO,48976,Ohn Scoggins,990,3,1489.0,1.0,1.0,1.0,1.0,0.0,0.36368,2227.5,1.8,96414;96415;96416;97344;96417;96418;96419,
2026-07-29,2026-07-29T19:18:42,17,FPO,50656,Jessica Gurthie,955,17,734.0,1.0,0.90752,1.0,1.0,0.00059,0.0,1115.6,14.5,96414;96415;96416;97344;96417;96418;96419,
2026-07-29,2026-07-29T19:18:42,17,FPO,51277,Holly Finley,929,49,214.0,0.00047,0.0,0.83498,0.00097,0.00018,0.0,331.0,49.7,96414;96415;97344;96417;96418,
2026-07-29,2026-07-29T19:18:42,17,FPO,58303,Sai Ananda,949,66,102.0,0.00362,0.0,0.01401,4e-05,0.0031,0.0,175.0,64.1,97344,
2026-07-29,2026-07-29T19:18:42,17,FPO,59227,Henna Blomroos,969,10,890.0,1.0,0.99481,1.0,1.0,2e-05,0.0,1205.1,11.8,96414;97344;96418;96419,
2026-07-29,2026-07-29T19:18:42,17,FPO,59431,Madison Walker,951,20,652.83,0.13111,0.08761,1.0,1.0,0.03762,0.0,898.2,22.5,96414;96415;96416;97344;96417;96418;96419,
2026-07-29,2026-07-29T19:18:42,17,FPO,60798,Madison Tomaino,921,74,83.5,0.0,0.0,0.0,0.0,0.0,0.0,120.2,71.1,96416,
2026-07-29,2026-07-29T19:18:42,17,FPO,61144,Emily Beach,901,175,0.0,0.0,0.0,0.0,0.0,0.0,0.0,0.0,205.0,,
2026-07-29,2026-07-29T19:18:42,17,FPO,61990,Katka Boďová,916,93,48.0,0.0,0.0,0.0,0.0,0.0,0.0,48.0,98.7,,
2026-07-29,2026-07-29T19:18:42,17,FPO,62879,Valerie Mandujano,975,13,799.16,1.0,1.0,1.0,1.0,0.0,0.0,1438.6,7.5,96414;96415;96416;97344;96417;96418;96419,
2026-07-29,2026-07-29T19:18:42,17,FPO,62880,Alexis Mandujano,960,35,352.5,0.2394,0.12126,1.0,0.99968,0.0957,0.0,884.2,23.1,96414;96415;96416;97344;96417;96418;96419,
2026-07-29,2026-07-29T19:18:42,17,FPO,63257,Maria Oliva,920,46,237.0,7e-05,0.0,0.98661,0.00035,5e-05,0.0,340.0,49.0,96414;96415;96416;97344;96417;96418,
2026-07-29,2026-07-29T19:18:42,17,FPO,64927,Eveliina Salonen,988,6,1164.67,1.0,1.0,1.0,1.0,0.0,0.0,1660.1,5.5,96414;97344;96418;96419,
2026-07-29,2026-07-29T19:18:42,17,FPO,65489,Lauren Butler,916,55,157.75,1e-05,0.0,0.02116,0.0,0.0,0.0,223.8,58.0,96414;96415;97344;96417,
2026-07-29,2026-07-29T19:18:42,17,FPO,66063,Ashlee Johnson,859,179,0.0,0.0,0.0,0.0,0.0,0.0,0.0,0.0,202.0,,
2026-07-29,2026-07-29T19:18:42,17,FPO,66599,Heidi Laine,959,11,834.75,0.9624,0.96228,1.0,1.0,0.00011,0.0,1140.4,13.7,96414;96415;96416;97344;96418;96419,
2026-07-29,2026-07-29T19:18:42,17,FPO,69584,Danielle Weigandt,853,161,2.0,0.0,0.0,0.0,0.0,0.0,0.0,2.0,165.9,,
2026-07-29,2026-07-29T19:18:42,17,FPO,71262,Erika Stinchcomb,920,45,261.25,0.0,0.0,0.99863,0.00061,0.0,0.0,356.7,47.8,96414;96415;96416;97344;96417;96418,
2026-07-29,2026-07-29T19:18:42,17,FPO,72635,Kersti Miller,890,105,34.5,0.0,0.0,0.0,0.0,0.0,0.0,34.5,110.8,,
2026-07-29,2026-07-29T19:18:42,17,FPO,74708,Casey Pennington,916,99,39.5,0.0,0.0,0.0,0.0,0.0,0.0,39.5,103.6,,
2026-07-29,2026-07-29T19:18:42,17,FPO,75029,Cynthia Ricciotti,917,59,117.25,0.0,0.0,0.00328,0.0,0.0,0.0,182.0,61.7,96414;96415;97344;96417,
2026-07-29,2026-07-29T19:18:42,17,FPO,76009,Virginia Polkinghorne,884,186,0.0,0.0,0.0,0.0,0.0,0.0,0.0,0.0,209.0,,
2026-07-29,2026-07-29T19:18:42,17,FPO,77385,Matilda Ringbom,947,44,274.0,0.00952,0.0,0.34129,0.00016,0.00896,0.0,331.9,49.8,96418,
2026-07-29,2026-07-29T19:18:42,17,FPO,78232,Tiger Borth,899,124,21.0,0.0,0.0,0.0,0.0,0.0,0.0,23.3,125.1,97344,
2026-07-29,2026-07-29T19:18:42,17,FPO,79233,Cadence Burge,971,69,95.25,0.36402,0.00212,0.99479,0.64447,0.26908,0.0,658.6,32.9,96415;96416;97344;96417;96418,
2026-07-29,2026-07-29T19:18:42,17,FPO,80935,Lindsey Maas,902,108,32.25,0.0,0.0,0.0,0.0,0.0,0.0,39.4,105.8,96414;97344,
2026-07-29,2026-07-29T19:18:42,17,FPO,82809,Alex von Stade,893,121,22.0,0.0,0.0,0.0,0.0,0.0,0.0,22.0,126.9,,
2026-07-29,2026-07-29T19:18:42,17,FPO,83376,Cassandra Lioi,890,146,8.0,0.0,0.0,0.0,0.0,0.0,0.0,8.0,152.4,,
2026-07-29,2026-07-29T19:18:42,17,FPO,84279,Kaidi Allsalu,956,51,203.62,0.04274,0.0,0.0,0.0,0.04048,0.0,296.5,52.6,,
2026-07-29,2026-07-29T19:18:42,17,FPO,85189,Samantha Bonacci,870,133,16.5,0.0,0.0,0.0,0.0,0.0,0.0,16.5,139.6,,
2026-07-29,2026-07-29T19:18:42,17,FPO,85484,Anneli Tõugjas-Männiste,957,26,457.5,0.1399,0.02527,1.0,0.99965,0.0931,0.0,817.3,25.8,96414;96415;97344;96417;96418;96419,
2026-07-29,2026-07-29T19:18:42,17,FPO,85942,Missy Gannon,985,4,1384.83,1.0,1.0,1.0,1.0,0.0,0.00134,1901.0,4.0,96414;96415;96416;97344;96417;96418;96419,
2026-07-29,2026-07-29T19:18:42,17,FPO,87094,Rose Shertick,918,209,0.0,0.0,0.0,0.0,0.0,0.0,0.0,6.5,182.0,97344,
2026-07-29,2026-07-29T19:18:42,17,FPO,87443,Andrea Cammack,874,160,2.0,0.0,0.0,0.0,0.0,0.0,0.0,2.0,161.3,,
2026-07-29,2026-07-29T19:18:42,17,FPO,94085,Keiti Tätte,957,53,184.12,0.01688,0.0,0.0,0.0,0.01591,0.0,217.2,59.0,,
2026-07-29,2026-07-29T19:18:42,17,FPO,96090,Sonja Laine,899,103,36.0,0.0,0.0,0.0,0.0,0.0,0.0,36.0,108.0,,
2026-07-29,2026-07-29T19:18:42,17,FPO,96480,Tori Pasquin,833,171,2.0,0.0,0.0,0.0,0.0,0.0,0.0,2.0,171.0,,
2026-07-29,2026-07-29T19:18:42,17,FPO,97238,Jannicke Hjemli,862,144,9.75,0.0,0.0,0.0,0.0,0.0,0.0,9.8,150.2,,
2026-07-29,2026-07-29T19:18:42,17,FPO,99441,Lykke Lorentzen,923,92,48.0,0.0,0.0,0.0,0.0,0.0,0.0,57.8,93.5,97344,
2026-07-29,2026-07-29T19:18:42,17,FPO,99455,Kat Mertsch,964,8,1004.67,1.0,1.0,1.0,1.0,0.0,0.0,1338.3,8.8,96414;96415;96416;97344;96417;96418;96419,
2026-07-29,2026-07-29T19:18:42,17,FPO,101949,Ratana McMahon,885,56,129.75,0.0,0.0,0.0,0.0,0.0,0.0,134.4,66.7,96415,
2026-07-29,2026-07-29T19:18:42,17,FPO,102024,Danielle Keen,896,177,0.0,0.0,0.0,0.0,0.0,0.0,0.0,0.0,203.0,,
2026-07-29,2026-07-29T19:18:42,17,FPO,103743,Karen Martel,926,136,15.0,0.0,0.0,0.0,0.0,0.0,0.0,27.7,126.5,97344,
2026-07-29,2026-07-29T19:18:42,17,FPO,104187,Macie Velediaz,957,41,294.67,0.07652,5e-05,1.0,0.37833,0.05975,0.0,553.9,37.5,97344;96417;96418,
2026-07-29,2026-07-29T19:18:42,17,FPO,104314,Violet Main,945,40,301.0,0.01077,0.0,1.0,0.10342,0.00759,0.0,463.9,41.6,96414;97344;96417;96418,
2026-07-29,2026-07-29T19:18:42,17,FPO,104814,Ellie Bryant,904,118,23.75,0.0,0.0,0.0,0.0,0.0,0.0,23.8,122.9,,
2026-07-29,2026-07-29T19:18:42,17,FPO,105126,Aria Castruita,949,94,46.5,0.0,0.0,0.0,0.0,0.0,0.0,46.5,99.8,,
2026-07-29,2026-07-29T19:18:42,17,FPO,106489,Anna Pinter,875,123,21.75,0.0,0.0,0.0,0.0,0.0,0.0,21.8,128.7,,
2026-07-29,2026-07-29T19:18:42,17,FPO,107297,Maria Liivamägi,857,116,24.0,0.0,0.0,0.0,0.0,0.0,0.0,24.0,121.3,,
2026-07-29,2026-07-29T19:18:42,17,FPO,107335,Silva Saarinen,991,2,1585.84,1.0,1.0,1.0,1.0,0.0,0.58327,2271.3,1.5,96414;96415;96416;97344;96418;96419,
2026-07-29,2026-07-29T19:18:42,17,FPO,107780,Shelbi Dutton,932,191,0.0,6e-05,0.0,0.0,0.0,0.0,0.0,28.8,121.5,96415,
2026-07-29,2026-07-29T19:18:42,17,FPO,108871,Brook Johnson,905,115,24.0,0.0,0.0,0.0,0.0,0.0,0.0,26.7,118.0,97344,
2026-07-29,2026-07-29T19:18:42,17,FPO,109337,Cathy Kuhn,860,176,0.0,0.0,0.0,0.0,0.0,0.0,0.0,0.0,204.0,,
2026-07-29,2026-07-29T19:18:42,17,FPO,109996,Anniken Kristiansen Steen,964,18,700.29,0.26192,0.13005,1.0,1.0,0.12935,0.0,914.5,21.9,97344;96418;96419,
2026-07-29,2026-07-29T19:18:42,17,FPO,111487,Emily Weatherman,958,14,777.83,0.95332,0.95297,1.0,1.0,0.00033,0.0,1144.2,13.6,96414;96415;96416;97344;96417;96418;96419,
2026-07-29,2026-07-29T19:18:42,17,FPO,112647,Hanna Huynh,962,21,600.0,0.84536,0.83892,1.0,1.0,0.00546,0.0,1104.1,15.0,96414;96415;96416;97344;96417;96418;96419,
2026-07-29,2026-07-29T19:18:42,17,FPO,115503,Olivia Kindstedt,946,52,189.0,0.00778,0.0,0.15013,0.00061,0.00703,0.0,291.0,52.9,97344,
2026-07-29,2026-07-29T19:18:42,17,FPO,116694,Kristi Unt,925,95,45.0,0.0,0.0,0.0,0.0,0.0,0.0,45.0,100.9,,
2026-07-29,2026-07-29T19:18:42,17,FPO,121554,Elina Rydberg,898,119,23.25,0.0,0.0,0.0,0.0,0.0,0.0,23.2,123.9,,
2026-07-29,2026-07-29T19:18:42,17,FPO,124064,Shelby Cowen,914,57,129.0,1e-05,0.0,0.00072,0.0,0.0,0.0,181.9,61.6,96414;96415;96417,
2026-07-29,2026-07-29T19:18:42,17,FPO,126226,Kati Chachere,843,170,2.0,0.0,0.0,0.0,0.0,0.0,0.0,2.0,170.0,,
2026-07-29,2026-07-29T19:18:42,17,FPO,128395,Michelle Saggboy,894,156,2.0,0.0,0.0,0.0,0.0,0.0,0.0,2.0,168.8,,
2026-07-29,2026-07-29T19:18:42,17,FPO,128532,Maarja Soasepp,905,96,42.0,0.0,0.0,0.0,0.0,0.0,0.0,42.0,102.4,,
2026-07-29,2026-07-29T19:18:42,17,FPO,130187,Kat Johnson,910,204,0.0,0.0,0.0,0.0,0.0,0.0,0.0,3.6,177.2,97344,
2026-07-29,2026-07-29T19:18:42,17,FPO,130342,Chantel Budinsky,957,87,58.5,0.06489,0.0,0.43313,0.01927,0.04486,0.0,365.7,48.1,96414;97344;96417,
2026-07-29,2026-07-29T19:18:42,17,FPO,130822,Hannah Manis,932,201,0.0,3e-05,0.0,3e-05,0.0,0.0,0.0,20.4,149.8,97344,
2026-07-29,2026-07-29T19:18:42,17,FPO,131583,Hannah Lengel,954,190,0.0,0.01344,0.0,0.00107,0.0,0.00211,0.0,127.5,72.8,96414;96417,
2026-07-29,2026-07-29T19:18:42,17,FPO,132291,Ashley Phelps,904,120,23.0,0.0,0.0,0.0,0.0,0.0,0.0,23.0,125.4,,
2026-07-29,2026-07-29T19:18:42,17,FPO,132627,Jenn Cazanov-Diggs,905,153,2.0,0.0,0.0,0.0,0.0,0.0,0.0,2.0,189.5,,
2026-07-29,2026-07-29T19:18:42,17,FPO,133547,Holyn Handley,986,1,1668.34,1.0,1.0,1.0,1.0,0.0,0.05171,2087.8,2.8,96414;96415;96416;97344;96418;96419,
2026-07-29,2026-07-29T19:18:42,17,FPO,133701,Nathalie Ortiz,907,83,64.25,0.0,0.0,0.0,0.0,0.0,0.0,64.2,89.8,,
2026-07-29,2026-07-29T19:18:42,17,FPO,135383,Emma Arp,912,151,5.0,0.0,0.0,0.0,0.0,0.0,0.0,5.0,157.8,,
2026-07-29,2026-07-29T19:18:42,17,FPO,138272,Raven Klein,941,27,452.5,0.01924,0.00019,1.0,0.9856,0.01709,0.0,693.1,31.5,96414;96415;96416;97344;96417;96418,
2026-07-29,2026-07-29T19:18:42,17,FPO,139109,Leah Tsinajinnie,927,82,71.0,1e-05,0.0,0.00031,0.0,0.0,0.0,106.6,76.4,96414;97344,
2026-07-29,2026-07-29T19:18:42,17,FPO,139387,Hanna Jansson,903,90,50.25,0.0,0.0,0.0,0.0,0.0,0.0,50.2,95.8,,
2026-07-29,2026-07-29T19:18:42,17,FPO,139738,Megan Dophal,908,208,0.0,0.0,0.0,0.0,0.0,0.0,0.0,3.2,189.4,97344,
2026-07-29,2026-07-29T19:18:42,17,FPO,140660,María Eldey Kristínardóttir,916,72,91.5,0.0,0.0,0.0,0.0,0.0,0.0,91.5,80.1,,
2026-07-29,2026-07-29T19:18:42,17,FPO,140947,Nina Bennett,946,97,40.5,0.00751,0.0,0.06384,0.00031,0.00398,0.0,212.9,60.2,96414;97344;96417,
2026-07-29,2026-07-29T19:18:42,17,FPO,142259,Katheryn Maloney,901,205,0.0,0.0,0.0,0.0,0.0,0.0,0.0,2.4,178.9,97344,
2026-07-29,2026-07-29T19:18:42,17,FPO,142354,Alexis Kerman,921,54,176.0,7e-05,0.0,0.30522,1e-05,3e-05,0.0,278.3,53.7,96414;96415;96416;97344;96417;96418,
2026-07-29,2026-07-29T19:18:42,17,FPO,143423,Ember Simonis,916,198,0.0,0.0,0.0,0.0,0.0,0.0,0.0,5.5,178.3,97344,
2026-07-29,2026-07-29T19:18:42,17,FPO,143720,Jessica Kinard,906,192,0.0,0.0,0.0,0.0,0.0,0.0,0.0,22.8,128.1,96416,
2026-07-29,2026-07-29T19:18:42,17,FPO,144112,Ella Hansen,976,5,1310.41,1.0,1.0,1.0,1.0,0.0,0.0,1656.2,5.6,96414;96415;96416;97344;96418;96419,
2026-07-29,2026-07-29T19:18:42,17,FPO,144791,Emily Yale,893,70,92.0,0.0,0.0,0.0,0.0,0.0,0.0,120.9,70.3,96415;96416;97344,
2026-07-29,2026-07-29T19:18:42,17,FPO,146137,Dani K. Hart,951,28,451.5,0.07205,0.00897,1.0,0.99956,0.05345,0.0,785.5,27.1,96414;96415;96416;97344;96417;96418;96419,
2026-07-29,2026-07-29T19:18:42,17,FPO,146304,MJ Gager,933,34,355.83,0.0006,0.0,1.0,0.00639,0.00047,0.0,410.1,44.4,96415;97344;96418,
2026-07-29,2026-07-29T19:18:42,17,FPO,147050,Ali Smith,946,62,112.5,0.0,0.0,0.0,0.0,0.0,0.0,112.5,72.6,,
2026-07-29,2026-07-29T19:18:42,17,FPO,147393,Sadie Shattuck,866,134,16.0,0.0,0.0,0.0,0.0,0.0,0.0,16.0,141.5,,
2026-07-29,2026-07-29T19:18:42,17,FPO,149548,VicToria Scott,887,211,0.0,0.0,0.0,0.0,0.0,0.0,0.0,2.0,195.9,97344,
2026-07-29,2026-07-29T19:18:42,17,FPO,149803,Candyce Boyce,895,106,33.0,0.0,0.0,0.0,0.0,0.0,0.0,33.0,112.4,,
2026-07-29,2026-07-29T19:18:42,17,FPO,150057,Hailey Huber,932,77,81.0,0.0,0.0,0.0,0.0,0.0,0.0,81.0,84.4,,
2026-07-29,2026-07-29T19:18:42,17,FPO,151072,Jennifer Rice,894,130,18.0,0.0,0.0,0.0,0.0,0.0,0.0,18.0,136.4,,
2026-07-29,2026-07-29T19:18:42,17,FPO,152191,Kelley Foster,933,33,361.5,0.00263,0.0,1.0,0.32771,0.00215,0.0,525.3,38.4,96414;96415;96416;96417;96418,
2026-07-29,2026-07-29T19:18:42,17,FPO,154098,Ariel Walker,943,98,40.25,0.00017,0.0,0.00036,0.0,5e-05,0.0,83.5,85.6,97344,
2026-07-29,2026-07-29T19:18:42,17,FPO,155026,Amanda Lennartsson,947,31,409.0,0.01003,0.0,1.0,0.05487,0.00943,0.0,467.3,41.2,96418,
2026-07-29,2026-07-29T19:18:42,17,FPO,156259,Ella Tejler,898,81,73.5,0.0,0.0,0.0,0.0,0.0,0.0,73.5,88.1,,
2026-07-29,2026-07-29T19:18:42,17,FPO,156781,Audrey Wicklander,891,194,0.0,0.0,0.0,0.0,0.0,0.0,0.0,2.1,187.5,97344,
2026-07-29,2026-07-29T19:18:42,17,FPO,157471,Nid Ovathanasin,936,135,15.0,0.00017,0.0,0.00033,0.0,2e-05,0.0,74.8,90.8,96414;97344,
2026-07-29,2026-07-29T19:18:42,17,FPO,158385,Destyne Martinez,865,152,2.0,0.0,0.0,0.0,0.0,0.0,0.0,2.0,170.0,,
2026-07-29,2026-07-29T19:18:42,17,FPO,158461,Shiru Liu,914,84,63.5,0.0,0.0,0.0,0.0,0.0,0.0,63.5,90.8,,
2026-07-29,2026-07-29T19:18:42,17,FPO,160103,Jacquelyn DeLude,877,202,0.0,0.0,0.0,0.0,0.0,0.0,0.0,2.0,182.7,97344,
2026-07-29,2026-07-29T19:18:42,17,FPO,161231,Sarah May,856,166,2.0,0.0,0.0,0.0,0.0,0.0,0.0,2.0,174.0,,
2026-07-29,2026-07-29T19:18:42,17,FPO,161918,Addison Woodard,950,43,285.08,0.05598,0.0013,1.0,0.90734,0.04611,0.0,689.7,31.5,96414;96415;96416;97344;96417;96418,
2026-07-29,2026-07-29T19:18:42,17,FPO,162735,Eden Fornoff,922,189,0.0,1e-05,0.0,0.0,0.0,0.0,0.0,60.2,94.3,96414;96415;96416,
2026-07-29,2026-07-29T19:18:42,17,FPO,162896,Therese Cuevas,937,48,231.5,0.00121,0.0,0.23892,0.0002,0.00113,0.0,291.0,52.8,97344;96418,
2026-07-29,2026-07-29T19:18:42,17,FPO,164788,Alecia Hinkson,930,61,112.5,0.00038,0.0,0.06949,1e-05,0.00011,0.0,230.4,57.6,96414;96415;97344;96417,
2026-07-29,2026-07-29T19:18:42,17,FPO,165652,Ceci Vollbrecht,899,195,0.0,0.0,0.0,0.0,0.0,0.0,0.0,2.3,188.4,97344,
2026-07-29,2026-07-29T19:18:42,17,FPO,166082,Ashton Webberley,904,157,2.0,0.0,0.0,0.0,0.0,0.0,0.0,2.0,164.1,,
2026-07-29,2026-07-29T19:18:42,17,FPO,166749,Mackenzie Morris,884,145,9.0,0.0,0.0,0.0,0.0,0.0,0.0,9.0,151.3,,
2026-07-29,2026-07-29T19:18:42,17,FPO,167255,AK Kaestner,820,173,2.0,0.0,0.0,0.0,0.0,0.0,0.0,2.0,178.0,,
2026-07-29,2026-07-29T19:18:42,17,FPO,168863,Trinity Bryant,921,47,235.0,0.0,0.0,0.47528,1e-05,0.0,0.0,291.9,52.6,96416;97344;96418,
2026-07-29,2026-07-29T19:18:42,17,FPO,170182,Rebecca Minnick,865,109,29.0,0.0,0.0,0.0,0.0,0.0,0.0,29.0,114.3,,
2026-07-29,2026-07-29T19:18:42,17,FPO,173601,Marie Kielas,914,89,51.0,0.0,0.0,0.0,0.0,0.0,0.0,51.0,94.7,,
2026-07-29,2026-07-29T19:18:42,17,FPO,176242,Morgan Lynds,931,73,87.75,8e-05,0.0,0.00196,0.0,3e-05,0.0,133.9,69.5,96414;97344,
2026-07-29,2026-07-29T19:18:42,17,FPO,176243,Jordan Lynds,945,60,113.25,0.00474,0.0,0.08383,0.00029,0.00378,0.0,236.7,57.5,96414;97344,
2026-07-29,2026-07-29T19:18:42,17,FPO,176481,Karissa Dedmon,917,86,59.0,0.0,0.0,0.0,0.0,0.0,0.0,64.9,90.5,97344,
2026-07-29,2026-07-29T19:18:42,17,FPO,178707,Joleigh Miller,929,65,102.0,0.0,0.0,0.0,0.0,0.0,0.0,102.0,76.5,,
2026-07-29,2026-07-29T19:18:42,17,FPO,178748,Kendyl Sullivan,887,163,2.0,0.0,0.0,0.0,0.0,0.0,0.0,2.0,167.0,,
2026-07-29,2026-07-29T19:18:42,17,FPO,179200,Jamie Williams,863,181,0.0,0.0,0.0,0.0,0.0,0.0,0.0,0.0,199.0,,
2026-07-29,2026-07-29T19:18:42,17,FPO,179873,Jenny Larsson,921,88,54.0,0.0,0.0,0.0,0.0,0.0,0.0,54.0,93.4,,
2026-07-29,2026-07-29T19:18:42,17,FPO,181772,Ida Emilie Nesse,948,37,334.0,0.04629,0.00166,1.0,0.95315,0.038,0.0,706.0,30.8,96414;96415;96416;97344;96417;96418,
2026-07-29,2026-07-29T19:18:42,17,FPO,182450,Kajsa Wahl,893,102,36.75,0.0,0.0,0.0,0.0,0.0,0.0,36.8,106.9,,
2026-07-29,2026-07-29T19:18:42,17,FPO,182582,Addison Clark,824,212,0.0,0.0,0.0,0.0,0.0,0.0,0.0,16.5,140.3,96417,
2026-07-29,2026-07-29T19:18:42,17,FPO,184609,Elva-Kate Preston,908,63,112.25,0.0,0.0,3e-05,0.0,0.0,0.0,134.9,67.4,96414;96415;97344,
2026-07-29,2026-07-29T19:18:42,17,FPO,184736,Jennifer Smiley,934,36,337.75,0.00185,0.0,1.0,0.13857,0.00128,0.0,484.5,40.3,96415;96416;97344;96417;96418,
2026-07-29,2026-07-29T19:18:42,17,FPO,185057,Josefine Johansson,934,76,81.0,4e-05,0.0,0.00031,0.0,1e-05,0.0,105.0,76.6,97344,
2026-07-29,2026-07-29T19:18:42,17,FPO,185534,Sofia Donnecke,961,24,547.5,0.15595,0.00018,1.0,0.9896,0.15075,0.0,710.0,30.6,96418,
2026-07-29,2026-07-29T19:18:42,17,FPO,185627,Athena Cuevas,866,137,14.0,0.0,0.0,0.0,0.0,0.0,0.0,14.0,142.9,,
2026-07-29,2026-07-29T19:18:42,17,FPO,186277,Kassandra Fog Wichmann,871,149,6.0,0.0,0.0,0.0,0.0,0.0,0.0,6.0,154.8,,
2026-07-29,2026-07-29T19:18:42,17,FPO,186629,Sanne Dalseth,880,139,13.5,0.0,0.0,0.0,0.0,0.0,0.0,13.5,144.3,,
2026-07-29,2026-07-29T19:18:42,17,FPO,188837,JJ Sun,883,184,0.0,0.0,0.0,0.0,0.0,0.0,0.0,0.0,208.0,,
2026-07-29,2026-07-29T19:18:42,17,FPO,189702,Taylor Chocek,947,15,749.95,0.2842,0.27506,1.0,1.0,0.00899,0.0,969.6,19.8,96414;96415;96416;96418;96419,
2026-07-29,2026-07-29T19:18:42,17,FPO,193215,Lexi Marx,929,113,25.5,5e-05,0.0,0.0003,0.0,1e-05,0.0,91.8,81.8,96414;96415;97344,
2026-07-29,2026-07-29T19:18:42,17,FPO,195549,Kylie Kohut,933,42,290.0,0.00061,0.0,0.99995,0.00714,0.00042,0.0,398.5,45.1,96414;96415;96416;96418,
2026-07-29,2026-07-29T19:18:42,17,FPO,195550,Peyton Kohut,913,85,62.5,1e-05,0.0,0.0,0.0,0.0,0.0,114.6,72.9,96414;96415;96416,
2026-07-29,2026-07-29T19:18:42,17,FPO,196237,Kaire Tekku,923,79,78.75,0.0,0.0,0.0,0.0,0.0,0.0,78.8,85.6,,
2026-07-29,2026-07-29T19:18:42,17,FPO,197689,Isabella Parker,877,129,18.0,0.0,0.0,0.0,0.0,0.0,0.0,18.0,135.4,,
2026-07-29,2026-07-29T19:18:42,17,FPO,198446,Eliezra Midtlyng,948,12,833.58,0.68846,0.68714,1.0,1.0,0.00126,0.0,1040.5,17.2,96414;96415;96416;97344;96417;96418;96419,
2026-07-29,2026-07-29T19:18:42,17,FPO,198721,Hannah Kellar,898,100,38.0,0.0,0.0,0.0,0.0,0.0,0.0,38.0,105.6,,
2026-07-29,2026-07-29T19:18:42,17,FPO,202571,Elizabete Pēkšena,932,50,205.5,0.00041,0.0,0.05476,4e-05,0.00037,0.0,247.0,56.2,97344,
2026-07-29,2026-07-29T19:18:42,17,FPO,208576,Rebecca Don,961,9,926.99,0.99932,0.99932,1.0,1.0,0.0,0.0,1242.4,10.8,96414;96415;96416;97344;96418;96419,
2026-07-29,2026-07-29T19:18:42,17,FPO,209432,Eden Fletcher,905,101,38.0,0.0,0.0,0.0,0.0,0.0,0.0,38.0,104.9,,
2026-07-29,2026-07-29T19:18:42,17,FPO,209462,Erika Apple,854,172,2.0,0.0,0.0,0.0,0.0,0.0,0.0,2.0,176.4,,
2026-07-29,2026-07-29T19:18:42,17,FPO,210287,Mara Neal,864,165,2.0,0.0,0.0,0.0,0.0,0.0,0.0,2.0,174.3,,
2026-07-29,2026-07-29T19:18:42,17,FPO,210972,Kristýna Jurčíková,970,38,331.0,0.27136,0.00062,1.0,0.66184,0.24602,0.0,653.1,33.1,97344;96418,
2026-07-29,2026-07-29T19:18:42,17,FPO,214417,Fleur Verberk,899,199,0.0,0.0,0.0,0.0,0.0,0.0,0.0,2.3,186.8,97344,
2026-07-29,2026-07-29T19:18:42,17,FPO,215439,Sheliemae Lai,946,71,92.0,0.0,0.0,0.0,0.0,0.0,0.0,92.0,79.1,,
2026-07-29,2026-07-29T19:18:42,17,FPO,215495,Kelsey Martin,877,206,0.0,0.0,0.0,0.0,0.0,0.0,0.0,2.0,180.1,97344,
2026-07-29,2026-07-29T19:18:42,17,FPO,216558,Iida Lehtomäki,963,29,430.25,0.12087,0.0,1.0,0.40532,0.10964,0.0,576.0,36.5,97344;96418,
2026-07-29,2026-07-29T19:18:42,17,FPO,217892,Katie Tews,892,114,25.5,0.0,0.0,0.0,0.0,0.0,0.0,25.5,119.6,,
2026-07-29,2026-07-29T19:18:42,17,FPO,218760,Sarah Duran,865,142,11.0,0.0,0.0,0.0,0.0,0.0,0.0,11.0,148.1,,
2026-07-29,2026-07-29T19:18:42,17,FPO,218779,Amanda Brightwell,831,168,2.0,0.0,0.0,0.0,0.0,0.0,0.0,2.0,176.0,,
2026-07-29,2026-07-29T19:18:42,17,FPO,219693,Anna Damberga,864,125,21.0,0.0,0.0,0.0,0.0,0.0,0.0,21.0,130.2,,
2026-07-29,2026-07-29T19:18:42,17,FPO,221583,Evie Lou Ramey,894,187,0.0,0.0,0.0,0.0,0.0,0.0,0.0,0.0,211.0,,
2026-07-29,2026-07-29T19:18:42,17,FPO,222693,Tanisha Platero,856,159,2.0,0.0,0.0,0.0,0.0,0.0,0.0,2.0,162.0,,
2026-07-29,2026-07-29T19:18:42,17,FPO,222973,Martje Sumowski,913,107,33.0,0.0,0.0,0.0,0.0,0.0,0.0,33.0,112.4,,
2026-07-29,2026-07-29T19:18:42,17,FPO,223975,Laura Tatiana Niño Carranza,875,154,2.0,0.0,0.0,0.0,0.0,0.0,0.0,4.0,158.9,97344,
2026-07-29,2026-07-29T19:18:42,17,FPO,224238,Julia Fors,962,30,428.5,0.15446,0.0012,1.0,0.86864,0.1435,0.0,687.0,31.6,97344;96418,
2026-07-29,2026-07-29T19:18:42,17,FPO,225016,Naomi Suyat,869,183,0.0,0.0,0.0,0.0,0.0,0.0,0.0,0.0,207.0,,
2026-07-29,2026-07-29T19:18:42,17,FPO,227315,Sarah Wadsworth,901,188,0.0,0.0,0.0,0.0,0.0,0.0,0.0,9.3,152.3,96415,
2026-07-29,2026-07-29T19:18:42,17,FPO,228486,Stefani Ewell,857,143,10.0,0.0,0.0,0.0,0.0,0.0,0.0,10.0,149.2,,
2026-07-29,2026-07-29T19:18:42,17,FPO,229526,Sintija Klezberga,955,16,737.5,0.73191,0.72827,1.0,1.0,0.00322,0.0,1053.1,16.7,96414;96415;97344;96417;96418;96419,
2026-07-29,2026-07-29T19:18:42,17,FPO,231650,Tailey Rowley,911,68,96.25,0.0,0.0,0.0,0.0,0.0,0.0,108.7,74.6,96414;97344,
2026-07-29,2026-07-29T19:18:42,17,FPO,232666,Rebecka Hoppe,850,150,6.0,0.0,0.0,0.0,0.0,0.0,0.0,6.0,155.7,,
2026-07-29,2026-07-29T19:18:42,17,FPO,232722,Julia Hauch,911,203,0.0,0.0,0.0,0.0,0.0,0.0,0.0,3.8,177.6,97344,
2026-07-29,2026-07-29T19:18:42,17,FPO,235368,Madalyn Payton,896,174,0.0,0.0,0.0,0.0,0.0,0.0,0.0,0.0,206.0,,
2026-07-29,2026-07-29T19:18:42,17,FPO,238187,Ann Deputy,918,78,80.25,1e-05,0.0,1e-05,0.0,0.0,0.0,86.7,81.9,97344,
2026-07-29,2026-07-29T19:18:42,17,FPO,240590,Amelia Saechao,873,117,24.0,0.0,0.0,0.0,0.0,0.0,0.0,24.0,121.2,,
2026-07-29,2026-07-29T19:18:42,17,FPO,242116,Eva Lutsenko,924,122,21.75,0.0,0.0,0.0,0.0,0.0,0.0,21.8,128.2,,
2026-07-29,2026-07-29T19:18:42,17,FPO,242331,Ida Kennmark,867,138,13.5,0.0,0.0,0.0,0.0,0.0,0.0,13.5,144.6,,
2026-07-29,2026-07-29T19:18:42,17,FPO,245180,Chelsea Sutton,859,169,2.0,0.0,0.0,0.0,0.0,0.0,0.0,2.0,169.0,,
2026-07-29,2026-07-29T19:18:42,17,FPO,245306,Netta Leppäaho,945,64,105.75,0.0,0.0,0.0,0.0,0.0,0.0,105.8,74.7,,
2026-07-29,2026-07-29T19:18:42,17,FPO,245317,Sophi Stephenson,859,140,12.0,0.0,0.0,0.0,0.0,0.0,0.0,12.0,146.1,,
2026-07-29,2026-07-29T19:18:42,17,FPO,254333,Jess Zilch,874,127,19.5,0.0,0.0,0.0,0.0,0.0,0.0,19.5,132.3,,
2026-07-29,2026-07-29T19:18:42,17,FPO,255962,Samantha Zaborowski,901,210,0.0,0.0,0.0,0.0,0.0,0.0,0.0,2.4,193.7,97344,
2026-07-29,2026-07-29T19:18:42,17,FPO,256846,Lea Tomas,888,207,0.0,0.0,0.0,0.0,0.0,0.0,0.0,2.0,196.1,97344,
2026-07-29,2026-07-29T19:18:42,17,FPO,259972,Marion Mattsson,858,141,11.25,0.0,0.0,0.0,0.0,0.0,0.0,11.2,147.1,,
2026-07-29,2026-07-29T19:18:42,17,FPO,261058,Jessica Erickson,891,91,49.0,0.0,0.0,0.0,0.0,0.0,0.0,49.0,97.6,,
2026-07-29,2026-07-29T19:18:42,17,FPO,261216,Victoria Christensen,863,132,17.25,0.0,0.0,0.0,0.0,0.0,0.0,17.2,137.8,,
2026-07-29,2026-07-29T19:18:42,17,FPO,268900,Natalie Berg,883,126,19.5,0.0,0.0,0.0,0.0,0.0,0.0,19.5,131.3,,
2026-07-29,2026-07-29T19:18:42,17,FPO,269838,Daisy Kelly,882,182,0.0,0.0,0.0,0.0,0.0,0.0,0.0,0.0,200.0,,
2026-07-29,2026-07-29T19:18:42,17,FPO,277832,Chandler Reigh,939,25,473.25,0.01458,0.00011,1.0,0.99208,0.01289,0.0,687.7,31.7,96414;96415;96416;97344;96417;96418,
2026-07-29,2026-07-29T19:18:42,17,FPO,278450,Brit Hamburg-Kiin,854,111,28.5,0.0,0.0,0.0,0.0,0.0,0.0,28.5,115.3,,
2026-07-29,2026-07-29T19:18:42,17,FPO,279466,Gry Nagel,820,131,18.0,0.0,0.0,0.0,0.0,0.0,0.0,18.0,135.2,,
2026-07-29,2026-07-29T19:18:42,17,FPO,281626,Una Lokmane,878,110,28.5,0.0,0.0,0.0,0.0,0.0,0.0,28.5,116.3,,
2026-07-29,2026-07-29T19:18:42,17,FPO,284553,Katherine Aydelott,861,148,6.0,0.0,0.0,0.0,0.0,0.0,0.0,6.0,156.2,,
2026-07-29,2026-07-29T19:18:42,17,FPO,286978,Michelle Southworth,800,167,2.0,0.0,0.0,0.0,0.0,0.0,0.0,2.0,175.0,,
2026-07-29,2026-07-29T19:18:42,17,FPO,288014,Jordan Coomes,840,128,18.0,0.0,0.0,0.0,0.0,0.0,0.0,18.0,133.6,,
2026-07-29,2026-07-29T19:18:42,17,FPO,297287,Marta Villa,856,164,2.0,0.0,0.0,0.0,0.0,0.0,0.0,2.0,171.7,,
2026-07-29,2026-07-29T19:18:42,17,FPO,302765,Grace Wilson,891,200,0.0,0.0,0.0,0.0,0.0,0.0,0.0,2.1,189.1,97344,
2026-07-29,2026-07-29T19:18:42,17,FPO,308525,Saga Dahlstedt,917,58,127.5,0.0,0.0,0.0,0.0,0.0,0.0,127.5,68.6,,
2026-07-29,2026-07-29T19:18:42,17,FPO,311218,Mina Alme,902,104,35.25,0.0,0.0,0.0,0.0,0.0,0.0,35.2,109.7,,
2026-07-30,2026-07-30T01:06:34,17,FPO,3024,Chris O'Cleary,914,196,0.0,0.0,0.0,0.0,0.0,0.0,0.0,4.7,184.8,97344,
2026-07-30,2026-07-30T01:06:34,17,FPO,3090,Elaine King,888,197,0.0,0.0,0.0,0.0,0.0,0.0,0.0,2.0,187.7,97344,
2026-07-30,2026-07-30T01:06:34,17,FPO,8803,Ruth Steele,872,162,2.0,0.0,0.0,0.0,0.0,0.0,0.0,2.0,167.8,,
2026-07-30,2026-07-30T01:06:34,17,FPO,15354,Jennifer Allen,967,39,313.0,0.19768,0.00015,0.99994,0.47774,0.17934,0.0,599.7,35.4,97344;96418,
2026-07-30,2026-07-30T01:06:34,17,FPO,27832,Kona Star Montgomery,949,23,553.0,0.10014,0.06326,1.0,1.0,0.03277,0.0,880.9,23.1,96414;96415;96416;97344;96417;96418;96419,
2026-07-30,2026-07-30T01:06:34,17,FPO,29190,Paige Pierce,968,19,693.17,0.91254,0.9094,1.0,1.0,0.00312,0.0,1122.3,14.4,96414;96416;97344;96418;96419,
2026-07-30,2026-07-30T01:06:34,17,FPO,29947,Stephanie Vincent,925,112,28.0,0.0,0.0,0.0,0.0,0.0,0.0,28.0,117.4,,
2026-07-30,2026-07-30T01:06:34,17,FPO,31041,Sheila Teves,883,180,0.0,0.0,0.0,0.0,0.0,0.0,0.0,0.0,212.0,,
2026-07-30,2026-07-30T01:06:34,17,FPO,32654,Lisa Fajkus,958,22,593.83,0.34812,0.30296,1.0,1.0,0.03859,0.0,969.1,19.8,96414;96415;96416;96417;96418;96419,
2026-07-30,2026-07-30T01:06:34,17,FPO,32917,Rebecca Cox,951,32,397.0,0.07173,0.00879,1.0,0.99696,0.05426,0.0,774.2,27.6,96414;96415;96416;97344;96417;96418,
2026-07-30,2026-07-30T01:06:34,17,FPO,32925,Lindsay Fish,882,155,2.0,0.0,0.0,0.0,0.0,0.0,0.0,2.0,184.5,,
2026-07-30,2026-07-30T01:06:34,17,FPO,34563,Sarah Hokom,949,67,101.0,0.02159,0.0,0.94033,0.08061,0.0145,0.0,434.7,43.3,96414;96415;96416;97344;96417;96418,
2026-07-30,2026-07-30T01:06:34,17,FPO,35321,Sofie Björlycke,936,75,83.25,0.0,0.0,0.0,0.0,0.0,0.0,83.2,81.8,,
2026-07-30,2026-07-30T01:06:34,17,FPO,35774,Camilla Jernberg,873,147,7.5,0.0,0.0,0.0,0.0,0.0,0.0,7.5,153.4,,
2026-07-30,2026-07-30T01:06:34,17,FPO,36307,Amanda Branch,887,193,0.0,0.0,0.0,0.0,0.0,0.0,0.0,2.0,188.7,97344,
2026-07-30,2026-07-30T01:06:34,17,FPO,39504,Zoe AnDyke,930,80,77.0,0.0,0.0,0.0,0.0,0.0,0.0,77.0,86.6,,
2026-07-30,2026-07-30T01:06:34,17,FPO,43995,Taylor Foth,902,178,0.0,0.0,0.0,0.0,0.0,0.0,0.0,0.0,201.0,,
2026-07-30,2026-07-30T01:06:34,17,FPO,44184,Catrina Allen,961,7,1024.58,1.0,1.0,1.0,1.0,0.0,0.0,1297.5,9.5,96414;96415;96416;97344;96417;96418;96419,
2026-07-30,2026-07-30T01:06:34,17,FPO,45407,Brittney Armentrout,851,158,2.0,0.0,0.0,0.0,0.0,0.0,0.0,2.0,163.0,,
2026-07-30,2026-07-30T01:06:34,17,FPO,48199,Alison Blakeman,870,185,0.0,0.0,0.0,0.0,0.0,0.0,0.0,0.0,210.0,,
2026-07-30,2026-07-30T01:06:34,17,FPO,48976,Ohn Scoggins,990,3,1489.0,1.0,1.0,1.0,1.0,0.0,0.35908,2246.5,1.8,96414;96415;96416;97344;96417;96418;96419,
2026-07-30,2026-07-30T01:06:34,17,FPO,50656,Jessica Gurthie,955,17,734.0,1.0,0.91589,1.0,1.0,0.00034,0.0,1113.7,14.6,96414;96415;96416;97344;96417;96418;96419,
2026-07-30,2026-07-30T01:06:34,17,FPO,51277,Holly Finley,929,49,214.0,0.00029,0.0,0.84444,0.00059,0.00017,0.0,324.7,50.0,96414;96415;97344;96417;96418,
2026-07-30,2026-07-30T01:06:34,17,FPO,58303,Sai Ananda,949,66,102.0,0.00413,0.0,0.01516,6e-05,0.00368,0.0,176.1,63.7,97344,
2026-07-30,2026-07-30T01:06:34,17,FPO,59227,Henna Blomroos,969,10,890.0,1.0,0.99805,1.0,1.0,0.0,0.0,1213.2,11.5,96414;97344;96418;96419,
2026-07-30,2026-07-30T01:06:34,17,FPO,59431,Madison Walker,951,20,652.83,0.11739,0.07268,1.0,1.0,0.03933,0.0,893.8,22.6,96414;96415;96416;97344;96417;96418;96419,
2026-07-30,2026-07-30T01:06:34,17,FPO,60798,Madison Tomaino,921,74,83.5,0.0,0.0,0.0,0.0,0.0,0.0,120.1,70.6,96416,
2026-07-30,2026-07-30T01:06:34,17,FPO,61144,Emily Beach,901,175,0.0,0.0,0.0,0.0,0.0,0.0,0.0,0.0,205.0,,
2026-07-30,2026-07-30T01:06:34,17,FPO,61990,Katka Boďová,916,93,48.0,0.0,0.0,0.0,0.0,0.0,0.0,48.0,98.5,,
2026-07-30,2026-07-30T01:06:34,17,FPO,62879,Valerie Mandujano,975,13,799.16,1.0,1.0,1.0,1.0,0.0,0.0,1448.5,7.4,96414;96415;96416;97344;96417;96418;96419,
2026-07-30,2026-07-30T01:06:34,17,FPO,62880,Alexis Mandujano,960,35,352.5,0.23394,0.11937,1.0,0.99981,0.09576,0.0,888.0,22.9,96414;96415;96416;97344;96417;96418;96419,
2026-07-30,2026-07-30T01:06:34,17,FPO,63257,Maria Oliva,920,46,237.0,2e-05,0.0,0.989,0.00018,0.0,0.0,334.5,49.2,96414;96415;96416;97344;96417;96418,
2026-07-30,2026-07-30T01:06:34,17,FPO,64927,Eveliina Salonen,988,6,1164.67,1.0,1.0,1.0,1.0,0.0,0.0,1678.6,5.5,96414;97344;96418;96419,
2026-07-30,2026-07-30T01:06:34,17,FPO,65489,Lauren Butler,916,55,157.75,2e-05,0.0,0.00981,0.0,0.0,0.0,217.8,58.3,96414;96415;97344;96417,
2026-07-30,2026-07-30T01:06:34,17,FPO,66063,Ashlee Johnson,859,179,0.0,0.0,0.0,0.0,0.0,0.0,0.0,0.0,202.0,,
2026-07-30,2026-07-30T01:06:34,17,FPO,66599,Heidi Laine,959,11,834.75,0.9722,0.97209,1.0,1.0,0.00011,0.0,1141.9,13.7,96414;96415;96416;97344;96418;96419,
2026-07-30,2026-07-30T01:06:34,17,FPO,69584,Danielle Weigandt,853,161,2.0,0.0,0.0,0.0,0.0,0.0,0.0,2.0,165.9,,
2026-07-30,2026-07-30T01:06:34,17,FPO,71262,Erika Stinchcomb,920,45,261.25,3e-05,0.0,0.99911,0.00041,3e-05,0.0,351.2,48.0,96414;96415;96416;97344;96417;96418,
2026-07-30,2026-07-30T01:06:34,17,FPO,72635,Kersti Miller,890,105,34.5,0.0,0.0,0.0,0.0,0.0,0.0,34.5,110.8,,
2026-07-30,2026-07-30T01:06:34,17,FPO,74708,Casey Pennington,916,99,39.5,0.0,0.0,0.0,0.0,0.0,0.0,39.5,103.4,,
2026-07-30,2026-07-30T01:06:34,17,FPO,75029,Cynthia Ricciotti,917,59,117.25,0.0,0.0,0.00144,0.0,0.0,0.0,175.0,62.0,96414;96415;97344;96417,
2026-07-30,2026-07-30T01:06:34,17,FPO,76009,Virginia Polkinghorne,884,186,0.0,0.0,0.0,0.0,0.0,0.0,0.0,0.0,209.0,,
2026-07-30,2026-07-30T01:06:34,17,FPO,77385,Matilda Ringbom,947,44,274.0,0.00968,0.0,0.39711,0.00026,0.00916,0.0,331.4,49.6,96418,
2026-07-30,2026-07-30T01:06:34,17,FPO,78232,Tiger Borth,899,124,21.0,0.0,0.0,0.0,0.0,0.0,0.0,23.3,125.1,97344,
2026-07-30,2026-07-30T01:06:34,17,FPO,79233,Cadence Burge,971,69,95.25,0.36805,0.00191,0.99516,0.65199,0.27074,0.0,658.2,32.8,96415;96416;97344;96417;96418,
2026-07-30,2026-07-30T01:06:34,17,FPO,80935,Lindsey Maas,902,108,32.25,0.0,0.0,0.0,0.0,0.0,0.0,36.3,108.2,96414;97344,
2026-07-30,2026-07-30T01:06:34,17,FPO,82809,Alex von Stade,893,121,22.0,0.0,0.0,0.0,0.0,0.0,0.0,22.0,127.0,,
2026-07-30,2026-07-30T01:06:34,17,FPO,83376,Cassandra Lioi,890,146,8.0,0.0,0.0,0.0,0.0,0.0,0.0,8.0,152.4,,
2026-07-30,2026-07-30T01:06:34,17,FPO,84279,Kaidi Allsalu,956,51,203.62,0.04298,0.0,0.0,0.0,0.04036,0.0,298.8,52.2,,
2026-07-30,2026-07-30T01:06:34,17,FPO,85189,Samantha Bonacci,870,133,16.5,0.0,0.0,0.0,0.0,0.0,0.0,16.5,139.6,,
2026-07-30,2026-07-30T01:06:34,17,FPO,85484,Anneli Tõugjas-Männiste,957,26,457.5,0.13545,0.02285,1.0,0.99989,0.09436,0.0,818.3,25.6,96414;96415;97344;96417;96418;96419,
2026-07-30,2026-07-30T01:06:34,17,FPO,85942,Missy Gannon,985,4,1384.83,1.0,1.0,1.0,1.0,0.0,0.00083,1911.9,4.0,96414;96415;96416;97344;96417;96418;96419,
2026-07-30,2026-07-30T01:06:34,17,FPO,87094,Rose Shertick,918,209,0.0,0.0,0.0,0.0,0.0,0.0,0.0,6.5,181.9,97344,
2026-07-30,2026-07-30T01:06:34,17,FPO,87443,Andrea Cammack,874,160,2.0,0.0,0.0,0.0,0.0,0.0,0.0,2.0,161.3,,
2026-07-30,2026-07-30T01:06:34,17,FPO,94085,Keiti Tätte,957,53,184.12,0.02211,0.0,0.0,0.0,0.02068,0.0,230.2,57.7,,
2026-07-30,2026-07-30T01:06:34,17,FPO,96090,Sonja Laine,899,103,36.0,0.0,0.0,0.0,0.0,0.0,0.0,36.0,107.8,,
2026-07-30,2026-07-30T01:06:34,17,FPO,96480,Tori Pasquin,833,171,2.0,0.0,0.0,0.0,0.0,0.0,0.0,2.0,171.0,,
2026-07-30,2026-07-30T01:06:34,17,FPO,97238,Jannicke Hjemli,862,144,9.75,0.0,0.0,0.0,0.0,0.0,0.0,9.8,150.2,,
2026-07-30,2026-07-30T01:06:34,17,FPO,99441,Lykke Lorentzen,923,92,48.0,0.0,0.0,0.0,0.0,0.0,0.0,57.9,93.3,97344,
2026-07-30,2026-07-30T01:06:34,17,FPO,99455,Kat Mertsch,964,8,1004.67,1.0,1.0,1.0,1.0,0.0,0.0,1341.9,8.7,96414;96415;96416;97344;96417;96418;96419,
2026-07-30,2026-07-30T01:06:34,17,FPO,101949,Ratana McMahon,885,56,129.75,0.0,0.0,0.0,0.0,0.0,0.0,134.4,66.2,96415,
2026-07-30,2026-07-30T01:06:34,17,FPO,102024,Danielle Keen,896,177,0.0,0.0,0.0,0.0,0.0,0.0,0.0,0.0,203.0,,
2026-07-30,2026-07-30T01:06:34,17,FPO,103743,Karen Martel,926,136,15.0,0.0,0.0,0.0,0.0,0.0,0.0,27.7,126.5,97344,
2026-07-30,2026-07-30T01:06:34,17,FPO,104187,Macie Velediaz,957,41,294.67,0.07666,1e-05,1.0,0.38659,0.05944,0.0,553.5,37.4,97344;96417;96418,
2026-07-30,2026-07-30T01:06:34,17,FPO,104314,Violet Main,945,40,301.0,0.01001,0.0,1.0,0.0828,0.00721,0.0,458.9,41.7,96414;97344;96417;96418,
2026-07-30,2026-07-30T01:06:34,17,FPO,104814,Ellie Bryant,904,118,23.75,0.0,0.0,0.0,0.0,0.0,0.0,23.8,122.9,,
2026-07-30,2026-07-30T01:06:34,17,FPO,105126,Aria Castruita,949,94,46.5,0.0,0.0,0.0,0.0,0.0,0.0,46.5,99.6,,
2026-07-30,2026-07-30T01:06:34,17,FPO,106489,Anna Pinter,875,123,21.75,0.0,0.0,0.0,0.0,0.0,0.0,21.8,128.8,,
2026-07-30,2026-07-30T01:06:34,17,FPO,107297,Maria Liivamägi,857,116,24.0,0.0,0.0,0.0,0.0,0.0,0.0,24.0,121.3,,
2026-07-30,2026-07-30T01:06:34,17,FPO,107335,Silva Saarinen,991,2,1585.84,1.0,1.0,1.0,1.0,0.0,0.59588,2291.6,1.5,96414;96415;96416;97344;96418;96419,
2026-07-30,2026-07-30T01:06:34,17,FPO,107780,Shelbi Dutton,932,191,0.0,6e-05,0.0,0.0,0.0,0.0,0.0,28.9,121.5,96415,
2026-07-30,2026-07-30T01:06:34,17,FPO,108871,Brook Johnson,905,115,24.0,0.0,0.0,0.0,0.0,0.0,0.0,26.7,118.0,97344,
2026-07-30,2026-07-30T01:06:34,17,FPO,109337,Cathy Kuhn,860,176,0.0,0.0,0.0,0.0,0.0,0.0,0.0,0.0,204.0,,
2026-07-30,2026-07-30T01:06:34,17,FPO,109996,Anniken Kristiansen Steen,964,18,700.29,0.26105,0.13117,1.0,1.0,0.12746,0.0,914.2,21.8,97344;96418;96419,
2026-07-30,2026-07-30T01:06:34,17,FPO,111487,Emily Weatherman,958,14,777.83,0.96008,0.95995,1.0,1.0,0.00012,0.0,1144.0,13.6,96414;96415;96416;97344;96417;96418;96419,
2026-07-30,2026-07-30T01:06:34,17,FPO,112647,Hanna Huynh,962,21,600.0,0.86828,0.86388,1.0,1.0,0.00382,0.0,1109.0,14.8,96414;96415;96416;97344;96417;96418;96419,
2026-07-30,2026-07-30T01:06:34,17,FPO,115503,Olivia Kindstedt,946,52,189.0,0.00767,0.0,0.15773,0.00075,0.00689,0.0,291.7,52.7,97344,
2026-07-30,2026-07-30T01:06:34,17,FPO,116694,Kristi Unt,925,95,45.0,0.0,0.0,0.0,0.0,0.0,0.0,45.0,100.7,,
2026-07-30,2026-07-30T01:06:34,17,FPO,121554,Elina Rydberg,898,119,23.25,0.0,0.0,0.0,0.0,0.0,0.0,23.2,123.9,,
2026-07-30,2026-07-30T01:06:34,17,FPO,124064,Shelby Cowen,914,57,129.0,3e-05,0.0,6e-05,0.0,1e-05,0.0,175.5,61.9,96414;96415;96417,
2026-07-30,2026-07-30T01:06:34,17,FPO,126226,Kati Chachere,843,170,2.0,0.0,0.0,0.0,0.0,0.0,0.0,2.0,170.0,,
2026-07-30,2026-07-30T01:06:34,17,FPO,128395,Michelle Saggboy,894,156,2.0,0.0,0.0,0.0,0.0,0.0,0.0,2.0,168.8,,
2026-07-30,2026-07-30T01:06:34,17,FPO,128532,Maarja Soasepp,905,96,42.0,0.0,0.0,0.0,0.0,0.0,0.0,42.0,102.2,,
2026-07-30,2026-07-30T01:06:34,17,FPO,130187,Kat Johnson,910,204,0.0,0.0,0.0,0.0,0.0,0.0,0.0,3.5,177.2,97344,
2026-07-30,2026-07-30T01:06:34,17,FPO,130342,Chantel Budinsky,957,87,58.5,0.06224,0.0,0.44901,0.01636,0.0456,0.0,370.2,47.5,96414;97344;96417,
2026-07-30,2026-07-30T01:06:34,17,FPO,130822,Hannah Manis,932,201,0.0,2e-05,0.0,2e-05,0.0,0.0,0.0,20.2,150.0,97344,
2026-07-30,2026-07-30T01:06:34,17,FPO,131583,Hannah Lengel,954,190,0.0,0.01004,0.0,3e-05,0.0,0.00126,0.0,124.3,71.8,96414;96417,
2026-07-30,2026-07-30T01:06:34,17,FPO,132291,Ashley Phelps,904,120,23.0,0.0,0.0,0.0,0.0,0.0,0.0,23.0,125.4,,
2026-07-30,2026-07-30T01:06:34,17,FPO,132627,Jenn Cazanov-Diggs,905,153,2.0,0.0,0.0,0.0,0.0,0.0,0.0,2.0,189.5,,
2026-07-30,2026-07-30T01:06:34,17,FPO,133547,Holyn Handley,986,1,1668.34,1.0,1.0,1.0,1.0,0.0,0.04421,2099.0,2.8,96414;96415;96416;97344;96418;96419,
2026-07-30,2026-07-30T01:06:34,17,FPO,133701,Nathalie Ortiz,907,83,64.25,0.0,0.0,0.0,0.0,0.0,0.0,64.2,89.6,,
2026-07-30,2026-07-30T01:06:34,17,FPO,135383,Emma Arp,912,151,5.0,0.0,0.0,0.0,0.0,0.0,0.0,5.0,157.8,,
2026-07-30,2026-07-30T01:06:34,17,FPO,138272,Raven Klein,941,27,452.5,0.01865,0.00018,1.0,0.98469,0.0168,0.0,685.4,31.7,96414;96415;96416;97344;96417;96418,
2026-07-30,2026-07-30T01:06:34,17,FPO,139109,Leah Tsinajinnie,927,82,71.0,0.0,0.0,9e-05,0.0,0.0,0.0,100.2,77.6,96414;97344,
2026-07-30,2026-07-30T01:06:34,17,FPO,139387,Hanna Jansson,903,90,50.25,0.0,0.0,0.0,0.0,0.0,0.0,50.2,95.6,,
2026-07-30,2026-07-30T01:06:34,17,FPO,139738,Megan Dophal,908,208,0.0,0.0,0.0,0.0,0.0,0.0,0.0,3.2,189.4,97344,
2026-07-30,2026-07-30T01:06:34,17,FPO,140660,María Eldey Kristínardóttir,916,72,91.5,0.0,0.0,0.0,0.0,0.0,0.0,91.5,79.9,,
2026-07-30,2026-07-30T01:06:34,17,FPO,140947,Nina Bennett,946,97,40.5,0.0067,0.0,0.04768,0.00024,0.00354,0.0,207.9,60.1,96414;97344;96417,
2026-07-30,2026-07-30T01:06:34,17,FPO,142259,Katheryn Maloney,901,205,0.0,0.0,0.0,0.0,0.0,0.0,0.0,2.4,179.0,97344,
2026-07-30,2026-07-30T01:06:34,17,FPO,142354,Alexis Kerman,921,54,176.0,5e-05,0.0,0.2229,0.0,2e-05,0.0,271.5,54.1,96414;96415;96416;97344;96417;96418,
2026-07-30,2026-07-30T01:06:34,17,FPO,143423,Ember Simonis,916,198,0.0,0.0,0.0,0.0,0.0,0.0,0.0,5.5,178.3,97344,
2026-07-30,2026-07-30T01:06:34,17,FPO,143720,Jessica Kinard,906,192,0.0,0.0,0.0,0.0,0.0,0.0,0.0,22.8,128.2,96416,
2026-07-30,2026-07-30T01:06:34,17,FPO,144112,Ella Hansen,976,5,1310.41,1.0,1.0,1.0,1.0,0.0,0.0,1664.5,5.6,96414;96415;96416;97344;96418;96419,
2026-07-30,2026-07-30T01:06:34,17,FPO,144791,Emily Yale,893,70,92.0,0.0,0.0,0.0,0.0,0.0,0.0,120.9,69.7,96415;96416;97344,
2026-07-30,2026-07-30T01:06:34,17,FPO,146137,Dani K. Hart,951,28,451.5,0.06863,0.00707,1.0,0.99991,0.05351,0.0,783.1,27.1,96414;96415;96416;97344;96417;96418;96419,
2026-07-30,2026-07-30T01:06:34,17,FPO,146304,MJ Gager,933,34,355.83,0.00061,0.0,1.0,0.00623,0.00044,0.0,409.7,44.2,96415;97344;96418,
2026-07-30,2026-07-30T01:06:34,17,FPO,147050,Ali Smith,946,62,112.5,0.0,0.0,0.0,0.0,0.0,0.0,112.5,72.0,,
2026-07-30,2026-07-30T01:06:34,17,FPO,147393,Sadie Shattuck,866,134,16.0,0.0,0.0,0.0,0.0,0.0,0.0,16.0,141.5,,
2026-07-30,2026-07-30T01:06:34,17,FPO,149548,VicToria Scott,887,211,0.0,0.0,0.0,0.0,0.0,0.0,0.0,2.0,195.9,97344,
2026-07-30,2026-07-30T01:06:34,17,FPO,149803,Candyce Boyce,895,106,33.0,0.0,0.0,0.0,0.0,0.0,0.0,33.0,112.4,,
2026-07-30,2026-07-30T01:06:34,17,FPO,150057,Hailey Huber,932,77,81.0,0.0,0.0,0.0,0.0,0.0,0.0,81.0,84.3,,
2026-07-30,2026-07-30T01:06:34,17,FPO,151072,Jennifer Rice,894,130,18.0,0.0,0.0,0.0,0.0,0.0,0.0,18.0,136.4,,
2026-07-30,2026-07-30T01:06:34,17,FPO,152191,Kelley Foster,933,33,361.5,0.00226,0.0,1.0,0.28142,0.00181,0.0,517.2,38.6,96414;96415;96416;96417;96418,
2026-07-30,2026-07-30T01:06:34,17,FPO,154098,Ariel Walker,943,98,40.25,0.00018,0.0,0.00032,0.0,0.0001,0.0,83.3,85.4,97344,
2026-07-30,2026-07-30T01:06:34,17,FPO,155026,Amanda Lennartsson,947,31,409.0,0.01012,0.0,1.0,0.05725,0.0095,0.0,466.6,41.2,96418,
2026-07-30,2026-07-30T01:06:34,17,FPO,156259,Ella Tejler,898,81,73.5,0.0,0.0,0.0,0.0,0.0,0.0,73.5,87.9,,
2026-07-30,2026-07-30T01:06:34,17,FPO,156781,Audrey Wicklander,891,194,0.0,0.0,0.0,0.0,0.0,0.0,0.0,2.1,187.5,97344,
2026-07-30,2026-07-30T01:06:34,17,FPO,157471,Nid Ovathanasin,936,135,15.0,2e-05,0.0,0.00011,0.0,0.0,0.0,69.0,91.4,96414;97344,
2026-07-30,2026-07-30T01:06:34,17,FPO,158385,Destyne Martinez,865,152,2.0,0.0,0.0,0.0,0.0,0.0,0.0,2.0,170.0,,
2026-07-30,2026-07-30T01:06:34,17,FPO,158461,Shiru Liu,914,84,63.5,0.0,0.0,0.0,0.0,0.0,0.0,63.5,90.6,,
2026-07-30,2026-07-30T01:06:34,17,FPO,160103,Jacquelyn DeLude,877,202,0.0,0.0,0.0,0.0,0.0,0.0,0.0,2.0,182.7,97344,
2026-07-30,2026-07-30T01:06:34,17,FPO,161231,Sarah May,856,166,2.0,0.0,0.0,0.0,0.0,0.0,0.0,2.0,174.0,,
2026-07-30,2026-07-30T01:06:34,17,FPO,161918,Addison Woodard,950,43,285.08,0.05458,0.00109,1.0,0.91854,0.04572,0.0,687.5,31.5,96414;96415;96416;97344;96417;96418,
2026-07-30,2026-07-30T01:06:34,17,FPO,162735,Eden Fornoff,922,189,0.0,1e-05,0.0,0.0,0.0,0.0,0.0,53.7,96.9,96414;96415;96416,
2026-07-30,2026-07-30T01:06:34,17,FPO,162896,Therese Cuevas,937,48,231.5,0.00111,0.0,0.24979,0.00028,0.00098,0.0,290.4,52.7,97344;96418,
2026-07-30,2026-07-30T01:06:34,17,FPO,164788,Alecia Hinkson,930,61,112.5,0.00035,0.0,0.04671,0.0,0.00012,0.0,224.7,57.8,96414;96415;97344;96417,
2026-07-30,2026-07-30T01:06:34,17,FPO,165652,Ceci Vollbrecht,899,195,0.0,0.0,0.0,0.0,0.0,0.0,0.0,2.3,188.4,97344,
2026-07-30,2026-07-30T01:06:34,17,FPO,166082,Ashton Webberley,904,157,2.0,0.0,0.0,0.0,0.0,0.0,0.0,2.0,164.1,,
2026-07-30,2026-07-30T01:06:34,17,FPO,166749,Mackenzie Morris,884,145,9.0,0.0,0.0,0.0,0.0,0.0,0.0,9.0,151.2,,
2026-07-30,2026-07-30T01:06:34,17,FPO,167255,AK Kaestner,820,173,2.0,0.0,0.0,0.0,0.0,0.0,0.0,2.0,178.0,,
2026-07-30,2026-07-30T01:06:34,17,FPO,168863,Trinity Bryant,921,47,235.0,6e-05,0.0,0.50987,2e-05,5e-05,0.0,291.7,52.5,96416;97344;96418,
2026-07-30,2026-07-30T01:06:34,17,FPO,170182,Rebecca Minnick,865,109,29.0,0.0,0.0,0.0,0.0,0.0,0.0,29.0,114.3,,
2026-07-30,2026-07-30T01:06:34,17,FPO,173601,Marie Kielas,914,89,51.0,0.0,0.0,0.0,0.0,0.0,0.0,51.0,94.5,,
2026-07-30,2026-07-30T01:06:34,17,FPO,176242,Morgan Lynds,931,73,87.75,1e-05,0.0,0.00074,0.0,0.0,0.0,127.3,69.9,96414;97344,
2026-07-30,2026-07-30T01:06:34,17,FPO,176243,Jordan Lynds,945,60,113.25,0.00378,0.0,0.06377,0.00023,0.00341,0.0,232.7,57.4,96414;97344,
2026-07-30,2026-07-30T01:06:34,17,FPO,176481,Karissa Dedmon,917,86,59.0,0.0,0.0,0.0,0.0,0.0,0.0,64.9,90.3,97344,
2026-07-30,2026-07-30T01:06:34,17,FPO,178707,Joleigh Miller,929,65,102.0,0.0,0.0,0.0,0.0,0.0,0.0,102.0,76.0,,
2026-07-30,2026-07-30T01:06:34,17,FPO,178748,Kendyl Sullivan,887,163,2.0,0.0,0.0,0.0,0.0,0.0,0.0,2.0,167.0,,
2026-07-30,2026-07-30T01:06:34,17,FPO,179200,Jamie Williams,863,181,0.0,0.0,0.0,0.0,0.0,0.0,0.0,0.0,199.0,,
2026-07-30,2026-07-30T01:06:34,17,FPO,179873,Jenny Larsson,921,88,54.0,0.0,0.0,0.0,0.0,0.0,0.0,54.0,93.2,,
2026-07-30,2026-07-30T01:06:34,17,FPO,181772,Ida Emilie Nesse,948,37,334.0,0.04507,0.00123,1.0,0.96134,0.03784,0.0,702.7,30.9,96414;96415;96416;97344;96417;96418,
2026-07-30,2026-07-30T01:06:34,17,FPO,182450,Kajsa Wahl,893,102,36.75,0.0,0.0,0.0,0.0,0.0,0.0,36.8,106.7,,
2026-07-30,2026-07-30T01:06:34,17,FPO,182582,Addison Clark,824,212,0.0,0.0,0.0,0.0,0.0,0.0,0.0,16.5,140.3,96417,
2026-07-30,2026-07-30T01:06:34,17,FPO,184609,Elva-Kate Preston,908,63,112.25,0.0,0.0,0.0,0.0,0.0,0.0,130.2,67.7,96414;96415;97344,
2026-07-30,2026-07-30T01:06:34,17,FPO,184736,Jennifer Smiley,934,36,337.75,0.00196,0.0,1.0,0.14552,0.00148,0.0,484.6,40.1,96415;96416;97344;96417;96418,
2026-07-30,2026-07-30T01:06:34,17,FPO,185057,Josefine Johansson,934,76,81.0,0.0,0.0,0.0004,0.0,0.0,0.0,105.1,76.3,97344,
2026-07-30,2026-07-30T01:06:34,17,FPO,185534,Sofia Donnecke,961,24,547.5,0.15444,0.00017,1.0,0.99083,0.14922,0.0,710.0,30.5,96418,
2026-07-30,2026-07-30T01:06:34,17,FPO,185627,Athena Cuevas,866,137,14.0,0.0,0.0,0.0,0.0,0.0,0.0,14.0,142.9,,
2026-07-30,2026-07-30T01:06:34,17,FPO,186277,Kassandra Fog Wichmann,871,149,6.0,0.0,0.0,0.0,0.0,0.0,0.0,6.0,154.8,,
2026-07-30,2026-07-30T01:06:34,17,FPO,186629,Sanne Dalseth,880,139,13.5,0.0,0.0,0.0,0.0,0.0,0.0,13.5,144.3,,
2026-07-30,2026-07-30T01:06:34,17,FPO,188837,JJ Sun,883,184,0.0,0.0,0.0,0.0,0.0,0.0,0.0,0.0,208.0,,
2026-07-30,2026-07-30T01:06:34,17,FPO,189702,Taylor Chocek,947,15,749.95,0.24641,0.23567,1.0,1.0,0.01047,0.0,962.8,20.0,96414;96415;96416;96418;96419,
2026-07-30,2026-07-30T01:06:34,17,FPO,193215,Lexi Marx,929,113,25.5,1e-05,0.0,7e-05,0.0,0.0,0.0,85.8,83.1,96414;96415;97344,
2026-07-30,2026-07-30T01:06:34,17,FPO,195549,Kylie Kohut,933,42,290.0,0.00051,0.0,0.99999,0.00395,0.00041,0.0,392.2,45.4,96414;96415;96416;96418,
2026-07-30,2026-07-30T01:06:34,17,FPO,195550,Peyton Kohut,913,85,62.5,0.0,0.0,0.0,0.0,0.0,0.0,108.9,73.9,96414;96415;96416,
2026-07-30,2026-07-30T01:06:34,17,FPO,196237,Kaire Tekku,923,79,78.75,0.0,0.0,0.0,0.0,0.0,0.0,78.8,85.5,,
2026-07-30,2026-07-30T01:06:34,17,FPO,197689,Isabella Parker,877,129,18.0,0.0,0.0,0.0,0.0,0.0,0.0,18.0,135.4,,
2026-07-30,2026-07-30T01:06:34,17,FPO,198446,Eliezra Midtlyng,948,12,833.58,0.66271,0.66143,1.0,1.0,0.00118,0.0,1034.3,17.4,96414;96415;96416;97344;96417;96418;96419,
2026-07-30,2026-07-30T01:06:34,17,FPO,198721,Hannah Kellar,898,100,38.0,0.0,0.0,0.0,0.0,0.0,0.0,38.0,105.5,,
2026-07-30,2026-07-30T01:06:34,17,FPO,202571,Elizabete Pēkšena,932,50,205.5,0.00027,0.0,0.05921,3e-05,0.00023,0.0,247.0,56.0,97344;96418,
2026-07-30,2026-07-30T01:06:34,17,FPO,208576,Rebecca Don,961,9,926.99,0.99969,0.99969,1.0,1.0,0.0,0.0,1243.7,10.7,96414;96415;96416;97344;96418;96419,
2026-07-30,2026-07-30T01:06:34,17,FPO,209432,Eden Fletcher,905,101,38.0,0.0,0.0,0.0,0.0,0.0,0.0,38.0,104.6,,
2026-07-30,2026-07-30T01:06:34,17,FPO,209462,Erika Apple,854,172,2.0,0.0,0.0,0.0,0.0,0.0,0.0,2.0,176.4,,
2026-07-30,2026-07-30T01:06:34,17,FPO,210287,Mara Neal,864,165,2.0,0.0,0.0,0.0,0.0,0.0,0.0,2.0,174.3,,
2026-07-30,2026-07-30T01:06:34,17,FPO,210972,Kristýna Jurčíková,970,38,331.0,0.27052,0.00061,1.0,0.67234,0.24497,0.0,653.2,33.0,97344;96418,
2026-07-30,2026-07-30T01:06:34,17,FPO,214417,Fleur Verberk,899,199,0.0,0.0,0.0,0.0,0.0,0.0,0.0,2.3,186.8,97344,
2026-07-30,2026-07-30T01:06:34,17,FPO,215439,Sheliemae Lai,946,71,92.0,0.0,0.0,0.0,0.0,0.0,0.0,92.0,78.9,,
2026-07-30,2026-07-30T01:06:34,17,FPO,215495,Kelsey Martin,877,206,0.0,0.0,0.0,0.0,0.0,0.0,0.0,2.0,180.1,97344,
2026-07-30,2026-07-30T01:06:34,17,FPO,216558,Iida Lehtomäki,963,29,430.25,0.12026,0.0,1.0,0.41447,0.10883,0.0,575.2,36.4,97344;96418,
2026-07-30,2026-07-30T01:06:34,17,FPO,217892,Katie Tews,892,114,25.5,0.0,0.0,0.0,0.0,0.0,0.0,25.5,119.6,,
2026-07-30,2026-07-30T01:06:34,17,FPO,218760,Sarah Duran,865,142,11.0,0.0,0.0,0.0,0.0,0.0,0.0,11.0,148.1,,
2026-07-30,2026-07-30T01:06:34,17,FPO,218779,Amanda Brightwell,831,168,2.0,0.0,0.0,0.0,0.0,0.0,0.0,2.0,176.0,,
2026-07-30,2026-07-30T01:06:34,17,FPO,219693,Anna Damberga,864,125,21.0,0.0,0.0,0.0,0.0,0.0,0.0,21.0,130.3,,
2026-07-30,2026-07-30T01:06:34,17,FPO,221583,Evie Lou Ramey,894,187,0.0,0.0,0.0,0.0,0.0,0.0,0.0,0.0,211.0,,
2026-07-30,2026-07-30T01:06:34,17,FPO,222693,Tanisha Platero,856,159,2.0,0.0,0.0,0.0,0.0,0.0,0.0,2.0,162.0,,
2026-07-30,2026-07-30T01:06:34,17,FPO,222973,Martje Sumowski,913,107,33.0,0.0,0.0,0.0,0.0,0.0,0.0,33.0,112.4,,
2026-07-30,2026-07-30T01:06:34,17,FPO,223975,Laura Tatiana Niño Carranza,875,154,2.0,0.0,0.0,0.0,0.0,0.0,0.0,4.0,158.9,97344,
2026-07-30,2026-07-30T01:06:34,17,FPO,224238,Julia Fors,962,30,428.5,0.15593,0.00098,1.0,0.87487,0.14515,0.0,687.3,31.5,97344;96418,
2026-07-30,2026-07-30T01:06:34,17,FPO,225016,Naomi Suyat,869,183,0.0,0.0,0.0,0.0,0.0,0.0,0.0,0.0,207.0,,
2026-07-30,2026-07-30T01:06:34,17,FPO,227315,Sarah Wadsworth,901,188,0.0,0.0,0.0,0.0,0.0,0.0,0.0,9.3,152.2,96415,
2026-07-30,2026-07-30T01:06:34,17,FPO,228486,Stefani Ewell,857,143,10.0,0.0,0.0,0.0,0.0,0.0,0.0,10.0,149.2,,
2026-07-30,2026-07-30T01:06:34,17,FPO,229526,Sintija Klezberga,955,16,737.5,0.75175,0.7494,1.0,1.0,0.00209,0.0,1053.1,16.7,96414;96415;97344;96417;96418;96419,
2026-07-30,2026-07-30T01:06:34,17,FPO,231650,Tailey Rowley,911,68,96.25,0.0,0.0,0.0,0.0,0.0,0.0,103.3,75.8,96414;97344,
2026-07-30,2026-07-30T01:06:34,17,FPO,232666,Rebecka Hoppe,850,150,6.0,0.0,0.0,0.0,0.0,0.0,0.0,6.0,155.7,,
2026-07-30,2026-07-30T01:06:34,17,FPO,232722,Julia Hauch,911,203,0.0,0.0,0.0,0.0,0.0,0.0,0.0,3.8,177.5,97344,
2026-07-30,2026-07-30T01:06:34,17,FPO,235368,Madalyn Payton,896,174,0.0,0.0,0.0,0.0,0.0,0.0,0.0,0.0,206.0,,
2026-07-30,2026-07-30T01:06:34,17,FPO,238187,Ann Deputy,918,78,80.25,0.0,0.0,0.0,0.0,0.0,0.0,86.8,81.7,97344,
2026-07-30,2026-07-30T01:06:34,17,FPO,240590,Amelia Saechao,873,117,24.0,0.0,0.0,0.0,0.0,0.0,0.0,24.0,121.3,,
2026-07-30,2026-07-30T01:06:34,17,FPO,242116,Eva Lutsenko,924,122,21.75,0.0,0.0,0.0,0.0,0.0,0.0,21.8,128.2,,
2026-07-30,2026-07-30T01:06:34,17,FPO,242331,Ida Kennmark,867,138,13.5,0.0,0.0,0.0,0.0,0.0,0.0,13.5,144.6,,
2026-07-30,2026-07-30T01:06:34,17,FPO,245180,Chelsea Sutton,859,169,2.0,0.0,0.0,0.0,0.0,0.0,0.0,2.0,169.0,,
2026-07-30,2026-07-30T01:06:34,17,FPO,245306,Netta Leppäaho,945,64,105.75,0.0,0.0,0.0,0.0,0.0,0.0,105.8,74.2,,
2026-07-30,2026-07-30T01:06:34,17,FPO,245317,Sophi Stephenson,859,140,12.0,0.0,0.0,0.0,0.0,0.0,0.0,12.0,146.1,,
2026-07-30,2026-07-30T01:06:34,17,FPO,254333,Jess Zilch,874,127,19.5,0.0,0.0,0.0,0.0,0.0,0.0,19.5,132.3,,
2026-07-30,2026-07-30T01:06:34,17,FPO,255962,Samantha Zaborowski,901,210,0.0,0.0,0.0,0.0,0.0,0.0,0.0,2.4,193.7,97344,
2026-07-30,2026-07-30T01:06:34,17,FPO,256846,Lea Tomas,888,207,0.0,0.0,0.0,0.0,0.0,0.0,0.0,2.0,196.1,97344,
2026-07-30,2026-07-30T01:06:34,17,FPO,259972,Marion Mattsson,858,141,11.25,0.0,0.0,0.0,0.0,0.0,0.0,11.2,147.1,,
2026-07-30,2026-07-30T01:06:34,17,FPO,261058,Jessica Erickson,891,91,49.0,0.0,0.0,0.0,0.0,0.0,0.0,49.0,97.4,,
2026-07-30,2026-07-30T01:06:34,17,FPO,261216,Victoria Christensen,863,132,17.25,0.0,0.0,0.0,0.0,0.0,0.0,17.2,137.8,,
2026-07-30,2026-07-30T01:06:34,17,FPO,268900,Natalie Berg,883,126,19.5,0.0,0.0,0.0,0.0,0.0,0.0,19.5,131.3,,
2026-07-30,2026-07-30T01:06:34,17,FPO,269838,Daisy Kelly,882,182,0.0,0.0,0.0,0.0,0.0,0.0,0.0,0.0,200.0,,
2026-07-30,2026-07-30T01:06:34,17,FPO,277832,Chandler Reigh,939,25,473.25,0.01448,7e-05,1.0,0.99284,0.01302,0.0,680.2,32.0,96414;96415;96416;97344;96417;96418,
2026-07-30,2026-07-30T01:06:34,17,FPO,278450,Brit Hamburg-Kiin,854,111,28.5,0.0,0.0,0.0,0.0,0.0,0.0,28.5,115.4,,
2026-07-30,2026-07-30T01:06:34,17,FPO,279466,Gry Nagel,820,131,18.0,0.0,0.0,0.0,0.0,0.0,0.0,18.0,135.2,,
2026-07-30,2026-07-30T01:06:34,17,FPO,281626,Una Lokmane,878,110,28.5,0.0,0.0,0.0,0.0,0.0,0.0,28.5,116.4,,
2026-07-30,2026-07-30T01:06:34,17,FPO,284553,Katherine Aydelott,861,148,6.0,0.0,0.0,0.0,0.0,0.0,0.0,6.0,156.2,,
2026-07-30,2026-07-30T01:06:34,17,FPO,286978,Michelle Southworth,800,167,2.0,0.0,0.0,0.0,0.0,0.0,0.0,2.0,175.0,,
2026-07-30,2026-07-30T01:06:34,17,FPO,288014,Jordan Coomes,840,128,18.0,0.0,0.0,0.0,0.0,0.0,0.0,18.0,133.6,,
2026-07-30,2026-07-30T01:06:34,17,FPO,297287,Marta Villa,856,164,2.0,0.0,0.0,0.0,0.0,0.0,0.0,2.0,171.7,,
2026-07-30,2026-07-30T01:06:34,17,FPO,302765,Grace Wilson,891,200,0.0,0.0,0.0,0.0,0.0,0.0,0.0,2.1,189.1,97344,
2026-07-30,2026-07-30T01:06:34,17,FPO,308525,Saga Dahlstedt,917,58,127.5,0.0,0.0,0.0,0.0,0.0,0.0,127.5,68.1,,
2026-07-30,2026-07-30T01:06:34,17,FPO,311218,Mina Alme,902,104,35.25,0.0,0.0,0.0,0.0,0.0,0.0,35.2,109.8,,
2026-07-31,2026-07-31T02:42:26,17,FPO,3024,Chris O'Cleary,914,196,0.0,0.0,0.0,0.0,0.0,0.0,0.0,4.7,184.8,97344,
2026-07-31,2026-07-31T02:42:26,17,FPO,3090,Elaine King,888,197,0.0,0.0,0.0,0.0,0.0,0.0,0.0,2.0,187.7,97344,
2026-07-31,2026-07-31T02:42:26,17,FPO,8803,Ruth Steele,872,162,2.0,0.0,0.0,0.0,0.0,0.0,0.0,2.0,167.8,,
2026-07-31,2026-07-31T02:42:26,17,FPO,15354,Jennifer Allen,967,39,313.0,0.19914,0.0002,0.99992,0.47721,0.18081,0.0,600.2,35.6,97344;96418,
2026-07-31,2026-07-31T02:42:26,17,FPO,27832,Kona Star Montgomery,949,23,553.0,0.11831,0.08423,1.0,1.0,0.03018,0.0,887.2,22.8,96414;96415;96416;97344;96417;96418;96419,
2026-07-31,2026-07-31T02:42:26,17,FPO,29190,Paige Pierce,968,19,693.17,0.83923,0.82988,1.0,1.0,0.00931,0.0,1086.6,15.5,96414;96416;97344;96418;96419,
2026-07-31,2026-07-31T02:42:26,17,FPO,29947,Stephanie Vincent,925,112,28.0,0.0,0.0,0.0,0.0,0.0,0.0,28.0,117.3,,
2026-07-31,2026-07-31T02:42:26,17,FPO,31041,Sheila Teves,883,180,0.0,0.0,0.0,0.0,0.0,0.0,0.0,0.0,212.0,,
2026-07-31,2026-07-31T02:42:26,17,FPO,32654,Lisa Fajkus,958,22,593.83,0.38085,0.33934,1.0,1.0,0.03524,0.0,971.0,19.6,96414;96415;96416;96417;96418;96419,
2026-07-31,2026-07-31T02:42:26,17,FPO,32917,Rebecca Cox,951,32,397.0,0.0787,0.01576,1.0,0.99761,0.05317,0.0,788.3,27.1,96414;96415;96416;97344;96417;96418,
2026-07-31,2026-07-31T02:42:26,17,FPO,32925,Lindsay Fish,882,155,2.0,0.0,0.0,0.0,0.0,0.0,0.0,2.0,184.5,,
2026-07-31,2026-07-31T02:42:26,17,FPO,34563,Sarah Hokom,949,67,101.0,0.02164,0.0,0.89554,0.0668,0.01452,0.0,424.5,44.1,96414;96415;96416;97344;96417;96418,
2026-07-31,2026-07-31T02:42:26,17,FPO,35321,Sofie Björlycke,936,75,83.25,0.0,0.0,0.0,0.0,0.0,0.0,83.2,81.9,,
2026-07-31,2026-07-31T02:42:26,17,FPO,35774,Camilla Jernberg,873,147,7.5,0.0,0.0,0.0,0.0,0.0,0.0,7.5,153.4,,
2026-07-31,2026-07-31T02:42:26,17,FPO,36307,Amanda Branch,887,193,0.0,0.0,0.0,0.0,0.0,0.0,0.0,2.0,188.7,97344,
2026-07-31,2026-07-31T02:42:26,17,FPO,39504,Zoe AnDyke,930,80,77.0,0.0,0.0,0.0,0.0,0.0,0.0,77.0,86.7,,
2026-07-31,2026-07-31T02:42:26,17,FPO,43995,Taylor Foth,902,178,0.0,0.0,0.0,0.0,0.0,0.0,0.0,0.0,201.0,,
2026-07-31,2026-07-31T02:42:26,17,FPO,44184,Catrina Allen,961,7,1024.58,1.0,1.0,1.0,1.0,0.0,0.0,1319.9,9.1,96414;96415;96416;97344;96417;96418;96419,
2026-07-31,2026-07-31T02:42:26,17,FPO,45407,Brittney Armentrout,851,158,2.0,0.0,0.0,0.0,0.0,0.0,0.0,2.0,163.0,,
2026-07-31,2026-07-31T02:42:26,17,FPO,48199,Alison Blakeman,870,185,0.0,0.0,0.0,0.0,0.0,0.0,0.0,0.0,210.0,,
2026-07-31,2026-07-31T02:42:26,17,FPO,48976,Ohn Scoggins,990,3,1489.0,1.0,1.0,1.0,1.0,0.0,0.45174,2235.8,1.7,96414;96415;96416;97344;96417;96418;96419,
2026-07-31,2026-07-31T02:42:26,17,FPO,50656,Jessica Gurthie,955,17,734.0,1.0,0.90116,1.0,1.0,0.00046,0.0,1103.1,14.9,96414;96415;96416;97344;96417;96418;96419,
2026-07-31,2026-07-31T02:42:26,17,FPO,51277,Holly Finley,929,49,214.0,0.00039,0.0,0.93486,0.00221,0.00016,0.0,348.5,48.6,96414;96415;97344;96417;96418,
2026-07-31,2026-07-31T02:42:26,17,FPO,58303,Sai Ananda,949,66,102.0,0.00381,0.0,0.01341,6e-05,0.00336,0.0,174.8,64.1,97344,
2026-07-31,2026-07-31T02:42:26,17,FPO,59227,Henna Blomroos,969,10,890.0,1.0,0.99815,1.0,1.0,0.0,0.0,1219.3,11.3,96414;97344;96418;96419,
2026-07-31,2026-07-31T02:42:26,17,FPO,59431,Madison Walker,951,20,652.83,0.11895,0.07409,1.0,1.0,0.0395,0.0,888.1,22.8,96414;96415;96416;97344;96417;96418;96419,
2026-07-31,2026-07-31T02:42:26,17,FPO,60798,Madison Tomaino,921,74,83.5,0.0,0.0,0.0,0.0,0.0,0.0,120.1,71.0,96416,
2026-07-31,2026-07-31T02:42:26,17,FPO,61144,Emily Beach,901,175,0.0,0.0,0.0,0.0,0.0,0.0,0.0,0.0,205.0,,
2026-07-31,2026-07-31T02:42:26,17,FPO,61990,Katka Boďová,916,93,48.0,0.0,0.0,0.0,0.0,0.0,0.0,48.0,98.6,,
2026-07-31,2026-07-31T02:42:26,17,FPO,62879,Valerie Mandujano,975,13,799.16,1.0,1.0,1.0,1.0,0.0,0.0,1455.3,7.4,96414;96415;96416;97344;96417;96418;96419,
2026-07-31,2026-07-31T02:42:26,17,FPO,62880,Alexis Mandujano,960,35,352.5,0.23833,0.12207,1.0,0.99964,0.09635,0.0,882.0,23.1,96414;96415;96416;97344;96417;96418;96419,
2026-07-31,2026-07-31T02:42:26,17,FPO,63257,Maria Oliva,920,46,237.0,3e-05,0.0,0.97487,0.00018,0.0,0.0,332.9,49.6,96415;96416;97344;96417;96418,
2026-07-31,2026-07-31T02:42:26,17,FPO,64927,Eveliina Salonen,988,6,1164.67,1.0,1.0,1.0,1.0,0.0,0.0,1657.6,5.6,96414;97344;96418;96419,
2026-07-31,2026-07-31T02:42:26,17,FPO,65489,Lauren Butler,916,55,157.75,2e-05,0.0,0.00759,0.0,0.0,0.0,215.7,58.6,96414;96415;97344;96417,
2026-07-31,2026-07-31T02:42:26,17,FPO,66063,Ashlee Johnson,859,179,0.0,0.0,0.0,0.0,0.0,0.0,0.0,0.0,202.0,,
2026-07-31,2026-07-31T02:42:26,17,FPO,66599,Heidi Laine,959,11,834.75,0.99262,0.9926,1.0,1.0,2e-05,0.0,1181.9,12.4,96414;96415;96416;97344;96418;96419,
2026-07-31,2026-07-31T02:42:26,17,FPO,69584,Danielle Weigandt,853,161,2.0,0.0,0.0,0.0,0.0,0.0,0.0,2.0,165.9,,
2026-07-31,2026-07-31T02:42:26,17,FPO,71262,Erika Stinchcomb,920,45,261.25,3e-05,0.0,0.99839,0.00063,3e-05,0.0,357.6,47.9,96414;96415;96416;97344;96417;96418,
2026-07-31,2026-07-31T02:42:26,17,FPO,72635,Kersti Miller,890,105,34.5,0.0,0.0,0.0,0.0,0.0,0.0,34.5,110.7,,
2026-07-31,2026-07-31T02:42:26,17,FPO,74708,Casey Pennington,916,99,39.5,0.0,0.0,0.0,0.0,0.0,0.0,39.5,103.6,,
2026-07-31,2026-07-31T02:42:26,17,FPO,75029,Cynthia Ricciotti,917,59,117.25,0.0,0.0,0.0018,0.0,0.0,0.0,178.5,62.0,96414;96415;97344;96417,
2026-07-31,2026-07-31T02:42:26,17,FPO,76009,Virginia Polkinghorne,884,186,0.0,0.0,0.0,0.0,0.0,0.0,0.0,0.0,209.0,,
2026-07-31,2026-07-31T02:42:26,17,FPO,77385,Matilda Ringbom,947,44,274.0,0.0098,0.0,0.30419,0.00026,0.00928,0.0,332.0,49.8,96418,
2026-07-31,2026-07-31T02:42:26,17,FPO,78232,Tiger Borth,899,124,21.0,0.0,0.0,0.0,0.0,0.0,0.0,23.3,125.0,97344,
2026-07-31,2026-07-31T02:42:26,17,FPO,79233,Cadence Burge,971,69,95.25,0.36908,0.00233,0.99436,0.65065,0.27166,0.0,658.6,33.0,96415;96416;97344;96417;96418,
2026-07-31,2026-07-31T02:42:26,17,FPO,80935,Lindsey Maas,902,108,32.25,0.0,0.0,0.0,0.0,0.0,0.0,42.4,103.4,96414;97344,
2026-07-31,2026-07-31T02:42:26,17,FPO,82809,Alex von Stade,893,121,22.0,0.0,0.0,0.0,0.0,0.0,0.0,22.0,126.9,,
2026-07-31,2026-07-31T02:42:26,17,FPO,83376,Cassandra Lioi,890,146,8.0,0.0,0.0,0.0,0.0,0.0,0.0,8.0,152.4,,
2026-07-31,2026-07-31T02:42:26,17,FPO,84279,Kaidi Allsalu,956,51,203.62,0.04298,0.0,0.0,0.0,0.0404,0.0,297.5,52.5,,
2026-07-31,2026-07-31T02:42:26,17,FPO,85189,Samantha Bonacci,870,133,16.5,0.0,0.0,0.0,0.0,0.0,0.0,16.5,139.6,,
2026-07-31,2026-07-31T02:42:26,17,FPO,85484,Anneli Tõugjas-Männiste,957,26,457.5,0.13242,0.01574,1.0,0.99918,0.0977,0.0,794.1,26.8,96414;96415;97344;96417;96418;96419,
2026-07-31,2026-07-31T02:42:26,17,FPO,85942,Missy Gannon,985,4,1384.83,1.0,1.0,1.0,1.0,0.0,0.00123,1892.7,4.0,96414;96415;96416;97344;96417;96418;96419,
2026-07-31,2026-07-31T02:42:26,17,FPO,87094,Rose Shertick,918,209,0.0,0.0,0.0,0.0,0.0,0.0,0.0,6.5,182.0,97344,
2026-07-31,2026-07-31T02:42:26,17,FPO,87443,Andrea Cammack,874,160,2.0,0.0,0.0,0.0,0.0,0.0,0.0,2.0,161.3,,
2026-07-31,2026-07-31T02:42:26,17,FPO,94085,Keiti Tätte,957,53,184.12,0.01465,0.0,0.0,0.0,0.01376,0.0,214.4,59.2,,
2026-07-31,2026-07-31T02:42:26,17,FPO,96090,Sonja Laine,899,103,36.0,0.0,0.0,0.0,0.0,0.0,0.0,36.0,108.1,,
2026-07-31,2026-07-31T02:42:26,17,FPO,96480,Tori Pasquin,833,171,2.0,0.0,0.0,0.0,0.0,0.0,0.0,2.0,171.0,,
2026-07-31,2026-07-31T02:42:26,17,FPO,97238,Jannicke Hjemli,862,144,9.75,0.0,0.0,0.0,0.0,0.0,0.0,9.8,150.2,,
2026-07-31,2026-07-31T02:42:26,17,FPO,99441,Lykke Lorentzen,923,92,48.0,0.0,0.0,0.0,0.0,0.0,0.0,57.9,93.4,97344,
2026-07-31,2026-07-31T02:42:26,17,FPO,99455,Kat Mertsch,964,8,1004.67,1.0,1.0,1.0,1.0,0.0,0.0,1332.9,8.9,96414;96415;96416;97344;96417;96418;96419,
2026-07-31,2026-07-31T02:42:26,17,FPO,101949,Ratana McMahon,885,56,129.75,0.0,0.0,0.0,0.0,0.0,0.0,134.4,66.7,96415,
2026-07-31,2026-07-31T02:42:26,17,FPO,102024,Danielle Keen,896,177,0.0,0.0,0.0,0.0,0.0,0.0,0.0,0.0,203.0,,
2026-07-31,2026-07-31T02:42:26,17,FPO,103743,Karen Martel,926,136,15.0,0.0,0.0,0.0,0.0,0.0,0.0,27.7,126.5,97344,
2026-07-31,2026-07-31T02:42:26,17,FPO,104187,Macie Velediaz,957,41,294.67,0.07745,1e-05,1.0,0.3859,0.06028,0.0,554.1,37.6,97344;96417;96418,
2026-07-31,2026-07-31T02:42:26,17,FPO,104314,Violet Main,945,40,301.0,0.01026,0.0,0.99999,0.09051,0.00738,0.0,460.5,41.7,96414;97344;96417;96418,
2026-07-31,2026-07-31T02:42:26,17,FPO,104814,Ellie Bryant,904,118,23.75,0.0,0.0,0.0,0.0,0.0,0.0,23.8,122.8,,
2026-07-31,2026-07-31T02:42:26,17,FPO,105126,Aria Castruita,949,94,46.5,0.0,0.0,0.0,0.0,0.0,0.0,46.5,99.7,,
2026-07-31,2026-07-31T02:42:26,17,FPO,106489,Anna Pinter,875,123,21.75,0.0,0.0,0.0,0.0,0.0,0.0,21.8,128.7,,
2026-07-31,2026-07-31T02:42:26,17,FPO,107297,Maria Liivamägi,857,116,24.0,0.0,0.0,0.0,0.0,0.0,0.0,24.0,121.2,,
2026-07-31,2026-07-31T02:42:26,17,FPO,107335,Silva Saarinen,991,2,1585.84,1.0,1.0,1.0,1.0,0.0,0.47523,2240.8,1.7,96414;96415;96416;97344;96418;96419,
2026-07-31,2026-07-31T02:42:26,17,FPO,107780,Shelbi Dutton,932,191,0.0,6e-05,0.0,0.0,0.0,0.0,0.0,28.9,121.5,96415,
2026-07-31,2026-07-31T02:42:26,17,FPO,108871,Brook Johnson,905,115,24.0,0.0,0.0,0.0,0.0,0.0,0.0,26.7,117.9,97344,
2026-07-31,2026-07-31T02:42:26,17,FPO,109337,Cathy Kuhn,860,176,0.0,0.0,0.0,0.0,0.0,0.0,0.0,0.0,204.0,,
2026-07-31,2026-07-31T02:42:26,17,FPO,109996,Anniken Kristiansen Steen,964,18,700.29,0.26909,0.14417,1.0,1.0,0.1227,0.0,914.4,21.8,97344;96418;96419,
2026-07-31,2026-07-31T02:42:26,17,FPO,111487,Emily Weatherman,958,14,777.83,0.9643,0.96412,1.0,1.0,0.00017,0.0,1146.3,13.5,96414;96415;96416;97344;96417;96418;96419,
2026-07-31,2026-07-31T02:42:26,17,FPO,112647,Hanna Huynh,962,21,600.0,0.88934,0.88575,1.0,1.0,0.0031,0.0,1116.6,14.5,96414;96415;96416;97344;96417;96418;96419,
2026-07-31,2026-07-31T02:42:26,17,FPO,115503,Olivia Kindstedt,946,52,189.0,0.00769,0.0,0.14553,0.00076,0.00694,0.0,290.7,53.0,97344,
2026-07-31,2026-07-31T02:42:26,17,FPO,116694,Kristi Unt,925,95,45.0,0.0,0.0,0.0,0.0,0.0,0.0,45.0,100.8,,
2026-07-31,2026-07-31T02:42:26,17,FPO,121554,Elina Rydberg,898,119,23.25,0.0,0.0,0.0,0.0,0.0,0.0,23.2,123.8,,
2026-07-31,2026-07-31T02:42:26,17,FPO,124064,Shelby Cowen,914,57,129.0,3e-05,0.0,0.0011,0.0,1e-05,0.0,190.6,60.8,96414;96415;96417,
2026-07-31,2026-07-31T02:42:26,17,FPO,126226,Kati Chachere,843,170,2.0,0.0,0.0,0.0,0.0,0.0,0.0,2.0,170.0,,
2026-07-31,2026-07-31T02:42:26,17,FPO,128395,Michelle Saggboy,894,156,2.0,0.0,0.0,0.0,0.0,0.0,0.0,2.0,168.8,,
2026-07-31,2026-07-31T02:42:26,17,FPO,128532,Maarja Soasepp,905,96,42.0,0.0,0.0,0.0,0.0,0.0,0.0,42.0,102.4,,
2026-07-31,2026-07-31T02:42:26,17,FPO,130187,Kat Johnson,910,204,0.0,0.0,0.0,0.0,0.0,0.0,0.0,3.5,177.2,97344,
2026-07-31,2026-07-31T02:42:26,17,FPO,130342,Chantel Budinsky,957,87,58.5,0.06953,0.0,0.51344,0.02562,0.04698,0.0,384.5,46.8,96414;97344;96417,
2026-07-31,2026-07-31T02:42:26,17,FPO,130822,Hannah Manis,932,201,0.0,2e-05,0.0,2e-05,0.0,0.0,0.0,20.2,150.0,97344,
2026-07-31,2026-07-31T02:42:26,17,FPO,131583,Hannah Lengel,954,189,0.0,0.01035,0.0,0.00034,0.0,0.00116,0.0,121.3,73.5,96414;96417,
2026-07-31,2026-07-31T02:42:26,17,FPO,132291,Ashley Phelps,904,120,23.0,0.0,0.0,0.0,0.0,0.0,0.0,23.0,125.4,,
2026-07-31,2026-07-31T02:42:26,17,FPO,132627,Jenn Cazanov-Diggs,905,153,2.0,0.0,0.0,0.0,0.0,0.0,0.0,2.0,189.5,,
2026-07-31,2026-07-31T02:42:26,17,FPO,133547,Holyn Handley,986,1,1668.34,1.0,1.0,1.0,1.0,0.0,0.0718,2095.1,2.7,96414;96415;96416;97344;96418;96419,
2026-07-31,2026-07-31T02:42:26,17,FPO,133701,Nathalie Ortiz,907,83,64.25,0.0,0.0,0.0,0.0,0.0,0.0,64.2,89.7,,
2026-07-31,2026-07-31T02:42:26,17,FPO,135383,Emma Arp,912,151,5.0,0.0,0.0,0.0,0.0,0.0,0.0,5.0,157.8,,
2026-07-31,2026-07-31T02:42:26,17,FPO,138272,Raven Klein,941,27,452.5,0.02131,0.0008,1.0,0.99467,0.01689,0.0,715.8,30.5,96414;96415;96416;97344;96417;96418,
2026-07-31,2026-07-31T02:42:26,17,FPO,139109,Leah Tsinajinnie,927,82,71.0,0.0,0.0,0.00014,0.0,0.0,0.0,104.9,76.6,96414;97344,
2026-07-31,2026-07-31T02:42:26,17,FPO,139387,Hanna Jansson,903,90,50.25,0.0,0.0,0.0,0.0,0.0,0.0,50.2,95.7,,
2026-07-31,2026-07-31T02:42:26,17,FPO,139738,Megan Dophal,908,208,0.0,0.0,0.0,0.0,0.0,0.0,0.0,3.2,189.4,97344,
2026-07-31,2026-07-31T02:42:26,17,FPO,140660,María Eldey Kristínardóttir,916,72,91.5,0.0,0.0,0.0,0.0,0.0,0.0,91.5,80.1,,
2026-07-31,2026-07-31T02:42:26,17,FPO,140947,Nina Bennett,946,97,40.5,0.00751,0.0,0.06426,0.00044,0.00397,0.0,219.0,59.5,96414;97344;96417,
2026-07-31,2026-07-31T02:42:26,17,FPO,142259,Katheryn Maloney,901,205,0.0,0.0,0.0,0.0,0.0,0.0,0.0,2.4,179.0,97344,
2026-07-31,2026-07-31T02:42:26,17,FPO,142354,Alexis Kerman,921,54,176.0,5e-05,0.0,0.28599,0.0,2e-05,0.0,278.0,53.8,96414;96415;96416;97344;96417;96418,
2026-07-31,2026-07-31T02:42:26,17,FPO,143423,Ember Simonis,916,198,0.0,0.0,0.0,0.0,0.0,0.0,0.0,5.5,178.3,97344,
2026-07-31,2026-07-31T02:42:26,17,FPO,143720,Jessica Kinard,906,192,0.0,0.0,0.0,0.0,0.0,0.0,0.0,22.8,128.1,96416,
2026-07-31,2026-07-31T02:42:26,17,FPO,144112,Ella Hansen,976,5,1310.41,1.0,1.0,1.0,1.0,0.0,0.0,1677.1,5.5,96414;96415;96416;97344;96418;96419,
2026-07-31,2026-07-31T02:42:26,17,FPO,144791,Emily Yale,893,70,92.0,0.0,0.0,0.0,0.0,0.0,0.0,120.9,70.2,96415;96416;97344,
2026-07-31,2026-07-31T02:42:26,17,FPO,146137,Dani K. Hart,951,28,451.5,0.07279,0.01136,1.0,0.99986,0.0526,0.0,792.2,26.9,96414;96415;96416;97344;96417;96418;96419,
2026-07-31,2026-07-31T02:42:26,17,FPO,146304,MJ Gager,933,34,355.83,0.00062,0.0,1.0,0.00623,0.00045,0.0,409.9,44.4,96415;97344;96418,
2026-07-31,2026-07-31T02:42:26,17,FPO,147050,Ali Smith,946,62,112.5,0.0,0.0,0.0,0.0,0.0,0.0,112.5,72.5,,
2026-07-31,2026-07-31T02:42:26,17,FPO,147393,Sadie Shattuck,866,134,16.0,0.0,0.0,0.0,0.0,0.0,0.0,16.0,141.5,,
2026-07-31,2026-07-31T02:42:26,17,FPO,149548,VicToria Scott,887,211,0.0,0.0,0.0,0.0,0.0,0.0,0.0,2.0,195.9,97344,
2026-07-31,2026-07-31T02:42:26,17,FPO,149803,Candyce Boyce,895,106,33.0,0.0,0.0,0.0,0.0,0.0,0.0,33.0,112.3,,
2026-07-31,2026-07-31T02:42:26,17,FPO,150057,Hailey Huber,932,77,81.0,0.0,0.0,0.0,0.0,0.0,0.0,81.0,84.4,,
2026-07-31,2026-07-31T02:42:26,17,FPO,151072,Jennifer Rice,894,130,18.0,0.0,0.0,0.0,0.0,0.0,0.0,18.0,136.4,,
2026-07-31,2026-07-31T02:42:26,17,FPO,152191,Kelley Foster,933,33,361.5,0.00213,0.0,1.0,0.25787,0.00169,0.0,512.7,38.9,96414;96415;96416;96417;96418,
2026-07-31,2026-07-31T02:42:26,17,FPO,154098,Ariel Walker,943,98,40.25,0.00018,0.0,0.0003,0.0,0.0001,0.0,83.2,85.6,97344,
2026-07-31,2026-07-31T02:42:26,17,FPO,155026,Amanda Lennartsson,947,31,409.0,0.01018,0.0,1.0,0.05722,0.00956,0.0,467.0,41.3,96418,
2026-07-31,2026-07-31T02:42:26,17,FPO,156259,Ella Tejler,898,81,73.5,0.0,0.0,0.0,0.0,0.0,0.0,73.5,88.0,,
2026-07-31,2026-07-31T02:42:26,17,FPO,156781,Audrey Wicklander,891,194,0.0,0.0,0.0,0.0,0.0,0.0,0.0,2.1,187.5,97344,
2026-07-31,2026-07-31T02:42:26,17,FPO,157471,Nid Ovathanasin,936,135,15.0,2e-05,0.0,7e-05,0.0,0.0,0.0,66.0,94.6,96414;97344,
2026-07-31,2026-07-31T02:42:26,17,FPO,158385,Destyne Martinez,865,152,2.0,0.0,0.0,0.0,0.0,0.0,0.0,2.0,170.0,,
2026-07-31,2026-07-31T02:42:26,17,FPO,158461,Shiru Liu,914,84,63.5,0.0,0.0,0.0,0.0,0.0,0.0,63.5,90.7,,
2026-07-31,2026-07-31T02:42:26,17,FPO,160103,Jacquelyn DeLude,877,202,0.0,0.0,0.0,0.0,0.0,0.0,0.0,2.0,182.7,97344,
2026-07-31,2026-07-31T02:42:26,17,FPO,161231,Sarah May,856,166,2.0,0.0,0.0,0.0,0.0,0.0,0.0,2.0,174.0,,
2026-07-31,2026-07-31T02:42:26,17,FPO,161918,Addison Woodard,950,43,285.08,0.05515,0.00152,1.0,0.9135,0.04556,0.0,688.2,31.7,96414;96415;96416;97344;96417;96418,
2026-07-31,2026-07-31T02:42:26,17,FPO,162735,Eden Fornoff,922,190,0.0,1e-05,0.0,0.0,0.0,0.0,0.0,52.1,98.3,96414;96415;96416,
2026-07-31,2026-07-31T02:42:26,17,FPO,162896,Therese Cuevas,937,48,231.5,0.00108,0.0,0.22874,0.00026,0.00095,0.0,290.7,52.9,97344;96418,
2026-07-31,2026-07-31T02:42:26,17,FPO,164788,Alecia Hinkson,930,61,112.5,0.00032,0.0,0.03796,0.0,9e-05,0.0,218.4,58.6,96414;96415;97344;96417,
2026-07-31,2026-07-31T02:42:26,17,FPO,165652,Ceci Vollbrecht,899,195,0.0,0.0,0.0,0.0,0.0,0.0,0.0,2.3,188.4,97344,
2026-07-31,2026-07-31T02:42:26,17,FPO,166082,Ashton Webberley,904,157,2.0,0.0,0.0,0.0,0.0,0.0,0.0,2.0,164.1,,
2026-07-31,2026-07-31T02:42:26,17,FPO,166749,Mackenzie Morris,884,145,9.0,0.0,0.0,0.0,0.0,0.0,0.0,9.0,151.3,,
2026-07-31,2026-07-31T02:42:26,17,FPO,167255,AK Kaestner,820,173,2.0,0.0,0.0,0.0,0.0,0.0,0.0,2.0,178.0,,
2026-07-31,2026-07-31T02:42:26,17,FPO,168863,Trinity Bryant,921,47,235.0,6e-05,0.0,0.45522,2e-05,5e-05,0.0,291.8,52.7,96416;97344;96418,
2026-07-31,2026-07-31T02:42:26,17,FPO,170182,Rebecca Minnick,865,109,29.0,0.0,0.0,0.0,0.0,0.0,0.0,29.0,114.2,,
2026-07-31,2026-07-31T02:42:26,17,FPO,173601,Marie Kielas,914,89,51.0,0.0,0.0,0.0,0.0,0.0,0.0,51.0,94.6,,
2026-07-31,2026-07-31T02:42:26,17,FPO,176242,Morgan Lynds,931,73,87.75,1e-05,0.0,0.00103,0.0,0.0,0.0,130.2,69.9,96414;97344,
2026-07-31,2026-07-31T02:42:26,17,FPO,176243,Jordan Lynds,945,60,113.25,0.00453,0.0,0.08759,0.00038,0.00382,0.0,244.6,56.7,96414;97344,
2026-07-31,2026-07-31T02:42:26,17,FPO,176481,Karissa Dedmon,917,86,59.0,0.0,0.0,0.0,0.0,0.0,0.0,64.9,90.4,97344,
2026-07-31,2026-07-31T02:42:26,17,FPO,178707,Joleigh Miller,929,65,102.0,0.0,0.0,0.0,0.0,0.0,0.0,102.0,76.3,,
2026-07-31,2026-07-31T02:42:26,17,FPO,178748,Kendyl Sullivan,887,163,2.0,0.0,0.0,0.0,0.0,0.0,0.0,2.0,167.0,,
2026-07-31,2026-07-31T02:42:26,17,FPO,179200,Jamie Williams,863,181,0.0,0.0,0.0,0.0,0.0,0.0,0.0,0.0,199.0,,
2026-07-31,2026-07-31T02:42:26,17,FPO,179873,Jenny Larsson,921,88,54.0,0.0,0.0,0.0,0.0,0.0,0.0,54.0,93.3,,
2026-07-31,2026-07-31T02:42:26,17,FPO,181772,Ida Emilie Nesse,948,37,334.0,0.04926,0.00322,1.0,0.97668,0.03833,0.0,724.8,30.0,96414;96415;96416;97344;96417;96418,
2026-07-31,2026-07-31T02:42:26,17,FPO,182450,Kajsa Wahl,893,102,36.75,0.0,0.0,0.0,0.0,0.0,0.0,36.8,107.0,,
2026-07-31,2026-07-31T02:42:26,17,FPO,182582,Addison Clark,824,212,0.0,0.0,0.0,0.0,0.0,0.0,0.0,16.5,140.3,96417,
2026-07-31,2026-07-31T02:42:26,17,FPO,184609,Elva-Kate Preston,908,63,112.25,0.0,0.0,0.0,0.0,0.0,0.0,135.1,67.3,96414;96415;97344,
2026-07-31,2026-07-31T02:42:26,17,FPO,184736,Jennifer Smiley,934,36,337.75,0.00194,0.0,1.0,0.14567,0.00144,0.0,484.8,40.2,96415;96416;97344;96417;96418,
2026-07-31,2026-07-31T02:42:26,17,FPO,185057,Josefine Johansson,934,76,81.0,0.0,0.0,0.00035,0.0,0.0,0.0,105.0,76.6,97344,
2026-07-31,2026-07-31T02:42:26,17,FPO,185534,Sofia Donnecke,961,24,547.5,0.15517,0.00024,1.0,0.99,0.14983,0.0,710.1,30.7,96418,
2026-07-31,2026-07-31T02:42:26,17,FPO,185627,Athena Cuevas,866,137,14.0,0.0,0.0,0.0,0.0,0.0,0.0,14.0,142.9,,
2026-07-31,2026-07-31T02:42:26,17,FPO,186277,Kassandra Fog Wichmann,871,149,6.0,0.0,0.0,0.0,0.0,0.0,0.0,6.0,154.8,,
2026-07-31,2026-07-31T02:42:26,17,FPO,186629,Sanne Dalseth,880,139,13.5,0.0,0.0,0.0,0.0,0.0,0.0,13.5,144.3,,
2026-07-31,2026-07-31T02:42:26,17,FPO,188837,JJ Sun,883,184,0.0,0.0,0.0,0.0,0.0,0.0,0.0,0.0,208.0,,
2026-07-31,2026-07-31T02:42:26,17,FPO,189702,Taylor Chocek,947,15,749.95,0.28238,0.27256,1.0,1.0,0.00961,0.0,964.7,19.8,96414;96415;96416;96418;96419,
2026-07-31,2026-07-31T02:42:26,17,FPO,193215,Lexi Marx,929,113,25.5,2e-05,0.0,0.00025,0.0,1e-05,0.0,98.8,79.2,96414;96415;97344,
2026-07-31,2026-07-31T02:42:26,17,FPO,195549,Kylie Kohut,933,42,290.0,0.00055,0.0,0.99995,0.00814,0.00045,0.0,404.0,44.9,96414;96415;96416;96418,
2026-07-31,2026-07-31T02:42:26,17,FPO,195550,Peyton Kohut,913,85,62.5,0.0,0.0,1e-05,0.0,0.0,0.0,117.9,71.9,96414;96415;96416,
2026-07-31,2026-07-31T02:42:26,17,FPO,196237,Kaire Tekku,923,79,78.75,0.0,0.0,0.0,0.0,0.0,0.0,78.8,85.6,,
2026-07-31,2026-07-31T02:42:26,17,FPO,197689,Isabella Parker,877,129,18.0,0.0,0.0,0.0,0.0,0.0,0.0,18.0,135.4,,
2026-07-31,2026-07-31T02:42:26,17,FPO,198446,Eliezra Midtlyng,948,12,833.58,0.65736,0.656,1.0,1.0,0.00126,0.0,1028.8,17.4,96414;96415;96416;97344;96417;96418;96419,
2026-07-31,2026-07-31T02:42:26,17,FPO,198721,Hannah Kellar,898,100,38.0,0.0,0.0,0.0,0.0,0.0,0.0,38.0,105.6,,
2026-07-31,2026-07-31T02:42:26,17,FPO,202571,Elizabete Pēkšena,932,50,205.5,0.00027,0.0,0.05279,2e-05,0.00023,0.0,247.2,56.1,97344,
2026-07-31,2026-07-31T02:42:26,17,FPO,208576,Rebecca Don,961,9,926.99,0.99867,0.99867,1.0,1.0,0.0,0.0,1207.1,11.7,96414;96415;96416;97344;96418;96419,
2026-07-31,2026-07-31T02:42:26,17,FPO,209432,Eden Fletcher,905,101,38.0,0.0,0.0,0.0,0.0,0.0,0.0,38.0,105.1,,
2026-07-31,2026-07-31T02:42:26,17,FPO,209462,Erika Apple,854,172,2.0,0.0,0.0,0.0,0.0,0.0,0.0,2.0,176.4,,
2026-07-31,2026-07-31T02:42:26,17,FPO,210287,Mara Neal,864,165,2.0,0.0,0.0,0.0,0.0,0.0,0.0,2.0,174.3,,
2026-07-31,2026-07-31T02:42:26,17,FPO,210972,Kristýna Jurčíková,970,38,331.0,0.27197,0.00078,1.0,0.67175,0.24625,0.0,653.6,33.2,97344;96418,
2026-07-31,2026-07-31T02:42:26,17,FPO,214417,Fleur Verberk,899,199,0.0,0.0,0.0,0.0,0.0,0.0,0.0,2.3,186.8,97344,
2026-07-31,2026-07-31T02:42:26,17,FPO,215439,Sheliemae Lai,946,71,92.0,0.0,0.0,0.0,0.0,0.0,0.0,92.0,79.1,,
2026-07-31,2026-07-31T02:42:26,17,FPO,215495,Kelsey Martin,877,206,0.0,0.0,0.0,0.0,0.0,0.0,0.0,2.0,180.1,97344,
2026-07-31,2026-07-31T02:42:26,17,FPO,216558,Iida Lehtomäki,963,29,430.25,0.12139,0.0,1.0,0.41349,0.10994,0.0,575.8,36.5,97344;96418,
2026-07-31,2026-07-31T02:42:26,17,FPO,217892,Katie Tews,892,114,25.5,0.0,0.0,0.0,0.0,0.0,0.0,25.5,119.5,,
2026-07-31,2026-07-31T02:42:26,17,FPO,218760,Sarah Duran,865,142,11.0,0.0,0.0,0.0,0.0,0.0,0.0,11.0,148.1,,
2026-07-31,2026-07-31T02:42:26,17,FPO,218779,Amanda Brightwell,831,168,2.0,0.0,0.0,0.0,0.0,0.0,0.0,2.0,176.0,,
2026-07-31,2026-07-31T02:42:26,17,FPO,219693,Anna Damberga,864,125,21.0,0.0,0.0,0.0,0.0,0.0,0.0,21.0,130.2,,
2026-07-31,2026-07-31T02:42:26,17,FPO,221583,Evie Lou Ramey,894,187,0.0,0.0,0.0,0.0,0.0,0.0,0.0,0.0,211.0,,
2026-07-31,2026-07-31T02:42:26,17,FPO,222693,Tanisha Platero,856,159,2.0,0.0,0.0,0.0,0.0,0.0,0.0,2.0,162.0,,
2026-07-31,2026-07-31T02:42:26,17,FPO,222973,Martje Sumowski,913,107,33.0,0.0,0.0,0.0,0.0,0.0,0.0,33.0,112.3,,
2026-07-31,2026-07-31T02:42:26,17,FPO,223975,Laura Tatiana Niño Carranza,875,154,2.0,0.0,0.0,0.0,0.0,0.0,0.0,4.0,158.9,97344,
2026-07-31,2026-07-31T02:42:26,17,FPO,224238,Julia Fors,962,30,428.5,0.15646,0.0012,1.0,0.8743,0.14552,0.0,687.5,31.7,97344;96418,
2026-07-31,2026-07-31T02:42:26,17,FPO,225016,Naomi Suyat,869,183,0.0,0.0,0.0,0.0,0.0,0.0,0.0,0.0,207.0,,
2026-07-31,2026-07-31T02:42:26,17,FPO,227315,Sarah Wadsworth,901,188,0.0,0.0,0.0,0.0,0.0,0.0,0.0,9.3,152.2,96415,
2026-07-31,2026-07-31T02:42:26,17,FPO,228486,Stefani Ewell,857,143,10.0,0.0,0.0,0.0,0.0,0.0,0.0,10.0,149.2,,
2026-07-31,2026-07-31T02:42:26,17,FPO,229526,Sintija Klezberga,955,16,737.5,0.68819,0.68397,1.0,1.0,0.0037,0.0,1035.6,17.2,96414;96415;97344;96417;96418;96419,
2026-07-31,2026-07-31T02:42:26,17,FPO,231650,Tailey Rowley,911,68,96.25,0.0,0.0,0.0,0.0,0.0,0.0,104.9,75.6,96414;97344,
2026-07-31,2026-07-31T02:42:26,17,FPO,232666,Rebecka Hoppe,850,150,6.0,0.0,0.0,0.0,0.0,0.0,0.0,6.0,155.7,,
2026-07-31,2026-07-31T02:42:26,17,FPO,232722,Julia Hauch,911,203,0.0,0.0,0.0,0.0,0.0,0.0,0.0,3.8,177.6,97344,
2026-07-31,2026-07-31T02:42:26,17,FPO,235368,Madalyn Payton,896,174,0.0,0.0,0.0,0.0,0.0,0.0,0.0,0.0,206.0,,
2026-07-31,2026-07-31T02:42:26,17,FPO,238187,Ann Deputy,918,78,80.25,0.0,0.0,0.0,0.0,0.0,0.0,86.8,81.8,97344,
2026-07-31,2026-07-31T02:42:26,17,FPO,240590,Amelia Saechao,873,117,24.0,0.0,0.0,0.0,0.0,0.0,0.0,24.0,121.2,,
2026-07-31,2026-07-31T02:42:26,17,FPO,242116,Eva Lutsenko,924,122,21.75,0.0,0.0,0.0,0.0,0.0,0.0,21.8,128.1,,
2026-07-31,2026-07-31T02:42:26,17,FPO,242331,Ida Kennmark,867,138,13.5,0.0,0.0,0.0,0.0,0.0,0.0,13.5,144.6,,
2026-07-31,2026-07-31T02:42:26,17,FPO,245180,Chelsea Sutton,859,169,2.0,0.0,0.0,0.0,0.0,0.0,0.0,2.0,169.0,,
2026-07-31,2026-07-31T02:42:26,17,FPO,245306,Netta Leppäaho,945,64,105.75,0.0,0.0,0.0,0.0,0.0,0.0,105.8,74.6,,
2026-07-31,2026-07-31T02:42:26,17,FPO,245317,Sophi Stephenson,859,140,12.0,0.0,0.0,0.0,0.0,0.0,0.0,12.0,146.1,,
2026-07-31,2026-07-31T02:42:26,17,FPO,254333,Jess Zilch,874,127,19.5,0.0,0.0,0.0,0.0,0.0,0.0,19.5,132.3,,
2026-07-31,2026-07-31T02:42:26,17,FPO,255962,Samantha Zaborowski,901,210,0.0,0.0,0.0,0.0,0.0,0.0,0.0,2.4,193.7,97344,
2026-07-31,2026-07-31T02:42:26,17,FPO,256846,Lea Tomas,888,207,0.0,0.0,0.0,0.0,0.0,0.0,0.0,2.0,196.1,97344,
2026-07-31,2026-07-31T02:42:26,17,FPO,259972,Marion Mattsson,858,141,11.25,0.0,0.0,0.0,0.0,0.0,0.0,11.2,147.1,,
2026-07-31,2026-07-31T02:42:26,17,FPO,261058,Jessica Erickson,891,91,49.0,0.0,0.0,0.0,0.0,0.0,0.0,49.0,97.5,,
2026-07-31,2026-07-31T02:42:26,17,FPO,261216,Victoria Christensen,863,132,17.25,0.0,0.0,0.0,0.0,0.0,0.0,17.2,137.8,,
2026-07-31,2026-07-31T02:42:26,17,FPO,268900,Natalie Berg,883,126,19.5,0.0,0.0,0.0,0.0,0.0,0.0,19.5,131.3,,
2026-07-31,2026-07-31T02:42:26,17,FPO,269838,Daisy Kelly,882,182,0.0,0.0,0.0,0.0,0.0,0.0,0.0,0.0,200.0,,
2026-07-31,2026-07-31T02:42:26,17,FPO,277832,Chandler Reigh,939,25,473.25,0.01455,8e-05,1.0,0.99228,0.01305,0.0,683.7,32.1,96414;96415;96416;97344;96417;96418,
2026-07-31,2026-07-31T02:42:26,17,FPO,278450,Brit Hamburg-Kiin,854,111,28.5,0.0,0.0,0.0,0.0,0.0,0.0,28.5,115.3,,
2026-07-31,2026-07-31T02:42:26,17,FPO,279466,Gry Nagel,820,131,18.0,0.0,0.0,0.0,0.0,0.0,0.0,18.0,135.2,,
2026-07-31,2026-07-31T02:42:26,17,FPO,281626,Una Lokmane,878,110,28.5,0.0,0.0,0.0,0.0,0.0,0.0,28.5,116.3,,
2026-07-31,2026-07-31T02:42:26,17,FPO,284553,Katherine Aydelott,861,148,6.0,0.0,0.0,0.0,0.0,0.0,0.0,6.0,156.2,,
2026-07-31,2026-07-31T02:42:26,17,FPO,286978,Michelle Southworth,800,167,2.0,0.0,0.0,0.0,0.0,0.0,0.0,2.0,175.0,,
2026-07-31,2026-07-31T02:42:26,17,FPO,288014,Jordan Coomes,840,128,18.0,0.0,0.0,0.0,0.0,0.0,0.0,18.0,133.6,,
2026-07-31,2026-07-31T02:42:26,17,FPO,297287,Marta Villa,856,164,2.0,0.0,0.0,0.0,0.0,0.0,0.0,2.0,171.7,,
2026-07-31,2026-07-31T02:42:26,17,FPO,302765,Grace Wilson,891,200,0.0,0.0,0.0,0.0,0.0,0.0,0.0,2.1,189.1,97344,
2026-07-31,2026-07-31T02:42:26,17,FPO,308525,Saga Dahlstedt,917,58,127.5,0.0,0.0,0.0,0.0,0.0,0.0,127.5,68.6,,
2026-07-31,2026-07-31T02:42:26,17,FPO,311218,Mina Alme,902,104,35.25,0.0,0.0,0.0,0.0,0.0,0.0,35.2,109.6,,
2026-08-01,2026-08-01T00:00:55,17,FPO,3024,Chris O'Cleary,914,196,0.0,0.0,0.0,0.0,0.0,0.0,0.0,4.7,184.8,97344,
2026-08-01,2026-08-01T00:00:55,17,FPO,3090,Elaine King,888,197,0.0,0.0,0.0,0.0,0.0,0.0,0.0,2.0,187.7,97344,
2026-08-01,2026-08-01T00:00:55,17,FPO,8803,Ruth Steele,872,162,2.0,0.0,0.0,0.0,0.0,0.0,0.0,2.0,167.8,,
2026-08-01,2026-08-01T00:00:55,17,FPO,15354,Jennifer Allen,967,39,313.0,0.1988,0.00018,0.99995,0.47642,0.18045,0.0,600.0,35.6,97344;96418,
2026-08-01,2026-08-01T00:00:55,17,FPO,27832,Kona Star Montgomery,949,23,553.0,0.13534,0.10429,1.0,1.0,0.02764,0.0,900.6,22.3,96414;96415;96416;97344;96417;96418;96419,
2026-08-01,2026-08-01T00:00:55,17,FPO,29190,Paige Pierce,968,19,693.17,0.83485,0.82521,1.0,1.0,0.00961,0.0,1083.2,15.5,96414;96416;97344;96418;96419,
2026-08-01,2026-08-01T00:00:55,17,FPO,29947,Stephanie Vincent,925,112,28.0,0.0,0.0,0.0,0.0,0.0,0.0,28.0,117.2,,
2026-08-01,2026-08-01T00:00:55,17,FPO,31041,Sheila Teves,883,180,0.0,0.0,0.0,0.0,0.0,0.0,0.0,0.0,212.0,,
2026-08-01,2026-08-01T00:00:55,17,FPO,32654,Lisa Fajkus,958,22,593.83,0.29425,0.23813,1.0,1.0,0.04816,0.0,948.0,20.5,96414;96415;96416;96417;96418;96419,
2026-08-01,2026-08-01T00:00:55,17,FPO,32917,Rebecca Cox,951,32,397.0,0.07726,0.01585,1.0,0.99828,0.05281,0.0,791.8,27.0,96414;96415;96416;97344;96417;96418,
2026-08-01,2026-08-01T00:00:55,17,FPO,32925,Lindsay Fish,882,155,2.0,0.0,0.0,0.0,0.0,0.0,0.0,2.0,184.5,,
2026-08-01,2026-08-01T00:00:55,17,FPO,34563,Sarah Hokom,949,67,101.0,0.02143,0.0,0.90442,0.06076,0.01433,0.0,421.5,44.1,96414;96415;96416;97344;96417;96418,
2026-08-01,2026-08-01T00:00:55,17,FPO,35321,Sofie Björlycke,936,75,83.25,0.0,0.0,0.0,0.0,0.0,0.0,83.2,81.9,,
2026-08-01,2026-08-01T00:00:55,17,FPO,35774,Camilla Jernberg,873,147,7.5,0.0,0.0,0.0,0.0,0.0,0.0,7.5,153.4,,
2026-08-01,2026-08-01T00:00:55,17,FPO,36307,Amanda Branch,887,193,0.0,0.0,0.0,0.0,0.0,0.0,0.0,2.0,188.7,97344,
2026-08-01,2026-08-01T00:00:55,17,FPO,39504,Zoe AnDyke,930,80,77.0,0.0,0.0,0.0,0.0,0.0,0.0,77.0,86.6,,
2026-08-01,2026-08-01T00:00:55,17,FPO,43995,Taylor Foth,902,178,0.0,0.0,0.0,0.0,0.0,0.0,0.0,0.0,201.0,,
2026-08-01,2026-08-01T00:00:55,17,FPO,44184,Catrina Allen,961,7,1024.58,1.0,1.0,1.0,1.0,0.0,0.0,1315.3,9.1,96414;96415;96416;97344;96417;96418;96419,
2026-08-01,2026-08-01T00:00:55,17,FPO,45407,Brittney Armentrout,851,158,2.0,0.0,0.0,0.0,0.0,0.0,0.0,2.0,163.0,,
2026-08-01,2026-08-01T00:00:55,17,FPO,48199,Alison Blakeman,870,185,0.0,0.0,0.0,0.0,0.0,0.0,0.0,0.0,210.0,,
2026-08-01,2026-08-01T00:00:55,17,FPO,48976,Ohn Scoggins,990,3,1489.0,1.0,1.0,1.0,1.0,0.0,0.33805,2218.3,1.9,96414;96415;96416;97344;96417;96418;96419,
2026-08-01,2026-08-01T00:00:55,17,FPO,50656,Jessica Gurthie,955,17,734.0,1.0,0.87835,1.0,1.0,0.00062,0.0,1091.8,15.2,96414;96415;96416;97344;96417;96418;96419,
2026-08-01,2026-08-01T00:00:55,17,FPO,51277,Holly Finley,929,49,214.0,0.00026,0.0,0.77738,0.00047,0.00016,0.0,318.9,50.4,96414;97344;96417;96418,
2026-08-01,2026-08-01T00:00:55,17,FPO,58303,Sai Ananda,949,66,102.0,0.00384,0.0,0.0156,5e-05,0.00339,0.0,175.1,64.2,97344,
2026-08-01,2026-08-01T00:00:55,17,FPO,59227,Henna Blomroos,969,10,890.0,1.0,0.99926,1.0,1.0,0.0,0.0,1230.0,11.0,96414;97344;96418;96419,
2026-08-01,2026-08-01T00:00:55,17,FPO,59431,Madison Walker,951,20,652.83,0.10183,0.05369,1.0,1.0,0.04247,0.0,876.3,23.3,96414;96415;96416;97344;96417;96418;96419,
2026-08-01,2026-08-01T00:00:55,17,FPO,60798,Madison Tomaino,921,74,83.5,0.0,0.0,0.0,0.0,0.0,0.0,120.1,71.4,96416,
2026-08-01,2026-08-01T00:00:55,17,FPO,61144,Emily Beach,901,175,0.0,0.0,0.0,0.0,0.0,0.0,0.0,0.0,205.0,,
2026-08-01,2026-08-01T00:00:55,17,FPO,61990,Katka Boďová,916,93,48.0,0.0,0.0,0.0,0.0,0.0,0.0,48.0,98.4,,
2026-08-01,2026-08-01T00:00:55,17,FPO,62879,Valerie Mandujano,975,13,799.16,1.0,1.0,1.0,1.0,0.0,0.0,1448.1,7.4,96414;96415;96416;97344;96417;96418;96419,
2026-08-01,2026-08-01T00:00:55,17,FPO,62880,Alexis Mandujano,960,35,352.5,0.2442,0.13306,1.0,0.9998,0.09278,0.0,889.5,22.9,96414;96415;96416;97344;96417;96418;96419,
2026-08-01,2026-08-01T00:00:55,17,FPO,63257,Maria Oliva,920,46,237.0,3e-05,0.0,0.98775,0.00017,0.0,0.0,333.3,49.3,96415;96416;97344;96417;96418,
2026-08-01,2026-08-01T00:00:55,17,FPO,64927,Eveliina Salonen,988,6,1164.67,1.0,1.0,1.0,1.0,0.0,0.0,1675.5,5.5,96414;97344;96418;96419,
2026-08-01,2026-08-01T00:00:55,17,FPO,65489,Lauren Butler,916,55,157.75,2e-05,0.0,0.01018,0.0,0.0,0.0,217.2,58.4,96414;96415;97344;96417,
2026-08-01,2026-08-01T00:00:55,17,FPO,66063,Ashlee Johnson,859,179,0.0,0.0,0.0,0.0,0.0,0.0,0.0,0.0,202.0,,
2026-08-01,2026-08-01T00:00:55,17,FPO,66599,Heidi Laine,959,11,834.75,0.9938,0.99379,1.0,1.0,1e-05,0.0,1176.5,12.4,96414;96415;96416;97344;96418;96419,
2026-08-01,2026-08-01T00:00:55,17,FPO,69584,Danielle Weigandt,853,161,2.0,0.0,0.0,0.0,0.0,0.0,0.0,2.0,165.9,,
2026-08-01,2026-08-01T00:00:55,17,FPO,71262,Erika Stinchcomb,920,45,261.25,3e-05,0.0,0.99956,0.00065,3e-05,0.0,359.3,47.5,96414;96415;96416;97344;96417;96418,
2026-08-01,2026-08-01T00:00:55,17,FPO,72635,Kersti Miller,890,105,34.5,0.0,0.0,0.0,0.0,0.0,0.0,34.5,110.6,,
2026-08-01,2026-08-01T00:00:55,17,FPO,74708,Casey Pennington,916,99,39.5,0.0,0.0,0.0,0.0,0.0,0.0,39.5,103.4,,
2026-08-01,2026-08-01T00:00:55,17,FPO,75029,Cynthia Ricciotti,917,59,117.25,0.0,0.0,0.0029,0.0,0.0,0.0,183.4,61.5,96414;96415;97344;96417,
2026-08-01,2026-08-01T00:00:55,17,FPO,76009,Virginia Polkinghorne,884,186,0.0,0.0,0.0,0.0,0.0,0.0,0.0,0.0,209.0,,
2026-08-01,2026-08-01T00:00:55,17,FPO,77385,Matilda Ringbom,947,44,274.0,0.00965,0.0,0.41829,0.00024,0.00913,0.0,331.8,49.6,96418,
2026-08-01,2026-08-01T00:00:55,17,FPO,78232,Tiger Borth,899,124,21.0,0.0,0.0,0.0,0.0,0.0,0.0,23.3,125.0,97344,
2026-08-01,2026-08-01T00:00:55,17,FPO,79233,Cadence Burge,971,69,95.25,0.36825,0.00226,0.99528,0.65028,0.27073,0.0,658.5,33.0,96415;96416;97344;96417;96418,
2026-08-01,2026-08-01T00:00:55,17,FPO,80935,Lindsey Maas,902,108,32.25,0.0,0.0,0.0,0.0,0.0,0.0,39.5,105.3,96414;97344,
2026-08-01,2026-08-01T00:00:55,17,FPO,82809,Alex von Stade,893,121,22.0,0.0,0.0,0.0,0.0,0.0,0.0,22.0,126.8,,
2026-08-01,2026-08-01T00:00:55,17,FPO,83376,Cassandra Lioi,890,146,8.0,0.0,0.0,0.0,0.0,0.0,0.0,8.0,152.4,,
2026-08-01,2026-08-01T00:00:55,17,FPO,84279,Kaidi Allsalu,956,51,203.62,0.04276,0.0,0.0,0.0,0.04017,0.0,297.9,52.3,,
2026-08-01,2026-08-01T00:00:55,17,FPO,85189,Samantha Bonacci,870,133,16.5,0.0,0.0,0.0,0.0,0.0,0.0,16.5,139.6,,
2026-08-01,2026-08-01T00:00:55,17,FPO,85484,Anneli Tõugjas-Männiste,957,26,457.5,0.13524,0.02243,1.0,0.99983,0.0945,0.0,812.1,26.1,96414;96415;97344;96417;96418;96419,
2026-08-01,2026-08-01T00:00:55,17,FPO,85942,Missy Gannon,985,4,1384.83,1.0,1.0,1.0,1.0,0.0,0.00126,1903.2,4.0,96414;96415;96416;97344;96417;96418;96419,
2026-08-01,2026-08-01T00:00:55,17,FPO,87094,Rose Shertick,918,209,0.0,0.0,0.0,0.0,0.0,0.0,0.0,6.5,181.9,97344,
2026-08-01,2026-08-01T00:00:55,17,FPO,87443,Andrea Cammack,874,160,2.0,0.0,0.0,0.0,0.0,0.0,0.0,2.0,161.3,,
2026-08-01,2026-08-01T00:00:55,17,FPO,94085,Keiti Tätte,957,53,184.12,0.01606,0.0,0.0,0.0,0.01498,0.0,218.1,58.8,,
2026-08-01,2026-08-01T00:00:55,17,FPO,96090,Sonja Laine,899,103,36.0,0.0,0.0,0.0,0.0,0.0,0.0,36.0,107.8,,
2026-08-01,2026-08-01T00:00:55,17,FPO,96480,Tori Pasquin,833,171,2.0,0.0,0.0,0.0,0.0,0.0,0.0,2.0,171.0,,
2026-08-01,2026-08-01T00:00:55,17,FPO,97238,Jannicke Hjemli,862,144,9.75,0.0,0.0,0.0,0.0,0.0,0.0,9.8,150.2,,
2026-08-01,2026-08-01T00:00:55,17,FPO,99441,Lykke Lorentzen,923,92,48.0,0.0,0.0,0.0,0.0,0.0,0.0,57.9,93.3,97344,
2026-08-01,2026-08-01T00:00:55,17,FPO,99455,Kat Mertsch,964,8,1004.67,1.0,1.0,1.0,1.0,0.0,0.0,1330.1,8.9,96414;96415;96416;97344;96417;96418;96419,
2026-08-01,2026-08-01T00:00:55,17,FPO,101949,Ratana McMahon,885,56,129.75,0.0,0.0,0.0,0.0,0.0,0.0,134.5,66.8,96415,
2026-08-01,2026-08-01T00:00:55,17,FPO,102024,Danielle Keen,896,177,0.0,0.0,0.0,0.0,0.0,0.0,0.0,0.0,203.0,,
2026-08-01,2026-08-01T00:00:55,17,FPO,103743,Karen Martel,926,136,15.0,0.0,0.0,0.0,0.0,0.0,0.0,27.7,126.5,97344,
2026-08-01,2026-08-01T00:00:55,17,FPO,104187,Macie Velediaz,957,41,294.67,0.07667,2e-05,1.0,0.38465,0.05948,0.0,553.8,37.5,97344;96417;96418,
2026-08-01,2026-08-01T00:00:55,17,FPO,104314,Violet Main,945,40,301.0,0.00971,0.0,1.0,0.04901,0.00689,0.0,438.6,42.8,96414;97344;96417;96418,
2026-08-01,2026-08-01T00:00:55,17,FPO,104814,Ellie Bryant,904,118,23.75,0.0,0.0,0.0,0.0,0.0,0.0,23.8,122.7,,
2026-08-01,2026-08-01T00:00:55,17,FPO,105126,Aria Castruita,949,94,46.5,0.0,0.0,0.0,0.0,0.0,0.0,46.5,99.5,,
2026-08-01,2026-08-01T00:00:55,17,FPO,106489,Anna Pinter,875,123,21.75,0.0,0.0,0.0,0.0,0.0,0.0,21.8,128.6,,
2026-08-01,2026-08-01T00:00:55,17,FPO,107297,Maria Liivamägi,857,116,24.0,0.0,0.0,0.0,0.0,0.0,0.0,24.0,121.2,,
2026-08-01,2026-08-01T00:00:55,17,FPO,107335,Silva Saarinen,991,2,1585.84,1.0,1.0,1.0,1.0,0.0,0.58267,2266.5,1.5,96414;96415;96416;97344;96418;96419,
2026-08-01,2026-08-01T00:00:55,17,FPO,107780,Shelbi Dutton,932,191,0.0,6e-05,0.0,0.0,0.0,0.0,0.0,29.3,120.8,96415,
2026-08-01,2026-08-01T00:00:55,17,FPO,108871,Brook Johnson,905,115,24.0,0.0,0.0,0.0,0.0,0.0,0.0,26.7,117.8,97344,
2026-08-01,2026-08-01T00:00:55,17,FPO,109337,Cathy Kuhn,860,176,0.0,0.0,0.0,0.0,0.0,0.0,0.0,0.0,204.0,,
2026-08-01,2026-08-01T00:00:55,17,FPO,109996,Anniken Kristiansen Steen,964,18,700.29,0.26836,0.14344,1.0,1.0,0.12275,0.0,914.4,21.8,97344;96418;96419,
2026-08-01,2026-08-01T00:00:55,17,FPO,111487,Emily Weatherman,958,14,777.83,0.95368,0.95345,1.0,1.0,0.00022,0.0,1133.3,13.8,96414;96415;96416;97344;96417;96418;96419,
2026-08-01,2026-08-01T00:00:55,17,FPO,112647,Hanna Huynh,962,21,600.0,0.867,0.86247,1.0,1.0,0.00393,0.0,1103.4,14.9,96414;96415;96416;97344;96417;96418;96419,
2026-08-01,2026-08-01T00:00:55,17,FPO,115503,Olivia Kindstedt,946,52,189.0,0.0077,0.0,0.16135,0.00076,0.00695,0.0,291.1,52.8,97344,
2026-08-01,2026-08-01T00:00:55,17,FPO,116694,Kristi Unt,925,95,45.0,0.0,0.0,0.0,0.0,0.0,0.0,45.0,100.6,,
2026-08-01,2026-08-01T00:00:55,17,FPO,121554,Elina Rydberg,898,119,23.25,0.0,0.0,0.0,0.0,0.0,0.0,23.2,123.7,,
2026-08-01,2026-08-01T00:00:55,17,FPO,124064,Shelby Cowen,914,57,129.0,3e-05,0.0,0.00016,0.0,1e-05,0.0,180.4,61.7,96414;96415;96417,
2026-08-01,2026-08-01T00:00:55,17,FPO,126226,Kati Chachere,843,170,2.0,0.0,0.0,0.0,0.0,0.0,0.0,2.0,170.0,,
2026-08-01,2026-08-01T00:00:55,17,FPO,128395,Michelle Saggboy,894,156,2.0,0.0,0.0,0.0,0.0,0.0,0.0,2.0,168.7,,
2026-08-01,2026-08-01T00:00:55,17,FPO,128532,Maarja Soasepp,905,96,42.0,0.0,0.0,0.0,0.0,0.0,0.0,42.0,102.2,,
2026-08-01,2026-08-01T00:00:55,17,FPO,130187,Kat Johnson,910,204,0.0,0.0,0.0,0.0,0.0,0.0,0.0,3.5,177.2,97344,
2026-08-01,2026-08-01T00:00:55,17,FPO,130342,Chantel Budinsky,957,87,58.5,0.06194,0.0,0.43549,0.01573,0.04509,0.0,366.1,47.9,96414;97344;96417,
2026-08-01,2026-08-01T00:00:55,17,FPO,130822,Hannah Manis,932,201,0.0,2e-05,0.0,2e-05,0.0,0.0,0.0,20.2,150.0,97344,
2026-08-01,2026-08-01T00:00:55,17,FPO,131583,Hannah Lengel,954,189,0.0,0.0093,0.0,3e-05,0.0,0.00071,0.0,117.4,74.1,96414;96417,
2026-08-01,2026-08-01T00:00:55,17,FPO,132291,Ashley Phelps,904,120,23.0,0.0,0.0,0.0,0.0,0.0,0.0,23.0,125.3,,
2026-08-01,2026-08-01T00:00:55,17,FPO,132627,Jenn Cazanov-Diggs,905,153,2.0,0.0,0.0,0.0,0.0,0.0,0.0,2.0,189.6,,
2026-08-01,2026-08-01T00:00:55,17,FPO,133547,Holyn Handley,986,1,1668.34,1.0,1.0,1.0,1.0,0.0,0.07802,2110.6,2.7,96414;96415;96416;97344;96418;96419,
2026-08-01,2026-08-01T00:00:55,17,FPO,133701,Nathalie Ortiz,907,83,64.25,0.0,0.0,0.0,0.0,0.0,0.0,64.2,89.6,,
2026-08-01,2026-08-01T00:00:55,17,FPO,135383,Emma Arp,912,151,5.0,0.0,0.0,0.0,0.0,0.0,0.0,5.0,157.8,,
2026-08-01,2026-08-01T00:00:55,17,FPO,138272,Raven Klein,941,27,452.5,0.01935,0.00064,1.0,0.9952,0.01687,0.0,714.5,30.6,96414;96415;96416;97344;96417;96418,
2026-08-01,2026-08-01T00:00:55,17,FPO,139109,Leah Tsinajinnie,927,82,71.0,0.0,0.0,0.00018,0.0,0.0,0.0,109.8,75.2,96414;97344,
2026-08-01,2026-08-01T00:00:55,17,FPO,139387,Hanna Jansson,903,90,50.25,0.0,0.0,0.0,0.0,0.0,0.0,50.2,95.5,,
2026-08-01,2026-08-01T00:00:55,17,FPO,139738,Megan Dophal,908,208,0.0,0.0,0.0,0.0,0.0,0.0,0.0,3.2,189.4,97344,
2026-08-01,2026-08-01T00:00:55,17,FPO,140660,María Eldey Kristínardóttir,916,72,91.5,0.0,0.0,0.0,0.0,0.0,0.0,91.5,80.2,,
2026-08-01,2026-08-01T00:00:55,17,FPO,140947,Nina Bennett,946,97,40.5,0.00713,0.0,0.06321,0.00033,0.00396,0.0,216.9,59.5,96414;97344;96417,
2026-08-01,2026-08-01T00:00:55,17,FPO,142259,Katheryn Maloney,901,205,0.0,0.0,0.0,0.0,0.0,0.0,0.0,2.4,179.0,97344,
2026-08-01,2026-08-01T00:00:55,17,FPO,142354,Alexis Kerman,921,54,176.0,5e-05,0.0,0.2545,0.0,2e-05,0.0,272.9,54.0,96414;96415;96416;97344;96417;96418,
2026-08-01,2026-08-01T00:00:55,17,FPO,143423,Ember Simonis,916,198,0.0,0.0,0.0,0.0,0.0,0.0,0.0,5.5,178.3,97344,
2026-08-01,2026-08-01T00:00:55,17,FPO,143720,Jessica Kinard,906,192,0.0,0.0,0.0,0.0,0.0,0.0,0.0,22.8,128.1,96416,
2026-08-01,2026-08-01T00:00:55,17,FPO,144112,Ella Hansen,976,5,1310.41,1.0,1.0,1.0,1.0,0.0,0.0,1683.6,5.5,96414;96415;96416;97344;96418;96419,
2026-08-01,2026-08-01T00:00:55,17,FPO,144791,Emily Yale,893,70,92.0,0.0,0.0,0.0,0.0,0.0,0.0,121.1,70.6,96415;96416;97344,
2026-08-01,2026-08-01T00:00:55,17,FPO,146137,Dani K. Hart,951,28,451.5,0.07296,0.01287,1.0,0.99996,0.05206,0.0,800.7,26.6,96414;96415;96416;97344;96417;96418;96419,
2026-08-01,2026-08-01T00:00:55,17,FPO,146304,MJ Gager,933,34,355.83,0.00061,0.0,1.0,0.0062,0.00044,0.0,410.2,44.2,96415;97344;96418,
2026-08-01,2026-08-01T00:00:55,17,FPO,147050,Ali Smith,946,62,112.5,0.0,0.0,0.0,0.0,0.0,0.0,112.5,73.1,,
2026-08-01,2026-08-01T00:00:55,17,FPO,147393,Sadie Shattuck,866,134,16.0,0.0,0.0,0.0,0.0,0.0,0.0,16.0,141.5,,
2026-08-01,2026-08-01T00:00:55,17,FPO,149548,VicToria Scott,887,211,0.0,0.0,0.0,0.0,0.0,0.0,0.0,2.0,195.9,97344,
2026-08-01,2026-08-01T00:00:55,17,FPO,149803,Candyce Boyce,895,106,33.0,0.0,0.0,0.0,0.0,0.0,0.0,33.0,112.2,,
2026-08-01,2026-08-01T00:00:55,17,FPO,150057,Hailey Huber,932,77,81.0,0.0,0.0,0.0,0.0,0.0,0.0,81.0,84.4,,
2026-08-01,2026-08-01T00:00:55,17,FPO,151072,Jennifer Rice,894,130,18.0,0.0,0.0,0.0,0.0,0.0,0.0,18.0,136.4,,
2026-08-01,2026-08-01T00:00:55,17,FPO,152191,Kelley Foster,933,33,361.5,0.00233,0.0,1.0,0.29516,0.00189,0.0,519.4,38.5,96414;96415;96416;96417;96418,
2026-08-01,2026-08-01T00:00:55,17,FPO,154098,Ariel Walker,943,98,40.25,0.00019,0.0,0.0003,0.0,0.00011,0.0,83.2,85.6,97344,
2026-08-01,2026-08-01T00:00:55,17,FPO,155026,Amanda Lennartsson,947,31,409.0,0.01,0.0,1.0,0.05672,0.00938,0.0,466.8,41.1,96418,
2026-08-01,2026-08-01T00:00:55,17,FPO,156259,Ella Tejler,898,81,73.5,0.0,0.0,0.0,0.0,0.0,0.0,73.5,87.9,,
2026-08-01,2026-08-01T00:00:55,17,FPO,156781,Audrey Wicklander,891,194,0.0,0.0,0.0,0.0,0.0,0.0,0.0,2.1,187.5,97344,
2026-08-01,2026-08-01T00:00:55,17,FPO,157471,Nid Ovathanasin,936,135,15.0,2e-05,0.0,4e-05,0.0,0.0,0.0,54.1,102.1,96414;97344,
2026-08-01,2026-08-01T00:00:55,17,FPO,158385,Destyne Martinez,865,152,2.0,0.0,0.0,0.0,0.0,0.0,0.0,2.0,170.0,,
2026-08-01,2026-08-01T00:00:55,17,FPO,158461,Shiru Liu,914,84,63.5,0.0,0.0,0.0,0.0,0.0,0.0,63.5,90.6,,
2026-08-01,2026-08-01T00:00:55,17,FPO,160103,Jacquelyn DeLude,877,202,0.0,0.0,0.0,0.0,0.0,0.0,0.0,2.0,182.7,97344,
2026-08-01,2026-08-01T00:00:55,17,FPO,161231,Sarah May,856,166,2.0,0.0,0.0,0.0,0.0,0.0,0.0,2.0,174.0,,
2026-08-01,2026-08-01T00:00:55,17,FPO,161918,Addison Woodard,950,43,285.08,0.05596,0.00174,1.0,0.9365,0.04642,0.0,699.3,31.3,96414;96415;96416;97344;96417;96418,
2026-08-01,2026-08-01T00:00:55,17,FPO,162735,Eden Fornoff,922,190,0.0,1e-05,0.0,0.0,0.0,0.0,0.0,54.5,96.7,96414;96415;96416,
2026-08-01,2026-08-01T00:00:55,17,FPO,162896,Therese Cuevas,937,48,231.5,0.0011,0.0,0.25476,0.00026,0.00097,0.0,290.6,52.7,97344;96418,
2026-08-01,2026-08-01T00:00:55,17,FPO,164788,Alecia Hinkson,930,61,112.5,0.00034,0.0,0.04756,0.0,0.00011,0.0,222.1,58.2,96414;96415;97344;96417,
2026-08-01,2026-08-01T00:00:55,17,FPO,165652,Ceci Vollbrecht,899,195,0.0,0.0,0.0,0.0,0.0,0.0,0.0,2.3,188.4,97344,
2026-08-01,2026-08-01T00:00:55,17,FPO,166082,Ashton Webberley,904,157,2.0,0.0,0.0,0.0,0.0,0.0,0.0,2.0,164.1,,
2026-08-01,2026-08-01T00:00:55,17,FPO,166749,Mackenzie Morris,884,145,9.0,0.0,0.0,0.0,0.0,0.0,0.0,9.0,151.3,,
2026-08-01,2026-08-01T00:00:55,17,FPO,167255,AK Kaestner,820,173,2.0,0.0,0.0,0.0,0.0,0.0,0.0,2.0,178.0,,
2026-08-01,2026-08-01T00:00:55,17,FPO,168863,Trinity Bryant,921,47,235.0,6e-05,0.0,0.52147,2e-05,5e-05,0.0,291.8,52.4,96416;97344;96418,
2026-08-01,2026-08-01T00:00:55,17,FPO,170182,Rebecca Minnick,865,109,29.0,0.0,0.0,0.0,0.0,0.0,0.0,29.0,114.1,,
2026-08-01,2026-08-01T00:00:55,17,FPO,173601,Marie Kielas,914,89,51.0,0.0,0.0,0.0,0.0,0.0,0.0,51.0,94.4,,
2026-08-01,2026-08-01T00:00:55,17,FPO,176242,Morgan Lynds,931,73,87.75,1e-05,0.0,0.00145,0.0,0.0,0.0,135.3,68.9,96414;97344,
2026-08-01,2026-08-01T00:00:55,17,FPO,176243,Jordan Lynds,945,60,113.25,0.0041,0.0,0.08598,0.00029,0.00371,0.0,243.1,56.7,96414;97344,
2026-08-01,2026-08-01T00:00:55,17,FPO,176481,Karissa Dedmon,917,86,59.0,0.0,0.0,0.0,0.0,0.0,0.0,64.9,90.3,97344,
2026-08-01,2026-08-01T00:00:55,17,FPO,178707,Joleigh Miller,929,65,102.0,0.0,0.0,0.0,0.0,0.0,0.0,102.0,77.0,,
2026-08-01,2026-08-01T00:00:55,17,FPO,178748,Kendyl Sullivan,887,163,2.0,0.0,0.0,0.0,0.0,0.0,0.0,2.0,167.0,,
2026-08-01,2026-08-01T00:00:55,17,FPO,179200,Jamie Williams,863,181,0.0,0.0,0.0,0.0,0.0,0.0,0.0,0.0,199.0,,
2026-08-01,2026-08-01T00:00:55,17,FPO,179873,Jenny Larsson,921,88,54.0,0.0,0.0,0.0,0.0,0.0,0.0,54.0,93.2,,
2026-08-01,2026-08-01T00:00:55,17,FPO,181772,Ida Emilie Nesse,948,37,334.0,0.04728,0.00287,1.0,0.9792,0.03835,0.0,724.4,30.1,96414;96415;96416;97344;96417;96418,
2026-08-01,2026-08-01T00:00:55,17,FPO,182450,Kajsa Wahl,893,102,36.75,0.0,0.0,0.0,0.0,0.0,0.0,36.8,106.7,,
2026-08-01,2026-08-01T00:00:55,17,FPO,182582,Addison Clark,824,212,0.0,0.0,0.0,0.0,0.0,0.0,0.0,16.5,140.3,96417,
2026-08-01,2026-08-01T00:00:55,17,FPO,184609,Elva-Kate Preston,908,63,112.25,0.0,0.0,0.0,0.0,0.0,0.0,134.7,67.5,96414;96415;97344,
2026-08-01,2026-08-01T00:00:55,17,FPO,184736,Jennifer Smiley,934,36,337.75,0.0019,0.0,1.0,0.1456,0.0014,0.0,485.1,40.1,96415;96416;97344;96417;96418,
2026-08-01,2026-08-01T00:00:55,17,FPO,185057,Josefine Johansson,934,76,81.0,0.0,0.0,0.00037,0.0,0.0,0.0,105.0,76.7,97344,
2026-08-01,2026-08-01T00:00:55,17,FPO,185534,Sofia Donnecke,961,24,547.5,0.15462,0.00024,1.0,0.98953,0.14929,0.0,710.1,30.9,96418,
2026-08-01,2026-08-01T00:00:55,17,FPO,185627,Athena Cuevas,866,137,14.0,0.0,0.0,0.0,0.0,0.0,0.0,14.0,142.9,,
2026-08-01,2026-08-01T00:00:55,17,FPO,186277,Kassandra Fog Wichmann,871,149,6.0,0.0,0.0,0.0,0.0,0.0,0.0,6.0,154.8,,
2026-08-01,2026-08-01T00:00:55,17,FPO,186629,Sanne Dalseth,880,139,13.5,0.0,0.0,0.0,0.0,0.0,0.0,13.5,144.3,,
2026-08-01,2026-08-01T00:00:55,17,FPO,188837,JJ Sun,883,184,0.0,0.0,0.0,0.0,0.0,0.0,0.0,0.0,208.0,,
2026-08-01,2026-08-01T00:00:55,17,FPO,189702,Taylor Chocek,947,15,749.95,0.21836,0.20648,1.0,1.0,0.0116,0.0,951.4,20.3,96414;96415;96416;96418;96419,
2026-08-01,2026-08-01T00:00:55,17,FPO,193215,Lexi Marx,929,113,25.5,2e-05,0.0,0.00017,0.0,1e-05,0.0,94.9,80.4,96414;96415;97344,
2026-08-01,2026-08-01T00:00:55,17,FPO,195549,Kylie Kohut,933,42,290.0,0.00057,0.0,1.0,0.00863,0.00047,0.0,408.5,44.3,96414;96415;96416;96418,
2026-08-01,2026-08-01T00:00:55,17,FPO,195550,Peyton Kohut,913,85,62.5,0.0,0.0,0.0,0.0,0.0,0.0,116.7,72.4,96414;96415;96416,
2026-08-01,2026-08-01T00:00:55,17,FPO,196237,Kaire Tekku,923,79,78.75,0.0,0.0,0.0,0.0,0.0,0.0,78.8,85.5,,
2026-08-01,2026-08-01T00:00:55,17,FPO,197689,Isabella Parker,877,129,18.0,0.0,0.0,0.0,0.0,0.0,0.0,18.0,135.4,,
2026-08-01,2026-08-01T00:00:55,17,FPO,198446,Eliezra Midtlyng,948,12,833.58,0.77371,0.77313,1.0,1.0,0.00055,0.0,1049.1,16.7,96414;96415;96416;97344;96417;96418;96419,
2026-08-01,2026-08-01T00:00:55,17,FPO,198721,Hannah Kellar,898,100,38.0,0.0,0.0,0.0,0.0,0.0,0.0,38.0,105.4,,
2026-08-01,2026-08-01T00:00:55,17,FPO,202571,Elizabete Pēkšena,932,50,205.5,0.00025,0.0,0.06162,3e-05,0.00021,0.0,247.1,56.0,97344;96418,
2026-08-01,2026-08-01T00:00:55,17,FPO,208576,Rebecca Don,961,9,926.99,0.99861,0.99861,1.0,1.0,0.0,0.0,1205.7,11.6,96414;96415;96416;97344;96418;96419,
2026-08-01,2026-08-01T00:00:55,17,FPO,209432,Eden Fletcher,905,101,38.0,0.0,0.0,0.0,0.0,0.0,0.0,38.0,104.8,,
2026-08-01,2026-08-01T00:00:55,17,FPO,209462,Erika Apple,854,172,2.0,0.0,0.0,0.0,0.0,0.0,0.0,2.0,176.5,,
2026-08-01,2026-08-01T00:00:55,17,FPO,210287,Mara Neal,864,165,2.0,0.0,0.0,0.0,0.0,0.0,0.0,2.0,174.3,,
2026-08-01,2026-08-01T00:00:55,17,FPO,210972,Kristýna Jurčíková,970,38,331.0,0.2709,0.00079,1.0,0.67089,0.24513,0.0,653.5,33.2,97344;96418,
2026-08-01,2026-08-01T00:00:55,17,FPO,214417,Fleur Verberk,899,199,0.0,0.0,0.0,0.0,0.0,0.0,0.0,2.3,186.8,97344,
2026-08-01,2026-08-01T00:00:55,17,FPO,215439,Sheliemae Lai,946,71,92.0,0.0,0.0,0.0,0.0,0.0,0.0,92.0,79.1,,
2026-08-01,2026-08-01T00:00:55,17,FPO,215495,Kelsey Martin,877,206,0.0,0.0,0.0,0.0,0.0,0.0,0.0,2.0,180.1,97344,
2026-08-01,2026-08-01T00:00:55,17,FPO,216558,Iida Lehtomäki,963,29,430.25,0.12061,0.0,1.0,0.41215,0.10916,0.0,575.6,36.5,97344;96418,
2026-08-01,2026-08-01T00:00:55,17,FPO,217892,Katie Tews,892,114,25.5,0.0,0.0,0.0,0.0,0.0,0.0,25.5,119.4,,
2026-08-01,2026-08-01T00:00:55,17,FPO,218760,Sarah Duran,865,142,11.0,0.0,0.0,0.0,0.0,0.0,0.0,11.0,148.2,,
2026-08-01,2026-08-01T00:00:55,17,FPO,218779,Amanda Brightwell,831,168,2.0,0.0,0.0,0.0,0.0,0.0,0.0,2.0,176.0,,
2026-08-01,2026-08-01T00:00:55,17,FPO,219693,Anna Damberga,864,125,21.0,0.0,0.0,0.0,0.0,0.0,0.0,21.0,130.1,,
2026-08-01,2026-08-01T00:00:55,17,FPO,221583,Evie Lou Ramey,894,187,0.0,0.0,0.0,0.0,0.0,0.0,0.0,0.0,211.0,,
2026-08-01,2026-08-01T00:00:55,17,FPO,222693,Tanisha Platero,856,159,2.0,0.0,0.0,0.0,0.0,0.0,0.0,2.0,162.0,,
2026-08-01,2026-08-01T00:00:55,17,FPO,222973,Martje Sumowski,913,107,33.0,0.0,0.0,0.0,0.0,0.0,0.0,33.0,112.2,,
2026-08-01,2026-08-01T00:00:55,17,FPO,223975,Laura Tatiana Niño Carranza,875,154,2.0,0.0,0.0,0.0,0.0,0.0,0.0,4.0,158.9,97344,
2026-08-01,2026-08-01T00:00:55,17,FPO,224238,Julia Fors,962,30,428.5,0.15593,0.0011,1.0,0.87397,0.14506,0.0,687.5,31.8,97344;96418,
2026-08-01,2026-08-01T00:00:55,17,FPO,225016,Naomi Suyat,869,183,0.0,0.0,0.0,0.0,0.0,0.0,0.0,0.0,207.0,,
2026-08-01,2026-08-01T00:00:55,17,FPO,227315,Sarah Wadsworth,901,188,0.0,0.0,0.0,0.0,0.0,0.0,0.0,9.6,151.6,96415,
2026-08-01,2026-08-01T00:00:55,17,FPO,228486,Stefani Ewell,857,143,10.0,0.0,0.0,0.0,0.0,0.0,0.0,10.0,149.2,,
2026-08-01,2026-08-01T00:00:55,17,FPO,229526,Sintija Klezberga,955,16,737.5,0.77757,0.77559,1.0,1.0,0.00171,0.0,1053.6,16.5,96414;96415;97344;96417;96418;96419,
2026-08-01,2026-08-01T00:00:55,17,FPO,231650,Tailey Rowley,911,68,96.25,0.0,0.0,3e-05,0.0,0.0,0.0,121.9,70.8,96414;96415;97344,
2026-08-01,2026-08-01T00:00:55,17,FPO,232666,Rebecka Hoppe,850,150,6.0,0.0,0.0,0.0,0.0,0.0,0.0,6.0,155.7,,
2026-08-01,2026-08-01T00:00:55,17,FPO,232722,Julia Hauch,911,203,0.0,0.0,0.0,0.0,0.0,0.0,0.0,3.8,177.5,97344,
2026-08-01,2026-08-01T00:00:55,17,FPO,235368,Madalyn Payton,896,174,0.0,0.0,0.0,0.0,0.0,0.0,0.0,0.0,206.0,,
2026-08-01,2026-08-01T00:00:55,17,FPO,238187,Ann Deputy,918,78,80.25,0.0,0.0,0.0,0.0,0.0,0.0,86.8,81.9,97344,
2026-08-01,2026-08-01T00:00:55,17,FPO,240590,Amelia Saechao,873,117,24.0,0.0,0.0,0.0,0.0,0.0,0.0,24.0,121.1,,
2026-08-01,2026-08-01T00:00:55,17,FPO,242116,Eva Lutsenko,924,122,21.75,0.0,0.0,0.0,0.0,0.0,0.0,21.8,128.1,,
2026-08-01,2026-08-01T00:00:55,17,FPO,242331,Ida Kennmark,867,138,13.5,0.0,0.0,0.0,0.0,0.0,0.0,13.5,144.6,,
2026-08-01,2026-08-01T00:00:55,17,FPO,245180,Chelsea Sutton,859,169,2.0,0.0,0.0,0.0,0.0,0.0,0.0,2.0,169.0,,
2026-08-01,2026-08-01T00:00:55,17,FPO,245306,Netta Leppäaho,945,64,105.75,0.0,0.0,0.0,0.0,0.0,0.0,105.8,75.3,,
2026-08-01,2026-08-01T00:00:55,17,FPO,245317,Sophi Stephenson,859,140,12.0,0.0,0.0,0.0,0.0,0.0,0.0,12.0,146.1,,
2026-08-01,2026-08-01T00:00:55,17,FPO,254333,Jess Zilch,874,127,19.5,0.0,0.0,0.0,0.0,0.0,0.0,19.5,132.2,,
2026-08-01,2026-08-01T00:00:55,17,FPO,255962,Samantha Zaborowski,901,210,0.0,0.0,0.0,0.0,0.0,0.0,0.0,2.4,193.7,97344,
2026-08-01,2026-08-01T00:00:55,17,FPO,256846,Lea Tomas,888,207,0.0,0.0,0.0,0.0,0.0,0.0,0.0,2.0,196.1,97344,
2026-08-01,2026-08-01T00:00:55,17,FPO,259972,Marion Mattsson,858,141,11.25,0.0,0.0,0.0,0.0,0.0,0.0,11.2,147.2,,
2026-08-01,2026-08-01T00:00:55,17,FPO,261058,Jessica Erickson,891,91,49.0,0.0,0.0,0.0,0.0,0.0,0.0,49.0,97.3,,
2026-08-01,2026-08-01T00:00:55,17,FPO,261216,Victoria Christensen,863,132,17.25,0.0,0.0,0.0,0.0,0.0,0.0,17.2,137.8,,
2026-08-01,2026-08-01T00:00:55,17,FPO,268900,Natalie Berg,883,126,19.5,0.0,0.0,0.0,0.0,0.0,0.0,19.5,131.2,,
2026-08-01,2026-08-01T00:00:55,17,FPO,269838,Daisy Kelly,882,182,0.0,0.0,0.0,0.0,0.0,0.0,0.0,0.0,200.0,,
2026-08-01,2026-08-01T00:00:55,17,FPO,277832,Chandler Reigh,939,25,473.25,0.01453,6e-05,1.0,0.99226,0.01307,0.0,681.8,32.2,96414;96415;96416;97344;96417;96418,
2026-08-01,2026-08-01T00:00:55,17,FPO,278450,Brit Hamburg-Kiin,854,111,28.5,0.0,0.0,0.0,0.0,0.0,0.0,28.5,115.2,,
2026-08-01,2026-08-01T00:00:55,17,FPO,279466,Gry Nagel,820,131,18.0,0.0,0.0,0.0,0.0,0.0,0.0,18.0,135.2,,
2026-08-01,2026-08-01T00:00:55,17,FPO,281626,Una Lokmane,878,110,28.5,0.0,0.0,0.0,0.0,0.0,0.0,28.5,116.1,,
2026-08-01,2026-08-01T00:00:55,17,FPO,284553,Katherine Aydelott,861,148,6.0,0.0,0.0,0.0,0.0,0.0,0.0,6.0,156.2,,
2026-08-01,2026-08-01T00:00:55,17,FPO,286978,Michelle Southworth,800,167,2.0,0.0,0.0,0.0,0.0,0.0,0.0,2.0,175.0,,
2026-08-01,2026-08-01T00:00:55,17,FPO,288014,Jordan Coomes,840,128,18.0,0.0,0.0,0.0,0.0,0.0,0.0,18.0,133.6,,
2026-08-01,2026-08-01T00:00:55,17,FPO,297287,Marta Villa,856,164,2.0,0.0,0.0,0.0,0.0,0.0,0.0,2.0,171.7,,
2026-08-01,2026-08-01T00:00:55,17,FPO,302765,Grace Wilson,891,200,0.0,0.0,0.0,0.0,0.0,0.0,0.0,2.1,189.1,97344,
2026-08-01,2026-08-01T00:00:55,17,FPO,308525,Saga Dahlstedt,917,58,127.5,0.0,0.0,0.0,0.0,0.0,0.0,127.5,68.8,,
2026-08-01,2026-08-01T00:00:55,17,FPO,311218,Mina Alme,902,104,35.25,0.0,0.0,0.0,0.0,0.0,0.0,35.2,109.5,,
2026-08-02,2026-08-02T00:19:34,17,FPO,3024,Chris O'Cleary,914,196,0.0,0.0,0.0,0.0,0.0,0.0,0.0,4.7,184.8,97344,
2026-08-02,2026-08-02T00:19:34,17,FPO,3090,Elaine King,888,197,0.0,0.0,0.0,0.0,0.0,0.0,0.0,2.0,187.7,97344,
2026-08-02,2026-08-02T00:19:34,17,FPO,8803,Ruth Steele,872,162,2.0,0.0,0.0,0.0,0.0,0.0,0.0,2.0,167.8,,
2026-08-02,2026-08-02T00:19:34,17,FPO,15354,Jennifer Allen,967,39,313.0,0.19794,0.00014,0.99995,0.48702,0.17965,0.0,599.9,35.5,97344;96418,
2026-08-02,2026-08-02T00:19:34,17,FPO,27832,Kona Star Montgomery,949,23,553.0,0.17999,0.15447,1.0,1.0,0.02264,0.0,925.4,21.4,96414;96415;96416;97344;96417;96418;96419,
2026-08-02,2026-08-02T00:19:34,17,FPO,29190,Paige Pierce,968,19,693.17,0.8438,0.83572,1.0,1.0,0.00808,0.0,1088.4,15.3,96414;96416;97344;96418;96419,
2026-08-02,2026-08-02T00:19:34,17,FPO,29947,Stephanie Vincent,925,112,28.0,0.0,0.0,0.0,0.0,0.0,0.0,28.0,117.2,,
2026-08-02,2026-08-02T00:19:34,17,FPO,31041,Sheila Teves,883,180,0.0,0.0,0.0,0.0,0.0,0.0,0.0,0.0,212.0,,
2026-08-02,2026-08-02T00:19:34,17,FPO,32654,Lisa Fajkus,958,22,593.83,0.29742,0.24264,1.0,1.0,0.04699,0.0,951.6,20.4,96414;96415;96416;96417;96418;96419,
2026-08-02,2026-08-02T00:19:34,17,FPO,32917,Rebecca Cox,951,32,397.0,0.07647,0.01587,1.0,0.99906,0.05241,0.0,796.4,26.7,96414;96415;96416;97344;96417;96418;96419,
2026-08-02,2026-08-02T00:19:34,17,FPO,32925,Lindsay Fish,882,155,2.0,0.0,0.0,0.0,0.0,0.0,0.0,2.0,184.5,,
2026-08-02,2026-08-02T00:19:34,17,FPO,34563,Sarah Hokom,949,67,101.0,0.02116,0.0,0.9105,0.06302,0.01405,0.0,422.1,44.0,96414;96415;96416;97344;96417;96418,
2026-08-02,2026-08-02T00:19:34,17,FPO,35321,Sofie Björlycke,936,75,83.25,0.0,0.0,0.0,0.0,0.0,0.0,83.2,82.0,,
2026-08-02,2026-08-02T00:19:34,17,FPO,35774,Camilla Jernberg,873,147,7.5,0.0,0.0,0.0,0.0,0.0,0.0,7.5,153.4,,
2026-08-02,2026-08-02T00:19:34,17,FPO,36307,Amanda Branch,887,193,0.0,0.0,0.0,0.0,0.0,0.0,0.0,2.0,188.7,97344,
2026-08-02,2026-08-02T00:19:34,17,FPO,39504,Zoe AnDyke,930,80,77.0,0.0,0.0,0.0,0.0,0.0,0.0,77.0,86.8,,
2026-08-02,2026-08-02T00:19:34,17,FPO,43995,Taylor Foth,902,178,0.0,0.0,0.0,0.0,0.0,0.0,0.0,0.0,201.0,,
2026-08-02,2026-08-02T00:19:34,17,FPO,44184,Catrina Allen,961,7,1024.58,1.0,1.0,1.0,1.0,0.0,0.0,1329.2,8.9,96414;96415;96416;97344;96417;96418;96419,
2026-08-02,2026-08-02T00:19:34,17,FPO,45407,Brittney Armentrout,851,158,2.0,0.0,0.0,0.0,0.0,0.0,0.0,2.0,163.0,,
2026-08-02,2026-08-02T00:19:34,17,FPO,48199,Alison Blakeman,870,185,0.0,0.0,0.0,0.0,0.0,0.0,0.0,0.0,210.0,,
2026-08-02,2026-08-02T00:19:34,17,FPO,48976,Ohn Scoggins,990,3,1489.0,1.0,1.0,1.0,1.0,0.0,0.27677,2204.2,2.0,96414;96415;96416;97344;96417;96418;96419,
2026-08-02,2026-08-02T00:19:34,17,FPO,50656,Jessica Gurthie,955,17,734.0,1.0,0.85228,1.0,1.0,0.00094,0.0,1084.9,15.4,96414;96415;96416;97344;96417;96418;96419,
2026-08-02,2026-08-02T00:19:34,17,FPO,51277,Holly Finley,929,49,214.0,0.00027,0.0,0.87133,0.00068,0.00017,0.0,325.9,49.9,96414;97344;96417;96418,
2026-08-02,2026-08-02T00:19:34,17,FPO,58303,Sai Ananda,949,66,102.0,0.00399,0.0,0.01503,5e-05,0.00354,0.0,176.1,64.2,97344,
2026-08-02,2026-08-02T00:19:34,17,FPO,59227,Henna Blomroos,969,10,890.0,1.0,0.99958,1.0,1.0,0.0,0.0,1230.7,10.9,96414;97344;96418;96419,
2026-08-02,2026-08-02T00:19:34,17,FPO,59431,Madison Walker,951,20,652.83,0.09402,0.04363,1.0,1.0,0.04439,0.0,869.7,23.6,96415;96416;97344;96417;96418;96419,
2026-08-02,2026-08-02T00:19:34,17,FPO,60798,Madison Tomaino,921,74,83.5,0.0,0.0,0.0,0.0,0.0,0.0,120.1,71.7,96416,
2026-08-02,2026-08-02T00:19:34,17,FPO,61144,Emily Beach,901,175,0.0,0.0,0.0,0.0,0.0,0.0,0.0,0.0,205.0,,
2026-08-02,2026-08-02T00:19:34,17,FPO,61990,Katka Boďová,916,93,48.0,0.0,0.0,0.0,0.0,0.0,0.0,48.0,98.5,,
2026-08-02,2026-08-02T00:19:34,17,FPO,62879,Valerie Mandujano,975,13,799.16,1.0,1.0,1.0,1.0,0.0,0.0,1439.7,7.5,96414;96415;96416;97344;96417;96418;96419,
2026-08-02,2026-08-02T00:19:34,17,FPO,62880,Alexis Mandujano,960,35,352.5,0.23818,0.12647,1.0,0.99985,0.09376,0.0,889.1,22.9,96414;96415;96416;97344;96417;96418;96419,
2026-08-02,2026-08-02T00:19:34,17,FPO,63257,Maria Oliva,920,46,237.0,3e-05,0.0,0.98638,0.00021,0.0,0.0,333.2,49.3,96415;96416;97344;96417;96418,
2026-08-02,2026-08-02T00:19:34,17,FPO,64927,Eveliina Salonen,988,6,1164.67,1.0,1.0,1.0,1.0,0.0,0.0,1689.9,5.5,96414;97344;96418;96419,
2026-08-02,2026-08-02T00:19:34,17,FPO,65489,Lauren Butler,916,55,157.75,2e-05,0.0,0.00689,0.0,0.0,0.0,213.9,58.5,96414;96415;97344;96417,
2026-08-02,2026-08-02T00:19:34,17,FPO,66063,Ashlee Johnson,859,179,0.0,0.0,0.0,0.0,0.0,0.0,0.0,0.0,202.0,,
2026-08-02,2026-08-02T00:19:34,17,FPO,66599,Heidi Laine,959,11,834.75,0.9858,0.98578,1.0,1.0,2e-05,0.0,1154.6,13.1,96414;96415;96416;97344;96418;96419,
2026-08-02,2026-08-02T00:19:34,17,FPO,69584,Danielle Weigandt,853,161,2.0,0.0,0.0,0.0,0.0,0.0,0.0,2.0,165.9,,
2026-08-02,2026-08-02T00:19:34,17,FPO,71262,Erika Stinchcomb,920,45,261.25,3e-05,0.0,0.99941,0.00051,3e-05,0.0,354.5,47.8,96414;96415;96416;97344;96417;96418,
2026-08-02,2026-08-02T00:19:34,17,FPO,72635,Kersti Miller,890,105,34.5,0.0,0.0,0.0,0.0,0.0,0.0,34.5,110.6,,
2026-08-02,2026-08-02T00:19:34,17,FPO,74708,Casey Pennington,916,99,39.5,0.0,0.0,0.0,0.0,0.0,0.0,39.5,103.7,,
2026-08-02,2026-08-02T00:19:34,17,FPO,75029,Cynthia Ricciotti,917,59,117.25,0.0,0.0,0.00104,0.0,0.0,0.0,171.7,62.4,96414;96415;97344;96417,
2026-08-02,2026-08-02T00:19:34,17,FPO,76009,Virginia Polkinghorne,884,186,0.0,0.0,0.0,0.0,0.0,0.0,0.0,0.0,209.0,,
2026-08-02,2026-08-02T00:19:34,17,FPO,77385,Matilda Ringbom,947,44,274.0,0.00958,0.0,0.37762,0.00028,0.00906,0.0,331.4,49.7,96418,
2026-08-02,2026-08-02T00:19:34,17,FPO,78232,Tiger Borth,899,124,21.0,0.0,0.0,0.0,0.0,0.0,0.0,23.3,125.0,97344,
2026-08-02,2026-08-02T00:19:34,17,FPO,79233,Cadence Burge,971,69,95.25,0.36799,0.00222,0.9952,0.65915,0.27056,0.0,658.5,32.9,96415;96416;97344;96417;96418,
2026-08-02,2026-08-02T00:19:34,17,FPO,80935,Lindsey Maas,902,108,32.25,0.0,0.0,0.0,0.0,0.0,0.0,44.1,101.5,96414;97344,
2026-08-02,2026-08-02T00:19:34,17,FPO,82809,Alex von Stade,893,121,22.0,0.0,0.0,0.0,0.0,0.0,0.0,22.0,126.9,,
2026-08-02,2026-08-02T00:19:34,17,FPO,83376,Cassandra Lioi,890,146,8.0,0.0,0.0,0.0,0.0,0.0,0.0,8.0,152.4,,
2026-08-02,2026-08-02T00:19:34,17,FPO,84279,Kaidi Allsalu,956,51,203.62,0.04307,0.0,0.0,0.0,0.04045,0.0,298.9,52.2,,
2026-08-02,2026-08-02T00:19:34,17,FPO,85189,Samantha Bonacci,870,133,16.5,0.0,0.0,0.0,0.0,0.0,0.0,16.5,139.6,,
2026-08-02,2026-08-02T00:19:34,17,FPO,85484,Anneli Tõugjas-Männiste,957,26,457.5,0.13287,0.01868,1.0,0.99988,0.09556,0.0,806.8,26.3,96414;96415;97344;96417;96418;96419,
2026-08-02,2026-08-02T00:19:34,17,FPO,85942,Missy Gannon,985,4,1384.83,1.0,1.0,1.0,1.0,0.0,0.00082,1897.9,4.1,96414;96415;96416;97344;96417;96418;96419,
2026-08-02,2026-08-02T00:19:34,17,FPO,87094,Rose Shertick,918,209,0.0,0.0,0.0,0.0,0.0,0.0,0.0,6.5,182.0,97344,
2026-08-02,2026-08-02T00:19:34,17,FPO,87443,Andrea Cammack,874,160,2.0,0.0,0.0,0.0,0.0,0.0,0.0,2.0,161.3,,
2026-08-02,2026-08-02T00:19:34,17,FPO,94085,Keiti Tätte,957,53,184.12,0.02225,0.0,0.0,0.0,0.02092,0.0,230.6,57.7,,
2026-08-02,2026-08-02T00:19:34,17,FPO,96090,Sonja Laine,899,103,36.0,0.0,0.0,0.0,0.0,0.0,0.0,36.0,108.2,,
2026-08-02,2026-08-02T00:19:34,17,FPO,96480,Tori Pasquin,833,171,2.0,0.0,0.0,0.0,0.0,0.0,0.0,2.0,171.0,,
2026-08-02,2026-08-02T00:19:34,17,FPO,97238,Jannicke Hjemli,862,144,9.75,0.0,0.0,0.0,0.0,0.0,0.0,9.8,150.2,,
2026-08-02,2026-08-02T00:19:34,17,FPO,99441,Lykke Lorentzen,923,92,48.0,0.0,0.0,0.0,0.0,0.0,0.0,57.9,93.4,97344,
2026-08-02,2026-08-02T00:19:34,17,FPO,99455,Kat Mertsch,964,8,1004.67,1.0,1.0,1.0,1.0,0.0,0.0,1326.1,9.0,96414;96415;96416;97344;96417;96418;96419,
2026-08-02,2026-08-02T00:19:34,17,FPO,101949,Ratana McMahon,885,56,129.75,0.0,0.0,0.0,0.0,0.0,0.0,134.5,67.1,96415,
2026-08-02,2026-08-02T00:19:34,17,FPO,102024,Danielle Keen,896,177,0.0,0.0,0.0,0.0,0.0,0.0,0.0,0.0,203.0,,
2026-08-02,2026-08-02T00:19:34,17,FPO,103743,Karen Martel,926,136,15.0,0.0,0.0,0.0,0.0,0.0,0.0,27.7,126.6,97344,
2026-08-02,2026-08-02T00:19:34,17,FPO,104187,Macie Velediaz,957,41,294.67,0.07702,2e-05,1.0,0.39556,0.0598,0.0,553.8,37.5,97344;96417;96418,
2026-08-02,2026-08-02T00:19:34,17,FPO,104314,Violet Main,945,40,301.0,0.00951,0.0,1.0,0.05253,0.00669,0.0,439.8,42.7,96414;97344;96417;96418,
2026-08-02,2026-08-02T00:19:34,17,FPO,104814,Ellie Bryant,904,118,23.75,0.0,0.0,0.0,0.0,0.0,0.0,23.8,122.8,,
2026-08-02,2026-08-02T00:19:34,17,FPO,105126,Aria Castruita,949,94,46.5,0.0,0.0,0.0,0.0,0.0,0.0,46.5,99.6,,
2026-08-02,2026-08-02T00:19:34,17,FPO,106489,Anna Pinter,875,123,21.75,0.0,0.0,0.0,0.0,0.0,0.0,21.8,128.7,,
2026-08-02,2026-08-02T00:19:34,17,FPO,107297,Maria Liivamägi,857,116,24.0,0.0,0.0,0.0,0.0,0.0,0.0,24.0,121.2,,
2026-08-02,2026-08-02T00:19:34,17,FPO,107335,Silva Saarinen,991,2,1585.84,1.0,1.0,1.0,1.0,0.0,0.63438,2275.6,1.5,96414;96415;96416;97344;96418;96419,
2026-08-02,2026-08-02T00:19:34,17,FPO,107780,Shelbi Dutton,932,191,0.0,6e-05,0.0,0.0,0.0,0.0,0.0,29.3,120.9,96415,
2026-08-02,2026-08-02T00:19:34,17,FPO,108871,Brook Johnson,905,115,24.0,0.0,0.0,0.0,0.0,0.0,0.0,26.7,117.9,97344,
2026-08-02,2026-08-02T00:19:34,17,FPO,109337,Cathy Kuhn,860,176,0.0,0.0,0.0,0.0,0.0,0.0,0.0,0.0,204.0,,
2026-08-02,2026-08-02T00:19:34,17,FPO,109996,Anniken Kristiansen Steen,964,18,700.29,0.26546,0.1393,1.0,1.0,0.12388,0.0,914.1,21.8,97344;96418;96419,
2026-08-02,2026-08-02T00:19:34,17,FPO,111487,Emily Weatherman,958,14,777.83,0.96474,0.9646,1.0,1.0,0.00013,0.0,1144.0,13.5,96414;96415;96416;97344;96417;96418;96419,
2026-08-02,2026-08-02T00:19:34,17,FPO,112647,Hanna Huynh,962,21,600.0,0.89249,0.88944,1.0,1.0,0.00264,0.0,1115.9,14.5,96414;96415;96416;97344;96417;96418;96419,
2026-08-02,2026-08-02T00:19:34,17,FPO,115503,Olivia Kindstedt,946,52,189.0,0.00769,0.0,0.15619,0.00081,0.0069,0.0,291.7,52.7,97344,
2026-08-02,2026-08-02T00:19:34,17,FPO,116694,Kristi Unt,925,95,45.0,0.0,0.0,0.0,0.0,0.0,0.0,45.0,100.8,,
2026-08-02,2026-08-02T00:19:34,17,FPO,121554,Elina Rydberg,898,119,23.25,0.0,0.0,0.0,0.0,0.0,0.0,23.2,123.8,,
2026-08-02,2026-08-02T00:19:34,17,FPO,124064,Shelby Cowen,914,57,129.0,3e-05,0.0,8e-05,0.0,1e-05,0.0,180.8,61.4,96414;96415;96417,
2026-08-02,2026-08-02T00:19:34,17,FPO,126226,Kati Chachere,843,170,2.0,0.0,0.0,0.0,0.0,0.0,0.0,2.0,170.0,,
2026-08-02,2026-08-02T00:19:34,17,FPO,128395,Michelle Saggboy,894,156,2.0,0.0,0.0,0.0,0.0,0.0,0.0,2.0,168.7,,
2026-08-02,2026-08-02T00:19:34,17,FPO,128532,Maarja Soasepp,905,96,42.0,0.0,0.0,0.0,0.0,0.0,0.0,42.0,102.4,,
2026-08-02,2026-08-02T00:19:34,17,FPO,130187,Kat Johnson,910,204,0.0,0.0,0.0,0.0,0.0,0.0,0.0,3.5,177.2,97344,
2026-08-02,2026-08-02T00:19:34,17,FPO,130342,Chantel Budinsky,957,87,58.5,0.06084,0.0,0.36985,0.01227,0.04421,0.0,355.6,48.6,96414;97344;96417,
2026-08-02,2026-08-02T00:19:34,17,FPO,130822,Hannah Manis,932,201,0.0,2e-05,0.0,2e-05,0.0,0.0,0.0,20.2,150.0,97344,
2026-08-02,2026-08-02T00:19:34,17,FPO,131583,Hannah Lengel,954,189,0.0,0.00902,0.0,0.0,0.0,0.00049,0.0,112.7,75.1,96414;96417,
2026-08-02,2026-08-02T00:19:34,17,FPO,132291,Ashley Phelps,904,120,23.0,0.0,0.0,0.0,0.0,0.0,0.0,23.0,125.3,,
2026-08-02,2026-08-02T00:19:34,17,FPO,132627,Jenn Cazanov-Diggs,905,153,2.0,0.0,0.0,0.0,0.0,0.0,0.0,2.0,189.6,,
2026-08-02,2026-08-02T00:19:34,17,FPO,133547,Holyn Handley,986,1,1668.34,1.0,1.0,1.0,1.0,0.0,0.08803,2121.5,2.6,96414;96415;96416;97344;96418;96419,
2026-08-02,2026-08-02T00:19:34,17,FPO,133701,Nathalie Ortiz,907,83,64.25,0.0,0.0,0.0,0.0,0.0,0.0,64.2,89.6,,
2026-08-02,2026-08-02T00:19:34,17,FPO,135383,Emma Arp,912,151,5.0,0.0,0.0,0.0,0.0,0.0,0.0,5.0,157.8,,
2026-08-02,2026-08-02T00:19:34,17,FPO,138272,Raven Klein,941,27,452.5,0.01901,0.00056,1.0,0.99705,0.01677,0.0,715.3,30.5,96414;96415;96416;97344;96417;96418,
2026-08-02,2026-08-02T00:19:34,17,FPO,139109,Leah Tsinajinnie,927,82,71.0,0.0,0.0,8e-05,0.0,0.0,0.0,101.9,77.5,96414;97344,
2026-08-02,2026-08-02T00:19:34,17,FPO,139387,Hanna Jansson,903,90,50.25,0.0,0.0,0.0,0.0,0.0,0.0,50.2,95.6,,
2026-08-02,2026-08-02T00:19:34,17,FPO,139738,Megan Dophal,908,208,0.0,0.0,0.0,0.0,0.0,0.0,0.0,3.2,189.4,97344,
2026-08-02,2026-08-02T00:19:34,17,FPO,140660,María Eldey Kristínardóttir,916,72,91.5,0.0,0.0,0.0,0.0,0.0,0.0,91.5,80.2,,
2026-08-02,2026-08-02T00:19:34,17,FPO,140947,Nina Bennett,946,97,40.5,0.00802,0.0,0.08355,0.00052,0.00481,0.0,236.5,57.5,96414;97344;96417,
2026-08-02,2026-08-02T00:19:34,17,FPO,142259,Katheryn Maloney,901,205,0.0,0.0,0.0,0.0,0.0,0.0,0.0,2.4,179.0,97344,
2026-08-02,2026-08-02T00:19:34,17,FPO,142354,Alexis Kerman,921,54,176.0,5e-05,0.0,0.33119,1e-05,2e-05,0.0,280.0,53.5,96414;96415;96416;97344;96417;96418,
2026-08-02,2026-08-02T00:19:34,17,FPO,143423,Ember Simonis,916,198,0.0,0.0,0.0,0.0,0.0,0.0,0.0,5.5,178.4,97344,
2026-08-02,2026-08-02T00:19:34,17,FPO,143720,Jessica Kinard,906,192,0.0,0.0,0.0,0.0,0.0,0.0,0.0,22.8,128.1,96416,
2026-08-02,2026-08-02T00:19:34,17,FPO,144112,Ella Hansen,976,5,1310.41,1.0,1.0,1.0,1.0,0.0,0.0,1692.9,5.5,96414;96415;96416;97344;96418;96419,
2026-08-02,2026-08-02T00:19:34,17,FPO,144791,Emily Yale,893,70,92.0,0.0,0.0,0.0,0.0,0.0,0.0,121.1,70.9,96415;96416;97344,
2026-08-02,2026-08-02T00:19:34,17,FPO,146137,Dani K. Hart,951,28,451.5,0.06894,0.0072,1.0,0.99991,0.0536,0.0,782.5,27.3,96414;96415;96416;97344;96417;96418;96419,
2026-08-02,2026-08-02T00:19:34,17,FPO,146304,MJ Gager,933,34,355.83,0.00062,0.0,1.0,0.00676,0.00045,0.0,410.0,44.3,96415;97344;96418,
2026-08-02,2026-08-02T00:19:34,17,FPO,147050,Ali Smith,946,62,112.5,0.0,0.0,0.0,0.0,0.0,0.0,112.5,73.4,,
2026-08-02,2026-08-02T00:19:34,17,FPO,147393,Sadie Shattuck,866,134,16.0,0.0,0.0,0.0,0.0,0.0,0.0,16.0,141.5,,
2026-08-02,2026-08-02T00:19:34,17,FPO,149548,VicToria Scott,887,211,0.0,0.0,0.0,0.0,0.0,0.0,0.0,2.0,195.9,97344,
2026-08-02,2026-08-02T00:19:34,17,FPO,149803,Candyce Boyce,895,106,33.0,0.0,0.0,0.0,0.0,0.0,0.0,33.0,112.2,,
2026-08-02,2026-08-02T00:19:34,17,FPO,150057,Hailey Huber,932,77,81.0,0.0,0.0,0.0,0.0,0.0,0.0,81.0,84.5,,
2026-08-02,2026-08-02T00:19:34,17,FPO,151072,Jennifer Rice,894,130,18.0,0.0,0.0,0.0,0.0,0.0,0.0,18.0,136.4,,
2026-08-02,2026-08-02T00:19:34,17,FPO,152191,Kelley Foster,933,33,361.5,0.00201,0.0,1.0,0.23192,0.00157,0.0,507.1,38.9,96414;96415;96416;96417;96418,
2026-08-02,2026-08-02T00:19:34,17,FPO,154098,Ariel Walker,943,98,40.25,0.0002,0.0,0.0003,0.0,0.00012,0.0,83.3,85.8,97344,
2026-08-02,2026-08-02T00:19:34,17,FPO,155026,Amanda Lennartsson,947,31,409.0,0.01004,0.0,1.0,0.06065,0.00942,0.0,466.5,41.1,96418,
2026-08-02,2026-08-02T00:19:34,17,FPO,156259,Ella Tejler,898,81,73.5,0.0,0.0,0.0,0.0,0.0,0.0,73.5,88.0,,
2026-08-02,2026-08-02T00:19:34,17,FPO,156781,Audrey Wicklander,891,194,0.0,0.0,0.0,0.0,0.0,0.0,0.0,2.1,187.5,97344,
2026-08-02,2026-08-02T00:19:34,17,FPO,157471,Nid Ovathanasin,936,135,15.0,2e-05,0.0,4e-05,0.0,0.0,0.0,54.9,100.9,96414;97344,
2026-08-02,2026-08-02T00:19:34,17,FPO,158385,Destyne Martinez,865,152,2.0,0.0,0.0,0.0,0.0,0.0,0.0,2.0,170.0,,
2026-08-02,2026-08-02T00:19:34,17,FPO,158461,Shiru Liu,914,84,63.5,0.0,0.0,0.0,0.0,0.0,0.0,63.5,90.7,,
2026-08-02,2026-08-02T00:19:34,17,FPO,160103,Jacquelyn DeLude,877,202,0.0,0.0,0.0,0.0,0.0,0.0,0.0,2.0,182.7,97344,
2026-08-02,2026-08-02T00:19:34,17,FPO,161231,Sarah May,856,166,2.0,0.0,0.0,0.0,0.0,0.0,0.0,2.0,174.0,,
2026-08-02,2026-08-02T00:19:34,17,FPO,161918,Addison Woodard,950,43,285.08,0.05399,0.00091,1.0,0.90978,0.04525,0.0,680.3,32.0,96414;96415;96416;97344;96417;96418,
2026-08-02,2026-08-02T00:19:34,17,FPO,162735,Eden Fornoff,922,190,0.0,1e-05,0.0,0.0,0.0,0.0,0.0,51.4,98.3,96414;96415;96416,
2026-08-02,2026-08-02T00:19:34,17,FPO,162896,Therese Cuevas,937,48,231.5,0.00108,0.0,0.24736,0.00028,0.00095,0.0,290.4,52.8,97344;96418,
2026-08-02,2026-08-02T00:19:34,17,FPO,164788,Alecia Hinkson,930,61,112.5,0.00034,0.0,0.02344,0.0,0.00011,0.0,205.5,59.4,96414;96415;97344;96417,
2026-08-02,2026-08-02T00:19:34,17,FPO,165652,Ceci Vollbrecht,899,195,0.0,0.0,0.0,0.0,0.0,0.0,0.0,2.3,188.4,97344,
2026-08-02,2026-08-02T00:19:34,17,FPO,166082,Ashton Webberley,904,157,2.0,0.0,0.0,0.0,0.0,0.0,0.0,2.0,164.1,,
2026-08-02,2026-08-02T00:19:34,17,FPO,166749,Mackenzie Morris,884,145,9.0,0.0,0.0,0.0,0.0,0.0,0.0,9.0,151.3,,
2026-08-02,2026-08-02T00:19:34,17,FPO,167255,AK Kaestner,820,173,2.0,0.0,0.0,0.0,0.0,0.0,0.0,2.0,178.0,,
2026-08-02,2026-08-02T00:19:34,17,FPO,168863,Trinity Bryant,921,47,235.0,6e-05,0.0,0.50133,2e-05,5e-05,0.0,291.7,52.6,96416;97344;96418,
2026-08-02,2026-08-02T00:19:34,17,FPO,170182,Rebecca Minnick,865,109,29.0,0.0,0.0,0.0,0.0,0.0,0.0,29.0,114.1,,
2026-08-02,2026-08-02T00:19:34,17,FPO,173601,Marie Kielas,914,89,51.0,0.0,0.0,0.0,0.0,0.0,0.0,51.0,94.5,,
2026-08-02,2026-08-02T00:19:34,17,FPO,176242,Morgan Lynds,931,73,87.75,1e-05,0.0,0.00087,0.0,0.0,0.0,131.0,69.9,96414;97344,
2026-08-02,2026-08-02T00:19:34,17,FPO,176243,Jordan Lynds,945,60,113.25,0.00383,0.0,0.06319,0.00025,0.00346,0.0,233.6,57.4,96414;97344,
2026-08-02,2026-08-02T00:19:34,17,FPO,176481,Karissa Dedmon,917,86,59.0,0.0,0.0,0.0,0.0,0.0,0.0,64.9,90.3,97344,
2026-08-02,2026-08-02T00:19:34,17,FPO,178707,Joleigh Miller,929,65,102.0,0.0,0.0,0.0,0.0,0.0,0.0,102.0,77.2,,
2026-08-02,2026-08-02T00:19:34,17,FPO,178748,Kendyl Sullivan,887,163,2.0,0.0,0.0,0.0,0.0,0.0,0.0,2.0,167.0,,
2026-08-02,2026-08-02T00:19:34,17,FPO,179200,Jamie Williams,863,181,0.0,0.0,0.0,0.0,0.0,0.0,0.0,0.0,199.0,,
2026-08-02,2026-08-02T00:19:34,17,FPO,179873,Jenny Larsson,921,88,54.0,0.0,0.0,0.0,0.0,0.0,0.0,54.0,93.2,,
2026-08-02,2026-08-02T00:19:34,17,FPO,181772,Ida Emilie Nesse,948,37,334.0,0.04678,0.00231,1.0,0.98138,0.03858,0.0,721.1,30.2,96414;96415;96416;97344;96417;96418,
2026-08-02,2026-08-02T00:19:34,17,FPO,182450,Kajsa Wahl,893,102,36.75,0.0,0.0,0.0,0.0,0.0,0.0,36.8,107.2,,
2026-08-02,2026-08-02T00:19:34,17,FPO,182582,Addison Clark,824,212,0.0,0.0,0.0,0.0,0.0,0.0,0.0,16.5,140.3,96417,
2026-08-02,2026-08-02T00:19:34,17,FPO,184609,Elva-Kate Preston,908,63,112.25,0.0,0.0,0.0,0.0,0.0,0.0,135.7,67.5,96414;96415;97344,
2026-08-02,2026-08-02T00:19:34,17,FPO,184736,Jennifer Smiley,934,36,337.75,0.00195,0.0,1.0,0.15419,0.00145,0.0,485.2,40.0,96415;96416;97344;96417;96418,
2026-08-02,2026-08-02T00:19:34,17,FPO,185057,Josefine Johansson,934,76,81.0,0.0,0.0,0.00038,0.0,0.0,0.0,105.1,76.8,97344,
2026-08-02,2026-08-02T00:19:34,17,FPO,185534,Sofia Donnecke,961,24,547.5,0.15425,0.00022,1.0,0.99136,0.14897,0.0,709.9,30.7,96418,
2026-08-02,2026-08-02T00:19:34,17,FPO,185627,Athena Cuevas,866,137,14.0,0.0,0.0,0.0,0.0,0.0,0.0,14.0,142.9,,
2026-08-02,2026-08-02T00:19:34,17,FPO,186277,Kassandra Fog Wichmann,871,149,6.0,0.0,0.0,0.0,0.0,0.0,0.0,6.0,154.8,,
2026-08-02,2026-08-02T00:19:34,17,FPO,186629,Sanne Dalseth,880,139,13.5,0.0,0.0,0.0,0.0,0.0,0.0,13.5,144.3,,
2026-08-02,2026-08-02T00:19:34,17,FPO,188837,JJ Sun,883,184,0.0,0.0,0.0,0.0,0.0,0.0,0.0,0.0,208.0,,
2026-08-02,2026-08-02T00:19:34,17,FPO,189702,Taylor Chocek,947,15,749.95,0.2372,0.22636,1.0,1.0,0.01057,0.0,957.9,20.1,96414;96415;96416;96418;96419,
2026-08-02,2026-08-02T00:19:34,17,FPO,193215,Lexi Marx,929,113,25.5,2e-05,0.0,0.00034,0.0,1e-05,0.0,106.9,76.6,96414;96415;97344,
2026-08-02,2026-08-02T00:19:34,17,FPO,195549,Kylie Kohut,933,42,290.0,0.00055,0.0,1.0,0.01242,0.00045,0.0,417.3,43.8,96414;96415;96416;96418,
2026-08-02,2026-08-02T00:19:34,17,FPO,195550,Peyton Kohut,913,85,62.5,0.0,0.0,0.0,0.0,0.0,0.0,127.6,69.8,96414;96415;96416,
2026-08-02,2026-08-02T00:19:34,17,FPO,196237,Kaire Tekku,923,79,78.75,0.0,0.0,0.0,0.0,0.0,0.0,78.8,85.7,,
2026-08-02,2026-08-02T00:19:34,17,FPO,197689,Isabella Parker,877,129,18.0,0.0,0.0,0.0,0.0,0.0,0.0,18.0,135.4,,
2026-08-02,2026-08-02T00:19:34,17,FPO,198446,Eliezra Midtlyng,948,12,833.58,0.71963,0.71896,1.0,1.0,0.00063,0.0,1040.6,17.0,96414;96415;96416;97344;96417;96418;96419,
2026-08-02,2026-08-02T00:19:34,17,FPO,198721,Hannah Kellar,898,100,38.0,0.0,0.0,0.0,0.0,0.0,0.0,38.0,105.6,,
2026-08-02,2026-08-02T00:19:34,17,FPO,202571,Elizabete Pēkšena,932,50,205.5,0.00028,0.0,0.0584,4e-05,0.00024,0.0,246.9,56.0,97344;96418,
2026-08-02,2026-08-02T00:19:34,17,FPO,208576,Rebecca Don,961,9,926.99,0.99828,0.99828,1.0,1.0,0.0,0.0,1203.5,11.7,96414;96415;96416;97344;96418;96419,
2026-08-02,2026-08-02T00:19:34,17,FPO,209432,Eden Fletcher,905,101,38.0,0.0,0.0,0.0,0.0,0.0,0.0,38.0,105.3,,
2026-08-02,2026-08-02T00:19:34,17,FPO,209462,Erika Apple,854,172,2.0,0.0,0.0,0.0,0.0,0.0,0.0,2.0,176.5,,
2026-08-02,2026-08-02T00:19:34,17,FPO,210287,Mara Neal,864,165,2.0,0.0,0.0,0.0,0.0,0.0,0.0,2.0,174.3,,
2026-08-02,2026-08-02T00:19:34,17,FPO,210972,Kristýna Jurčíková,970,38,331.0,0.271,0.00072,1.0,0.68092,0.24524,0.0,653.5,33.1,97344;96418,
2026-08-02,2026-08-02T00:19:34,17,FPO,214417,Fleur Verberk,899,199,0.0,0.0,0.0,0.0,0.0,0.0,0.0,2.3,186.8,97344,
2026-08-02,2026-08-02T00:19:34,17,FPO,215439,Sheliemae Lai,946,71,92.0,0.0,0.0,0.0,0.0,0.0,0.0,92.0,79.2,,
2026-08-02,2026-08-02T00:19:34,17,FPO,215495,Kelsey Martin,877,206,0.0,0.0,0.0,0.0,0.0,0.0,0.0,2.0,180.1,97344,
2026-08-02,2026-08-02T00:19:34,17,FPO,216558,Iida Lehtomäki,963,29,430.25,0.12057,0.0,1.0,0.42702,0.10911,0.0,575.5,36.4,97344;96418,
2026-08-02,2026-08-02T00:19:34,17,FPO,217892,Katie Tews,892,114,25.5,0.0,0.0,0.0,0.0,0.0,0.0,25.5,119.5,,
2026-08-02,2026-08-02T00:19:34,17,FPO,218760,Sarah Duran,865,142,11.0,0.0,0.0,0.0,0.0,0.0,0.0,11.0,148.2,,
2026-08-02,2026-08-02T00:19:34,17,FPO,218779,Amanda Brightwell,831,168,2.0,0.0,0.0,0.0,0.0,0.0,0.0,2.0,176.0,,
2026-08-02,2026-08-02T00:19:34,17,FPO,219693,Anna Damberga,864,125,21.0,0.0,0.0,0.0,0.0,0.0,0.0,21.0,130.2,,
2026-08-02,2026-08-02T00:19:34,17,FPO,221583,Evie Lou Ramey,894,187,0.0,0.0,0.0,0.0,0.0,0.0,0.0,0.0,211.0,,
2026-08-02,2026-08-02T00:19:34,17,FPO,222693,Tanisha Platero,856,159,2.0,0.0,0.0,0.0,0.0,0.0,0.0,2.0,162.0,,
2026-08-02,2026-08-02T00:19:34,17,FPO,222973,Martje Sumowski,913,107,33.0,0.0,0.0,0.0,0.0,0.0,0.0,33.0,112.2,,
2026-08-02,2026-08-02T00:19:34,17,FPO,223975,Laura Tatiana Niño Carranza,875,154,2.0,0.0,0.0,0.0,0.0,0.0,0.0,4.0,158.9,97344,
2026-08-02,2026-08-02T00:19:34,17,FPO,224238,Julia Fors,962,30,428.5,0.15655,0.00101,1.0,0.88071,0.14578,0.0,687.7,31.6,97344;96418,
2026-08-02,2026-08-02T00:19:34,17,FPO,225016,Naomi Suyat,869,183,0.0,0.0,0.0,0.0,0.0,0.0,0.0,0.0,207.0,,
2026-08-02,2026-08-02T00:19:34,17,FPO,227315,Sarah Wadsworth,901,188,0.0,0.0,0.0,0.0,0.0,0.0,0.0,9.6,151.6,96415,
2026-08-02,2026-08-02T00:19:34,17,FPO,228486,Stefani Ewell,857,143,10.0,0.0,0.0,0.0,0.0,0.0,0.0,10.0,149.2,,
2026-08-02,2026-08-02T00:19:34,17,FPO,229526,Sintija Klezberga,955,16,737.5,0.77442,0.77258,1.0,1.0,0.00159,0.0,1054.2,16.5,96414;96415;97344;96417;96418;96419,
2026-08-02,2026-08-02T00:19:34,17,FPO,231650,Tailey Rowley,911,68,96.25,0.0,0.0,4e-05,0.0,0.0,0.0,128.4,69.4,96414;96415;97344,
2026-08-02,2026-08-02T00:19:34,17,FPO,232666,Rebecka Hoppe,850,150,6.0,0.0,0.0,0.0,0.0,0.0,0.0,6.0,155.7,,
2026-08-02,2026-08-02T00:19:34,17,FPO,232722,Julia Hauch,911,203,0.0,0.0,0.0,0.0,0.0,0.0,0.0,3.8,177.6,97344,
2026-08-02,2026-08-02T00:19:34,17,FPO,235368,Madalyn Payton,896,174,0.0,0.0,0.0,0.0,0.0,0.0,0.0,0.0,206.0,,
2026-08-02,2026-08-02T00:19:34,17,FPO,238187,Ann Deputy,918,78,80.25,0.0,0.0,0.0,0.0,0.0,0.0,86.8,82.0,97344,
2026-08-02,2026-08-02T00:19:34,17,FPO,240590,Amelia Saechao,873,117,24.0,0.0,0.0,0.0,0.0,0.0,0.0,24.0,121.2,,
2026-08-02,2026-08-02T00:19:34,17,FPO,242116,Eva Lutsenko,924,122,21.75,0.0,0.0,0.0,0.0,0.0,0.0,21.8,128.1,,
2026-08-02,2026-08-02T00:19:34,17,FPO,242331,Ida Kennmark,867,138,13.5,0.0,0.0,0.0,0.0,0.0,0.0,13.5,144.6,,
2026-08-02,2026-08-02T00:19:34,17,FPO,245180,Chelsea Sutton,859,169,2.0,0.0,0.0,0.0,0.0,0.0,0.0,2.0,169.0,,
2026-08-02,2026-08-02T00:19:34,17,FPO,245306,Netta Leppäaho,945,64,105.75,0.0,0.0,0.0,0.0,0.0,0.0,105.8,75.5,,
2026-08-02,2026-08-02T00:19:34,17,FPO,245317,Sophi Stephenson,859,140,12.0,0.0,0.0,0.0,0.0,0.0,0.0,12.0,146.1,,
2026-08-02,2026-08-02T00:19:34,17,FPO,254333,Jess Zilch,874,127,19.5,0.0,0.0,0.0,0.0,0.0,0.0,19.5,132.3,,
2026-08-02,2026-08-02T00:19:34,17,FPO,255962,Samantha Zaborowski,901,210,0.0,0.0,0.0,0.0,0.0,0.0,0.0,2.4,193.7,97344,
2026-08-02,2026-08-02T00:19:34,17,FPO,256846,Lea Tomas,888,207,0.0,0.0,0.0,0.0,0.0,0.0,0.0,2.0,196.1,97344,
2026-08-02,2026-08-02T00:19:34,17,FPO,259972,Marion Mattsson,858,141,11.25,0.0,0.0,0.0,0.0,0.0,0.0,11.2,147.2,,
2026-08-02,2026-08-02T00:19:34,17,FPO,261058,Jessica Erickson,891,91,49.0,0.0,0.0,0.0,0.0,0.0,0.0,49.0,97.4,,
2026-08-02,2026-08-02T00:19:34,17,FPO,261216,Victoria Christensen,863,132,17.25,0.0,0.0,0.0,0.0,0.0,0.0,17.2,137.8,,
2026-08-02,2026-08-02T00:19:34,17,FPO,268900,Natalie Berg,883,126,19.5,0.0,0.0,0.0,0.0,0.0,0.0,19.5,131.3,,
2026-08-02,2026-08-02T00:19:34,17,FPO,269838,Daisy Kelly,882,182,0.0,0.0,0.0,0.0,0.0,0.0,0.0,0.0,200.0,,
2026-08-02,2026-08-02T00:19:34,17,FPO,277832,Chandler Reigh,939,25,473.25,0.01429,5e-05,1.0,0.99393,0.01283,0.0,681.4,32.2,96414;96415;96416;97344;96417;96418,
2026-08-02,2026-08-02T00:19:34,17,FPO,278450,Brit Hamburg-Kiin,854,111,28.5,0.0,0.0,0.0,0.0,0.0,0.0,28.5,115.2,,
2026-08-02,2026-08-02T00:19:34,17,FPO,279466,Gry Nagel,820,131,18.0,0.0,0.0,0.0,0.0,0.0,0.0,18.0,135.2,,
2026-08-02,2026-08-02T00:19:34,17,FPO,281626,Una Lokmane,878,110,28.5,0.0,0.0,0.0,0.0,0.0,0.0,28.5,116.2,,
2026-08-02,2026-08-02T00:19:34,17,FPO,284553,Katherine Aydelott,861,148,6.0,0.0,0.0,0.0,0.0,0.0,0.0,6.0,156.2,,
2026-08-02,2026-08-02T00:19:34,17,FPO,286978,Michelle Southworth,800,167,2.0,0.0,0.0,0.0,0.0,0.0,0.0,2.0,175.0,,
2026-08-02,2026-08-02T00:19:34,17,FPO,288014,Jordan Coomes,840,128,18.0,0.0,0.0,0.0,0.0,0.0,0.0,18.0,133.6,,
2026-08-02,2026-08-02T00:19:34,17,FPO,297287,Marta Villa,856,164,2.0,0.0,0.0,0.0,0.0,0.0,0.0,2.0,171.7,,
2026-08-02,2026-08-02T00:19:34,17,FPO,302765,Grace Wilson,891,200,0.0,0.0,0.0,0.0,0.0,0.0,0.0,2.1,189.1,97344,
2026-08-02,2026-08-02T00:19:34,17,FPO,308525,Saga Dahlstedt,917,58,127.5,0.0,0.0,0.0,0.0,0.0,0.0,127.5,69.1,,
2026-08-02,2026-08-02T00:19:34,17,FPO,311218,Mina Alme,902,104,35.25,0.0,0.0,0.0,0.0,0.0,0.0,35.2,109.5,,
2026-08-03,2026-08-03T02:27:23,18,FPO,3024,Chris O'Cleary,914,196,0.0,0.0,0.0,0.0,0.0,0.0,0.0,4.7,184.8,97344,
2026-08-03,2026-08-03T02:27:23,18,FPO,3090,Elaine King,888,197,0.0,0.0,0.0,0.0,0.0,0.0,0.0,2.0,187.7,97344,
2026-08-03,2026-08-03T02:27:23,18,FPO,8803,Ruth Steele,872,163,2.0,0.0,0.0,0.0,0.0,0.0,0.0,2.0,167.0,,
2026-08-03,2026-08-03T02:27:23,18,FPO,15354,Jennifer Allen,967,42,313.0,0.19683,0.0002,0.99999,0.49924,0.17748,0.0,600.1,35.4,97344;96418,
2026-08-03,2026-08-03T02:27:23,18,FPO,27832,Kona Star Montgomery,949,23,611.0,0.11395,0.08023,1.0,1.0,0.02986,0.0,889.2,22.7,96415;96416;97344;96417;96418;96419,
2026-08-03,2026-08-03T02:27:23,18,FPO,29190,Paige Pierce,968,17,747.17,0.8267,0.81833,1.0,1.0,0.00837,0.0,1078.9,15.7,96416;97344;96418;96419,
2026-08-03,2026-08-03T02:27:23,18,FPO,29947,Stephanie Vincent,925,114,28.0,0.0,0.0,0.0,0.0,0.0,0.0,28.0,117.5,,
2026-08-03,2026-08-03T02:27:23,18,FPO,31041,Sheila Teves,883,182,0.0,0.0,0.0,0.0,0.0,0.0,0.0,0.0,200.0,,
2026-08-03,2026-08-03T02:27:23,18,FPO,32654,Lisa Fajkus,958,22,639.83,0.27853,0.22159,1.0,1.0,0.04814,0.0,944.8,20.6,96415;96416;96417;96418;96419,
2026-08-03,2026-08-03T02:27:23,18,FPO,32917,Rebecca Cox,951,29,489.0,0.07943,0.02197,1.0,0.99993,0.05017,0.0,812.0,25.9,96415;96416;97344;96417;96418;96419,
2026-08-03,2026-08-03T02:27:23,18,FPO,32925,Lindsay Fish,882,156,2.0,0.0,0.0,0.0,0.0,0.0,0.0,2.0,192.0,,
2026-08-03,2026-08-03T02:27:23,18,FPO,34563,Sarah Hokom,949,61,127.0,0.0207,0.0,0.86411,0.0504,0.01349,0.0,409.7,44.7,96415;96416;97344;96417;96418,
2026-08-03,2026-08-03T02:27:23,18,FPO,35321,Sofie Björlycke,936,79,83.25,0.0,0.0,0.0,0.0,0.0,0.0,83.2,83.2,,
2026-08-03,2026-08-03T02:27:23,18,FPO,35774,Camilla Jernberg,873,148,7.5,0.0,0.0,0.0,0.0,0.0,0.0,7.5,153.4,,
2026-08-03,2026-08-03T02:27:23,18,FPO,36307,Amanda Branch,887,193,0.0,0.0,0.0,0.0,0.0,0.0,0.0,2.0,188.7,97344,
2026-08-03,2026-08-03T02:27:23,18,FPO,39504,Zoe AnDyke,930,84,77.0,0.0,0.0,0.0,0.0,0.0,0.0,77.0,86.8,,
2026-08-03,2026-08-03T02:27:23,18,FPO,43995,Taylor Foth,902,180,0.0,0.0,0.0,0.0,0.0,0.0,0.0,0.0,201.0,,
2026-08-03,2026-08-03T02:27:23,18,FPO,44184,Catrina Allen,961,7,1125.75,1.0,1.0,1.0,1.0,0.0,0.0,1358.9,8.5,96415;96416;97344;96417;96418;96419,
2026-08-03,2026-08-03T02:27:23,18,FPO,45407,Brittney Armentrout,851,159,2.0,0.0,0.0,0.0,0.0,0.0,0.0,2.0,162.0,,
2026-08-03,2026-08-03T02:27:23,18,FPO,48199,Alison Blakeman,870,187,0.0,0.0,0.0,0.0,0.0,0.0,0.0,0.0,211.0,,
2026-08-03,2026-08-03T02:27:23,18,FPO,48976,Ohn Scoggins,990,3,1598.33,1.0,1.0,1.0,1.0,0.0,0.35496,2196.4,1.8,96415;96416;97344;96417;96418;96419,
2026-08-03,2026-08-03T02:27:23,18,FPO,50656,Jessica Gurthie,955,18,745.0,1.0,0.84914,1.0,1.0,0.00089,0.0,1082.5,15.6,96415;96416;97344;96417;96418;96419,
2026-08-03,2026-08-03T02:27:23,18,FPO,51277,Holly Finley,929,46,265.0,0.00025,0.0,0.9576,0.00064,0.00014,0.0,332.0,49.6,97344;96417;96418,
2026-08-03,2026-08-03T02:27:23,18,FPO,58303,Sai Ananda,949,72,102.0,0.00359,0.0,0.01212,7e-05,0.00302,0.0,175.5,64.6,97344,
2026-08-03,2026-08-03T02:27:23,18,FPO,59227,Henna Blomroos,969,8,1036.67,1.0,0.99999,1.0,1.0,0.0,0.0,1260.0,10.3,97344;96418;96419,
2026-08-03,2026-08-03T02:27:23,18,FPO,59431,Madison Walker,951,21,652.83,0.09549,0.04606,1.0,1.0,0.04347,0.0,869.5,23.4,96415;96416;97344;96417;96418;96419,
2026-08-03,2026-08-03T02:27:23,18,FPO,60798,Madison Tomaino,921,78,83.5,0.0,0.0,0.0,0.0,0.0,0.0,120.2,72.5,96416,
2026-08-03,2026-08-03T02:27:23,18,FPO,61144,Emily Beach,901,177,0.0,0.0,0.0,0.0,0.0,0.0,0.0,0.0,205.0,,
2026-08-03,2026-08-03T02:27:23,18,FPO,61990,Katka Boďová,916,97,48.0,0.0,0.0,0.0,0.0,0.0,0.0,48.0,99.0,,
2026-08-03,2026-08-03T02:27:23,18,FPO,62879,Valerie Mandujano,975,12,897.16,1.0,1.0,1.0,1.0,0.0,0.0,1431.4,7.6,96415;96416;97344;96417;96418;96419,
2026-08-03,2026-08-03T02:27:23,18,FPO,62880,Alexis Mandujano,960,30,438.5,0.24668,0.14072,1.0,0.99997,0.08784,0.0,897.2,22.4,96415;96416;97344;96417;96418;96419,
2026-08-03,2026-08-03T02:27:23,18,FPO,63257,Maria Oliva,920,47,237.0,4e-05,0.0,0.9765,0.00029,2e-05,0.0,332.3,49.5,96415;96416;97344;96417;96418,
2026-08-03,2026-08-03T02:27:23,18,FPO,64927,Eveliina Salonen,988,6,1364.67,1.0,1.0,1.0,1.0,0.0,0.0,1725.3,5.4,97344;96418;96419,
2026-08-03,2026-08-03T02:27:23,18,FPO,65489,Lauren Butler,916,55,159.08,1e-05,0.0,0.00552,0.0,0.0,0.0,212.1,58.7,96415;97344;96417,
2026-08-03,2026-08-03T02:27:23,18,FPO,66063,Ashlee Johnson,859,181,0.0,0.0,0.0,0.0,0.0,0.0,0.0,0.0,204.0,,
2026-08-03,2026-08-03T02:27:23,18,FPO,66599,Heidi Laine,959,11,932.75,0.99474,0.99474,1.0,1.0,0.0,0.0,1166.5,12.8,96415;96416;97344;96418;96419,
2026-08-03,2026-08-03T02:27:23,18,FPO,69584,Danielle Weigandt,853,162,2.0,0.0,0.0,0.0,0.0,0.0,0.0,2.0,168.0,,
2026-08-03,2026-08-03T02:27:23,18,FPO,71262,Erika Stinchcomb,920,44,275.25,5e-05,0.0,0.9991,0.00044,0.0,0.0,350.7,48.1,96415;96416;97344;96417;96418,
2026-08-03,2026-08-03T02:27:23,18,FPO,72635,Kersti Miller,890,108,34.5,0.0,0.0,0.0,0.0,0.0,0.0,34.5,110.5,,
2026-08-03,2026-08-03T02:27:23,18,FPO,74708,Casey Pennington,916,102,39.5,0.0,0.0,0.0,0.0,0.0,0.0,39.5,104.0,,
2026-08-03,2026-08-03T02:27:23,18,FPO,75029,Cynthia Ricciotti,917,63,118.58,1e-05,0.0,0.00078,0.0,0.0,0.0,168.9,62.9,96415;97344;96417,
2026-08-03,2026-08-03T02:27:23,18,FPO,76009,Virginia Polkinghorne,884,188,0.0,0.0,0.0,0.0,0.0,0.0,0.0,0.0,212.0,,
2026-08-03,2026-08-03T02:27:23,18,FPO,77385,Matilda Ringbom,947,45,274.0,0.00947,0.0,0.29656,0.00024,0.00881,0.0,331.2,49.8,96418,
2026-08-03,2026-08-03T02:27:23,18,FPO,78232,Tiger Borth,899,125,21.0,0.0,0.0,0.0,0.0,0.0,0.0,23.3,125.2,97344,
2026-08-03,2026-08-03T02:27:23,18,FPO,79233,Cadence Burge,971,73,95.25,0.36527,0.00236,0.99479,0.67095,0.26899,0.0,658.6,32.9,96415;96416;97344;96417;96418,
2026-08-03,2026-08-03T02:27:23,18,FPO,80935,Lindsey Maas,902,93,50.25,0.0,0.0,0.0,0.0,0.0,0.0,52.7,93.9,97344,
2026-08-03,2026-08-03T02:27:23,18,FPO,82809,Alex von Stade,893,122,22.0,0.0,0.0,0.0,0.0,0.0,0.0,22.0,126.5,,
2026-08-03,2026-08-03T02:27:23,18,FPO,83376,Cassandra Lioi,890,147,8.0,0.0,0.0,0.0,0.0,0.0,0.0,8.0,152.3,,
2026-08-03,2026-08-03T02:27:23,18,FPO,84279,Kaidi Allsalu,956,51,203.62,0.04338,0.0,0.0,0.0,0.04095,0.0,299.2,52.3,,
2026-08-03,2026-08-03T02:27:23,18,FPO,85189,Samantha Bonacci,870,135,16.5,0.0,0.0,0.0,0.0,0.0,0.0,16.5,139.6,,
2026-08-03,2026-08-03T02:27:23,18,FPO,85484,Anneli Tõugjas-Männiste,957,28,498.5,0.12982,0.01228,1.0,0.9998,0.09797,0.0,791.0,26.9,96415;97344;96417;96418;96419,
2026-08-03,2026-08-03T02:27:23,18,FPO,85942,Missy Gannon,985,4,1506.16,1.0,1.0,1.0,1.0,0.0,0.00091,1890.3,4.1,96415;96416;97344;96417;96418;96419,
2026-08-03,2026-08-03T02:27:23,18,FPO,87094,Rose Shertick,918,209,0.0,0.0,0.0,0.0,0.0,0.0,0.0,6.5,182.0,97344,
2026-08-03,2026-08-03T02:27:23,18,FPO,87443,Andrea Cammack,874,161,2.0,0.0,0.0,0.0,0.0,0.0,0.0,2.0,165.4,,
2026-08-03,2026-08-03T02:27:23,18,FPO,94085,Keiti Tätte,957,54,184.12,0.02311,0.0,0.0,0.0,0.02191,0.0,230.4,57.7,,
2026-08-03,2026-08-03T02:27:23,18,FPO,96090,Sonja Laine,899,106,36.0,0.0,0.0,0.0,0.0,0.0,0.0,36.0,108.3,,
2026-08-03,2026-08-03T02:27:23,18,FPO,96480,Tori Pasquin,833,172,2.0,0.0,0.0,0.0,0.0,0.0,0.0,2.0,174.0,,
2026-08-03,2026-08-03T02:27:23,18,FPO,97238,Jannicke Hjemli,862,145,9.75,0.0,0.0,0.0,0.0,0.0,0.0,9.8,150.1,,
2026-08-03,2026-08-03T02:27:23,18,FPO,99441,Lykke Lorentzen,923,96,48.0,0.0,0.0,0.0,0.0,0.0,0.0,57.9,93.9,97344,
2026-08-03,2026-08-03T02:27:23,18,FPO,99455,Kat Mertsch,964,9,1015.42,1.0,1.0,1.0,1.0,0.0,0.0,1303.7,9.5,96415;96416;97344;96417;96418;96419,
2026-08-03,2026-08-03T02:27:23,18,FPO,101949,Ratana McMahon,885,59,129.75,0.0,0.0,0.0,0.0,0.0,0.0,129.8,68.5,,
2026-08-03,2026-08-03T02:27:23,18,FPO,102024,Danielle Keen,896,179,0.0,0.0,0.0,0.0,0.0,0.0,0.0,0.0,202.0,,
2026-08-03,2026-08-03T02:27:23,18,FPO,103743,Karen Martel,926,137,15.0,0.0,0.0,0.0,0.0,0.0,0.0,27.7,126.6,97344,
2026-08-03,2026-08-03T02:27:23,18,FPO,104187,Macie Velediaz,957,43,294.67,0.07727,4e-05,0.99999,0.40167,0.06091,0.0,553.2,37.4,97344;96417;96418,
2026-08-03,2026-08-03T02:27:23,18,FPO,104314,Violet Main,945,41,317.0,0.00936,0.0,1.0,0.0444,0.00641,0.0,432.7,43.0,97344;96417;96418,
2026-08-03,2026-08-03T02:27:23,18,FPO,104814,Ellie Bryant,904,119,23.75,0.0,0.0,0.0,0.0,0.0,0.0,33.1,112.2,96415,
2026-08-03,2026-08-03T02:27:23,18,FPO,105126,Aria Castruita,949,98,46.5,0.0,0.0,0.0,0.0,0.0,0.0,46.5,100.1,,
2026-08-03,2026-08-03T02:27:23,18,FPO,106489,Anna Pinter,875,124,21.75,0.0,0.0,0.0,0.0,0.0,0.0,21.8,128.2,,
2026-08-03,2026-08-03T02:27:23,18,FPO,107297,Maria Liivamägi,857,117,24.0,0.0,0.0,0.0,0.0,0.0,0.0,24.0,121.8,,
2026-08-03,2026-08-03T02:27:23,18,FPO,107335,Silva Saarinen,991,2,1695.17,1.0,1.0,1.0,1.0,0.0,0.57749,2238.2,1.5,96415;96416;97344;96418;96419,
2026-08-03,2026-08-03T02:27:23,18,FPO,107780,Shelbi Dutton,932,191,0.0,6e-05,0.0,0.0,0.0,0.0,0.0,28.4,122.6,96415,
2026-08-03,2026-08-03T02:27:23,18,FPO,108871,Brook Johnson,905,116,24.0,0.0,0.0,0.0,0.0,0.0,0.0,26.7,118.3,97344,
2026-08-03,2026-08-03T02:27:23,18,FPO,109337,Cathy Kuhn,860,178,0.0,0.0,0.0,0.0,0.0,0.0,0.0,0.0,203.0,,
2026-08-03,2026-08-03T02:27:23,18,FPO,109996,Anniken Kristiansen Steen,964,20,700.29,0.26863,0.14261,1.0,1.0,0.12378,0.0,914.5,21.7,97344;96418;96419,
2026-08-03,2026-08-03T02:27:23,18,FPO,111487,Emily Weatherman,958,14,843.83,0.96822,0.96815,1.0,1.0,7e-05,0.0,1138.4,13.7,96415;96416;97344;96417;96418;96419,
2026-08-03,2026-08-03T02:27:23,18,FPO,112647,Hanna Huynh,962,19,709.33,0.93731,0.93656,1.0,1.0,0.0007,0.0,1136.8,13.8,96415;96416;97344;96417;96418;96419,
2026-08-03,2026-08-03T02:27:23,18,FPO,115503,Olivia Kindstedt,946,53,189.0,0.00833,0.0,0.14684,0.00095,0.00744,0.0,291.4,52.8,97344,
2026-08-03,2026-08-03T02:27:23,18,FPO,116694,Kristi Unt,925,99,45.0,0.0,0.0,0.0,0.0,0.0,0.0,45.0,101.2,,
2026-08-03,2026-08-03T02:27:23,18,FPO,121554,Elina Rydberg,898,120,23.25,0.0,0.0,0.0,0.0,0.0,0.0,23.2,123.5,,
2026-08-03,2026-08-03T02:27:23,18,FPO,124064,Shelby Cowen,914,58,135.0,0.0,0.0,6e-05,0.0,0.0,0.0,176.2,61.9,96415;96417,
2026-08-03,2026-08-03T02:27:23,18,FPO,126226,Kati Chachere,843,171,2.0,0.0,0.0,0.0,0.0,0.0,0.0,2.0,171.0,,
2026-08-03,2026-08-03T02:27:23,18,FPO,128395,Michelle Saggboy,894,157,2.0,0.0,0.0,0.0,0.0,0.0,0.0,2.0,163.4,,
2026-08-03,2026-08-03T02:27:23,18,FPO,128532,Maarja Soasepp,905,100,42.0,0.0,0.0,0.0,0.0,0.0,0.0,42.0,102.7,,
2026-08-03,2026-08-03T02:27:23,18,FPO,130187,Kat Johnson,910,204,0.0,0.0,0.0,0.0,0.0,0.0,0.0,3.6,177.2,97344,
2026-08-03,2026-08-03T02:27:23,18,FPO,130342,Chantel Budinsky,957,57,136.5,0.06452,0.0,0.49311,0.01957,0.04745,0.0,383.2,46.6,97344;96417,
2026-08-03,2026-08-03T02:27:23,18,FPO,130822,Hannah Manis,932,201,0.0,0.0,0.0,0.0,0.0,0.0,0.0,20.4,149.9,97344,
2026-08-03,2026-08-03T02:27:23,18,FPO,131583,Hannah Lengel,954,86,66.0,0.00892,0.0,0.0,0.0,0.00047,0.0,128.4,71.1,96417,
2026-08-03,2026-08-03T02:27:23,18,FPO,132291,Ashley Phelps,904,121,23.0,0.0,0.0,0.0,0.0,0.0,0.0,23.0,124.5,,
2026-08-03,2026-08-03T02:27:23,18,FPO,132627,Jenn Cazanov-Diggs,905,154,2.0,0.0,0.0,0.0,0.0,0.0,0.0,2.0,184.5,,
2026-08-03,2026-08-03T02:27:23,18,FPO,133547,Holyn Handley,986,1,1713.67,1.0,1.0,1.0,1.0,0.0,0.06664,2082.5,2.8,96415;96416;97344;96418;96419,
2026-08-03,2026-08-03T02:27:23,18,FPO,133701,Nathalie Ortiz,907,87,64.25,0.0,0.0,0.0,0.0,0.0,0.0,64.2,89.5,,
2026-08-03,2026-08-03T02:27:23,18,FPO,135383,Emma Arp,912,152,5.0,0.0,0.0,0.0,0.0,0.0,0.0,5.0,157.6,,
2026-08-03,2026-08-03T02:27:23,18,FPO,138272,Raven Klein,941,25,518.5,0.01839,0.00041,1.0,0.9989,0.01626,0.0,712.2,30.6,96415;96416;97344;96417;96418,
2026-08-03,2026-08-03T02:27:23,18,FPO,139109,Leah Tsinajinnie,927,74,95.0,0.0,0.0,0.0001,0.0,0.0,0.0,109.0,76.1,97344,
2026-08-03,2026-08-03T02:27:23,18,FPO,139387,Hanna Jansson,903,94,50.25,0.0,0.0,0.0,0.0,0.0,0.0,50.2,96.2,,
2026-08-03,2026-08-03T02:27:23,18,FPO,139738,Megan Dophal,908,208,0.0,0.0,0.0,0.0,0.0,0.0,0.0,3.2,189.5,97344,
2026-08-03,2026-08-03T02:27:23,18,FPO,140660,María Eldey Kristínardóttir,916,77,91.5,0.0,0.0,0.0,0.0,0.0,0.0,91.5,81.6,,
2026-08-03,2026-08-03T02:27:23,18,FPO,140947,Nina Bennett,946,62,126.5,0.0098,0.0,0.13018,0.00069,0.00666,0.0,270.0,54.6,97344;96417,
2026-08-03,2026-08-03T02:27:23,18,FPO,142259,Katheryn Maloney,901,205,0.0,0.0,0.0,0.0,0.0,0.0,0.0,2.4,179.0,97344,
2026-08-03,2026-08-03T02:27:23,18,FPO,142354,Alexis Kerman,921,52,197.0,2e-05,0.0,0.32207,2e-05,1e-05,0.0,282.7,53.5,96415;96416;97344;96417;96418,
2026-08-03,2026-08-03T02:27:23,18,FPO,143423,Ember Simonis,916,198,0.0,0.0,0.0,0.0,0.0,0.0,0.0,5.5,178.3,97344,
2026-08-03,2026-08-03T02:27:23,18,FPO,143720,Jessica Kinard,906,192,0.0,0.0,0.0,0.0,0.0,0.0,0.0,22.8,128.1,96416,
2026-08-03,2026-08-03T02:27:23,18,FPO,144112,Ella Hansen,976,5,1421.58,1.0,1.0,1.0,1.0,0.0,0.0,1712.8,5.5,96415;96416;97344;96418;96419,
2026-08-03,2026-08-03T02:27:23,18,FPO,144791,Emily Yale,893,75,92.0,0.0,0.0,0.0,0.0,0.0,0.0,119.6,72.3,96415;96416;97344,
2026-08-03,2026-08-03T02:27:23,18,FPO,146137,Dani K. Hart,951,27,502.5,0.06845,0.00635,1.0,0.99995,0.05455,0.0,779.3,27.4,96415;96416;97344;96417;96418;96419,
2026-08-03,2026-08-03T02:27:23,18,FPO,146304,MJ Gager,933,36,355.83,0.00042,0.0,1.0,0.0081,0.00033,0.0,409.2,44.2,96415;97344;96418,
2026-08-03,2026-08-03T02:27:23,18,FPO,147050,Ali Smith,946,68,112.5,0.0,0.0,0.0,0.0,0.0,0.0,112.5,74.4,,
2026-08-03,2026-08-03T02:27:23,18,FPO,147393,Sadie Shattuck,866,136,16.0,0.0,0.0,0.0,0.0,0.0,0.0,16.0,141.4,,
2026-08-03,2026-08-03T02:27:23,18,FPO,149548,VicToria Scott,887,211,0.0,0.0,0.0,0.0,0.0,0.0,0.0,2.0,195.9,97344,
2026-08-03,2026-08-03T02:27:23,18,FPO,149803,Candyce Boyce,895,109,33.0,0.0,0.0,0.0,0.0,0.0,0.0,33.0,111.9,,
2026-08-03,2026-08-03T02:27:23,18,FPO,150057,Hailey Huber,932,81,81.0,8e-05,0.0,0.0,0.0,0.0,0.0,109.3,75.7,96415,
2026-08-03,2026-08-03T02:27:23,18,FPO,151072,Jennifer Rice,894,131,18.0,0.0,0.0,0.0,0.0,0.0,0.0,18.0,135.2,,
2026-08-03,2026-08-03T02:27:23,18,FPO,152191,Kelley Foster,933,35,367.5,0.0017,0.0,1.0,0.18576,0.00128,0.0,496.5,39.2,96415;96416;96417;96418,
2026-08-03,2026-08-03T02:27:23,18,FPO,154098,Ariel Walker,943,101,40.25,0.00022,0.0,0.00033,0.0,0.0001,0.0,83.5,86.2,97344,
2026-08-03,2026-08-03T02:27:23,18,FPO,155026,Amanda Lennartsson,947,33,409.0,0.00985,0.0,1.0,0.06519,0.00913,0.0,466.4,41.0,96418,
2026-08-03,2026-08-03T02:27:23,18,FPO,156259,Ella Tejler,898,85,73.5,0.0,0.0,0.0,0.0,0.0,0.0,73.5,88.0,,
2026-08-03,2026-08-03T02:27:23,18,FPO,156781,Audrey Wicklander,891,194,0.0,0.0,0.0,0.0,0.0,0.0,0.0,2.1,187.5,97344,
2026-08-03,2026-08-03T02:27:23,18,FPO,157471,Nid Ovathanasin,936,133,17.67,7e-05,0.0,6e-05,0.0,0.0,0.0,44.8,109.9,97344,
2026-08-03,2026-08-03T02:27:23,18,FPO,158385,Destyne Martinez,865,153,2.0,0.0,0.0,0.0,0.0,0.0,0.0,2.0,171.0,,
2026-08-03,2026-08-03T02:27:23,18,FPO,158461,Shiru Liu,914,88,63.5,0.0,0.0,0.0,0.0,0.0,0.0,63.5,90.5,,
2026-08-03,2026-08-03T02:27:23,18,FPO,160103,Jacquelyn DeLude,877,202,0.0,0.0,0.0,0.0,0.0,0.0,0.0,2.0,182.7,97344,
2026-08-03,2026-08-03T02:27:23,18,FPO,161231,Sarah May,856,167,2.0,0.0,0.0,0.0,0.0,0.0,0.0,2.0,175.0,,
2026-08-03,2026-08-03T02:27:23,18,FPO,161918,Addison Woodard,950,40,317.08,0.05236,0.00068,1.0,0.88539,0.04358,0.0,665.7,32.6,96415;96416;97344;96417;96418,
2026-08-03,2026-08-03T02:27:23,18,FPO,162735,Eden Fornoff,922,175,1.33,1e-05,0.0,0.0,0.0,0.0,0.0,44.3,103.5,96415;96416,
2026-08-03,2026-08-03T02:27:23,18,FPO,162896,Therese Cuevas,937,49,231.5,0.00107,0.0,0.23294,0.00031,0.00098,0.0,290.4,52.9,97344;96418,
2026-08-03,2026-08-03T02:27:23,18,FPO,164788,Alecia Hinkson,930,67,113.83,0.00022,0.0,0.01858,0.0,0.0001,0.0,201.7,59.9,96415;97344;96417,
2026-08-03,2026-08-03T02:27:23,18,FPO,165652,Ceci Vollbrecht,899,195,0.0,0.0,0.0,0.0,0.0,0.0,0.0,2.3,188.4,97344,
2026-08-03,2026-08-03T02:27:23,18,FPO,166082,Ashton Webberley,904,158,2.0,0.0,0.0,0.0,0.0,0.0,0.0,2.0,163.0,,
2026-08-03,2026-08-03T02:27:23,18,FPO,166749,Mackenzie Morris,884,146,9.0,0.0,0.0,0.0,0.0,0.0,0.0,9.0,151.2,,
2026-08-03,2026-08-03T02:27:23,18,FPO,167255,AK Kaestner,820,174,2.0,0.0,0.0,0.0,0.0,0.0,0.0,2.0,177.8,,
2026-08-03,2026-08-03T02:27:23,18,FPO,168863,Trinity Bryant,921,48,235.0,2e-05,0.0,0.4557,3e-05,2e-05,0.0,291.7,52.7,96416;97344;96418,
2026-08-03,2026-08-03T02:27:23,18,FPO,170182,Rebecca Minnick,865,111,29.0,0.0,0.0,0.0,0.0,0.0,0.0,29.0,114.4,,
2026-08-03,2026-08-03T02:27:23,18,FPO,173601,Marie Kielas,914,92,51.0,0.0,0.0,0.0,0.0,0.0,0.0,51.0,95.1,,
2026-08-03,2026-08-03T02:27:23,18,FPO,176242,Morgan Lynds,931,66,115.75,1e-05,0.0,0.00092,0.0,0.0,0.0,135.9,69.2,97344,
2026-08-03,2026-08-03T02:27:23,18,FPO,176243,Jordan Lynds,945,56,145.25,0.00374,0.0,0.03879,0.00012,0.00332,0.0,218.7,58.8,97344,
2026-08-03,2026-08-03T02:27:23,18,FPO,176481,Karissa Dedmon,917,89,59.0,0.0,0.0,0.0,0.0,0.0,0.0,65.0,90.3,97344,
2026-08-03,2026-08-03T02:27:23,18,FPO,178707,Joleigh Miller,929,71,102.0,0.0,0.0,0.0,0.0,0.0,0.0,102.0,78.0,,
2026-08-03,2026-08-03T02:27:23,18,FPO,178748,Kendyl Sullivan,887,164,2.0,0.0,0.0,0.0,0.0,0.0,0.0,2.0,176.0,,
2026-08-03,2026-08-03T02:27:23,18,FPO,179200,Jamie Williams,863,183,0.0,0.0,0.0,0.0,0.0,0.0,0.0,0.0,207.0,,
2026-08-03,2026-08-03T02:27:23,18,FPO,179873,Jenny Larsson,921,91,54.0,0.0,0.0,0.0,0.0,0.0,0.0,54.0,92.9,,
2026-08-03,2026-08-03T02:27:23,18,FPO,181772,Ida Emilie Nesse,948,34,400.0,0.04648,0.00206,1.0,0.98843,0.03895,0.0,723.1,30.0,96415;96416;97344;96417;96418,
2026-08-03,2026-08-03T02:27:23,18,FPO,182450,Kajsa Wahl,893,105,36.75,0.0,0.0,0.0,0.0,0.0,0.0,36.8,107.2,,
2026-08-03,2026-08-03T02:27:23,18,FPO,182582,Addison Clark,824,212,0.0,0.0,0.0,0.0,0.0,0.0,0.0,16.5,140.2,96417,
2026-08-03,2026-08-03T02:27:23,18,FPO,184609,Elva-Kate Preston,908,64,118.25,0.0,0.0,0.0,0.0,0.0,0.0,132.7,68.7,96415;97344,
2026-08-03,2026-08-03T02:27:23,18,FPO,184736,Jennifer Smiley,934,37,337.75,0.00179,0.0,1.0,0.16009,0.00124,0.0,484.5,40.0,96415;96416;97344;96417;96418,
2026-08-03,2026-08-03T02:27:23,18,FPO,185057,Josefine Johansson,934,80,81.0,1e-05,0.0,0.00038,0.0,0.0,0.0,105.0,77.8,97344,
2026-08-03,2026-08-03T02:27:23,18,FPO,185534,Sofia Donnecke,961,24,547.5,0.15409,0.00018,1.0,0.99172,0.14854,0.0,710.0,30.7,96418,
2026-08-03,2026-08-03T02:27:23,18,FPO,185627,Athena Cuevas,866,138,14.0,0.0,0.0,0.0,0.0,0.0,0.0,14.0,142.8,,
2026-08-03,2026-08-03T02:27:23,18,FPO,186277,Kassandra Fog Wichmann,871,150,6.0,0.0,0.0,0.0,0.0,0.0,0.0,6.0,155.6,,
2026-08-03,2026-08-03T02:27:23,18,FPO,186629,Sanne Dalseth,880,140,13.5,0.0,0.0,0.0,0.0,0.0,0.0,13.5,144.5,,
2026-08-03,2026-08-03T02:27:23,18,FPO,188837,JJ Sun,883,186,0.0,0.0,0.0,0.0,0.0,0.0,0.0,0.0,210.0,,
2026-08-03,2026-08-03T02:27:23,18,FPO,189702,Taylor Chocek,947,16,805.95,0.30336,0.29589,1.0,1.0,0.00723,0.0,971.4,19.5,96415;96416;96418;96419,
2026-08-03,2026-08-03T02:27:23,18,FPO,193215,Lexi Marx,929,90,57.5,6e-05,0.0,8e-05,0.0,0.0,0.0,99.6,79.3,96415;97344,
2026-08-03,2026-08-03T02:27:23,18,FPO,195549,Kylie Kohut,933,38,331.0,0.00056,0.0,1.0,0.00866,0.00046,0.0,410.1,44.1,96415;96416;96418,
2026-08-03,2026-08-03T02:27:23,18,FPO,195550,Peyton Kohut,913,69,108.5,0.0,0.0,2e-05,0.0,0.0,0.0,150.0,65.3,96415;96416,
2026-08-03,2026-08-03T02:27:23,18,FPO,196237,Kaire Tekku,923,83,78.75,0.0,0.0,0.0,0.0,0.0,0.0,78.8,85.7,,
2026-08-03,2026-08-03T02:27:23,18,FPO,197689,Isabella Parker,877,130,18.0,0.0,0.0,0.0,0.0,0.0,0.0,18.0,135.8,,
2026-08-03,2026-08-03T02:27:23,18,FPO,198446,Eliezra Midtlyng,948,13,851.58,0.61409,0.61249,1.0,1.0,0.00148,0.0,1021.5,17.7,96415;96416;97344;96417;96418;96419,
2026-08-03,2026-08-03T02:27:23,18,FPO,198721,Hannah Kellar,898,103,38.0,0.0,0.0,0.0,0.0,0.0,0.0,38.0,105.3,,
2026-08-03,2026-08-03T02:27:23,18,FPO,202571,Elizabete Pēkšena,932,50,205.5,0.00031,0.0,0.05276,0.0,0.00029,0.0,246.6,56.2,97344;96418,
2026-08-03,2026-08-03T02:27:23,18,FPO,208576,Rebecca Don,961,10,937.99,0.99808,0.99808,1.0,1.0,0.0,0.0,1200.0,11.9,96415;96416;97344;96418;96419,
2026-08-03,2026-08-03T02:27:23,18,FPO,209432,Eden Fletcher,905,104,38.0,0.0,0.0,0.0,0.0,0.0,0.0,38.0,106.1,,
2026-08-03,2026-08-03T02:27:23,18,FPO,209462,Erika Apple,854,173,2.0,0.0,0.0,0.0,0.0,0.0,0.0,2.0,176.1,,
2026-08-03,2026-08-03T02:27:23,18,FPO,210287,Mara Neal,864,166,2.0,0.0,0.0,0.0,0.0,0.0,0.0,2.0,171.5,,
2026-08-03,2026-08-03T02:27:23,18,FPO,210972,Kristýna Jurčíková,970,39,331.0,0.27604,0.00071,1.0,0.69264,0.24969,0.0,654.1,33.1,97344;96418,
2026-08-03,2026-08-03T02:27:23,18,FPO,214417,Fleur Verberk,899,199,0.0,0.0,0.0,0.0,0.0,0.0,0.0,2.3,186.3,97344,
2026-08-03,2026-08-03T02:27:23,18,FPO,215439,Sheliemae Lai,946,76,92.0,0.0,0.0,0.0,0.0,0.0,0.0,92.0,80.6,,
2026-08-03,2026-08-03T02:27:23,18,FPO,215495,Kelsey Martin,877,206,0.0,0.0,0.0,0.0,0.0,0.0,0.0,2.0,180.0,97344,
2026-08-03,2026-08-03T02:27:23,18,FPO,216558,Iida Lehtomäki,963,31,430.25,0.11862,2e-05,1.0,0.44147,0.10734,0.0,575.6,36.4,97344;96418,
2026-08-03,2026-08-03T02:27:23,18,FPO,217892,Katie Tews,892,115,25.5,0.0,0.0,0.0,0.0,0.0,0.0,25.5,120.0,,
2026-08-03,2026-08-03T02:27:23,18,FPO,218760,Sarah Duran,865,143,11.0,0.0,0.0,0.0,0.0,0.0,0.0,11.0,148.1,,
2026-08-03,2026-08-03T02:27:23,18,FPO,218779,Amanda Brightwell,831,169,2.0,0.0,0.0,0.0,0.0,0.0,0.0,2.0,170.0,,
2026-08-03,2026-08-03T02:27:23,18,FPO,219693,Anna Damberga,864,126,21.0,0.0,0.0,0.0,0.0,0.0,0.0,21.0,129.8,,
2026-08-03,2026-08-03T02:27:23,18,FPO,221583,Evie Lou Ramey,894,189,0.0,0.0,0.0,0.0,0.0,0.0,0.0,0.0,209.0,,
2026-08-03,2026-08-03T02:27:23,18,FPO,222693,Tanisha Platero,856,160,2.0,0.0,0.0,0.0,0.0,0.0,0.0,2.0,161.3,,
2026-08-03,2026-08-03T02:27:23,18,FPO,222973,Martje Sumowski,913,110,33.0,0.0,0.0,0.0,0.0,0.0,0.0,33.0,112.6,,
2026-08-03,2026-08-03T02:27:23,18,FPO,223975,Laura Tatiana Niño Carranza,875,155,2.0,0.0,0.0,0.0,0.0,0.0,0.0,4.0,158.8,97344,
2026-08-03,2026-08-03T02:27:23,18,FPO,224238,Julia Fors,962,32,428.5,0.1578,0.00128,1.0,0.88675,0.14631,0.0,687.7,31.6,97344;96418,
2026-08-03,2026-08-03T02:27:23,18,FPO,225016,Naomi Suyat,869,185,0.0,0.0,0.0,0.0,0.0,0.0,0.0,0.0,199.0,,
2026-08-03,2026-08-03T02:27:23,18,FPO,227315,Sarah Wadsworth,901,190,0.0,0.0,0.0,0.0,0.0,0.0,0.0,8.0,159.8,96415,
2026-08-03,2026-08-03T02:27:23,18,FPO,228486,Stefani Ewell,857,144,10.0,0.0,0.0,0.0,0.0,0.0,0.0,10.0,149.1,,
2026-08-03,2026-08-03T02:27:23,18,FPO,229526,Sintija Klezberga,955,15,815.5,0.84742,0.84679,1.0,1.0,0.00059,0.0,1067.6,16.0,96415;97344;96417;96418;96419,
2026-08-03,2026-08-03T02:27:23,18,FPO,231650,Tailey Rowley,911,65,117.25,0.0,0.0,2e-05,0.0,0.0,0.0,134.0,68.4,96415;97344,
2026-08-03,2026-08-03T02:27:23,18,FPO,232666,Rebecka Hoppe,850,151,6.0,0.0,0.0,0.0,0.0,0.0,0.0,6.0,155.5,,
2026-08-03,2026-08-03T02:27:23,18,FPO,232722,Julia Hauch,911,203,0.0,0.0,0.0,0.0,0.0,0.0,0.0,3.8,177.6,97344,
2026-08-03,2026-08-03T02:27:23,18,FPO,235368,Madalyn Payton,896,176,0.0,0.0,0.0,0.0,0.0,0.0,0.0,0.0,206.0,,
2026-08-03,2026-08-03T02:27:23,18,FPO,238187,Ann Deputy,918,82,80.25,0.0,0.0,0.0,0.0,0.0,0.0,86.7,83.1,97344,
2026-08-03,2026-08-03T02:27:23,18,FPO,240590,Amelia Saechao,873,118,24.0,0.0,0.0,0.0,0.0,0.0,0.0,24.0,121.9,,
2026-08-03,2026-08-03T02:27:23,18,FPO,242116,Eva Lutsenko,924,123,21.75,0.0,0.0,0.0,0.0,0.0,0.0,21.8,127.9,,
2026-08-03,2026-08-03T02:27:23,18,FPO,242331,Ida Kennmark,867,139,13.5,0.0,0.0,0.0,0.0,0.0,0.0,13.5,144.2,,
2026-08-03,2026-08-03T02:27:23,18,FPO,245180,Chelsea Sutton,859,170,2.0,0.0,0.0,0.0,0.0,0.0,0.0,2.0,172.2,,
2026-08-03,2026-08-03T02:27:23,18,FPO,245306,Netta Leppäaho,945,70,105.75,0.0,0.0,0.0,0.0,0.0,0.0,105.8,76.4,,
2026-08-03,2026-08-03T02:27:23,18,FPO,245317,Sophi Stephenson,859,141,12.0,0.0,0.0,0.0,0.0,0.0,0.0,12.0,146.0,,
2026-08-03,2026-08-03T02:27:23,18,FPO,254333,Jess Zilch,874,128,19.5,0.0,0.0,0.0,0.0,0.0,0.0,19.5,131.8,,
2026-08-03,2026-08-03T02:27:23,18,FPO,255962,Samantha Zaborowski,901,210,0.0,0.0,0.0,0.0,0.0,0.0,0.0,2.4,193.7,97344,
2026-08-03,2026-08-03T02:27:23,18,FPO,256846,Lea Tomas,888,207,0.0,0.0,0.0,0.0,0.0,0.0,0.0,2.0,193.8,97344,
2026-08-03,2026-08-03T02:27:23,18,FPO,259972,Marion Mattsson,858,142,11.25,0.0,0.0,0.0,0.0,0.0,0.0,11.2,147.1,,
2026-08-03,2026-08-03T02:27:23,18,FPO,261058,Jessica Erickson,891,95,49.0,0.0,0.0,0.0,0.0,0.0,0.0,49.0,98.0,,
2026-08-03,2026-08-03T02:27:23,18,FPO,261216,Victoria Christensen,863,134,17.25,0.0,0.0,0.0,0.0,0.0,0.0,17.2,137.7,,
2026-08-03,2026-08-03T02:27:23,18,FPO,268900,Natalie Berg,883,127,19.5,0.0,0.0,0.0,0.0,0.0,0.0,19.5,131.8,,
2026-08-03,2026-08-03T02:27:23,18,FPO,269838,Daisy Kelly,882,184,0.0,0.0,0.0,0.0,0.0,0.0,0.0,0.0,208.0,,
2026-08-03,2026-08-03T02:27:23,18,FPO,277832,Chandler Reigh,939,26,511.25,0.01408,9e-05,1.0,0.99722,0.01281,0.0,684.6,32.0,96415;96416;97344;96417;96418,
2026-08-03,2026-08-03T02:27:23,18,FPO,278450,Brit Hamburg-Kiin,854,113,28.5,0.0,0.0,0.0,0.0,0.0,0.0,28.5,116.2,,
2026-08-03,2026-08-03T02:27:23,18,FPO,279466,Gry Nagel,820,132,18.0,0.0,0.0,0.0,0.0,0.0,0.0,18.0,134.0,,
2026-08-03,2026-08-03T02:27:23,18,FPO,281626,Una Lokmane,878,112,28.5,0.0,0.0,0.0,0.0,0.0,0.0,28.5,115.6,,
2026-08-03,2026-08-03T02:27:23,18,FPO,284553,Katherine Aydelott,861,149,6.0,0.0,0.0,0.0,0.0,0.0,0.0,6.0,155.5,,
2026-08-03,2026-08-03T02:27:23,18,FPO,286978,Michelle Southworth,800,168,2.0,0.0,0.0,0.0,0.0,0.0,0.0,2.0,169.0,,
2026-08-03,2026-08-03T02:27:23,18,FPO,288014,Jordan Coomes,840,129,18.0,0.0,0.0,0.0,0.0,0.0,0.0,18.0,135.5,,
2026-08-03,2026-08-03T02:27:23,18,FPO,297287,Marta Villa,856,165,2.0,0.0,0.0,0.0,0.0,0.0,0.0,2.0,165.5,,
2026-08-03,2026-08-03T02:27:23,18,FPO,302765,Grace Wilson,891,200,0.0,0.0,0.0,0.0,0.0,0.0,0.0,2.0,189.0,97344,
2026-08-03,2026-08-03T02:27:23,18,FPO,308525,Saga Dahlstedt,917,60,127.5,0.0,0.0,0.0,0.0,0.0,0.0,127.5,70.0,,
2026-08-03,2026-08-03T02:27:23,18,FPO,311218,Mina Alme,902,107,35.25,0.0,0.0,0.0,0.0,0.0,0.0,35.2,109.5,,
2026-08-06,2026-08-06T12:56:31,18,FPO,3024,Chris O'Cleary,914,196,0.0,0.0,0.0,0.0,0.0,0.0,0.0,4.7,180.8,97344,
2026-08-06,2026-08-06T12:56:31,18,FPO,3090,Elaine King,888,197,0.0,0.0,0.0,0.0,0.0,0.0,0.0,2.0,187.7,97344,
2026-08-06,2026-08-06T12:56:31,18,FPO,8803,Ruth Steele,872,163,2.0,0.0,0.0,0.0,0.0,0.0,0.0,2.0,166.9,,
2026-08-06,2026-08-06T12:56:31,18,FPO,15354,Jennifer Allen,967,42,313.0,0.19687,0.00021,0.99989,0.50529,0.1775,0.0,600.2,35.4,97344;96418,
2026-08-06,2026-08-06T12:56:31,18,FPO,27832,Kona Star Montgomery,949,23,611.0,0.10738,0.07245,1.0,1.0,0.03107,0.0,885.4,22.8,96415;96416;97344;96417;96418;96419,
2026-08-06,2026-08-06T12:56:31,18,FPO,29190,Paige Pierce,968,17,747.17,0.95635,0.95538,1.0,1.0,0.00093,0.0,1150.7,13.5,96415;96416;97344;96418;96419,
2026-08-06,2026-08-06T12:56:31,18,FPO,29947,Stephanie Vincent,925,114,28.0,0.0,0.0,0.0,0.0,0.0,0.0,28.0,117.3,,
2026-08-06,2026-08-06T12:56:31,18,FPO,31041,Sheila Teves,883,182,0.0,0.0,0.0,0.0,0.0,0.0,0.0,0.0,200.0,,
2026-08-06,2026-08-06T12:56:31,18,FPO,32654,Lisa Fajkus,958,22,639.83,0.26617,0.20601,1.0,1.0,0.05121,0.0,942.2,20.7,96415;96416;96417;96418;96419,
2026-08-06,2026-08-06T12:56:31,18,FPO,32917,Rebecca Cox,951,29,489.0,0.07728,0.01942,1.0,0.99994,0.05053,0.0,808.9,26.0,96415;96416;97344;96417;96418;96419,
2026-08-06,2026-08-06T12:56:31,18,FPO,32925,Lindsay Fish,882,156,2.0,0.0,0.0,0.0,0.0,0.0,0.0,2.0,185.9,,
2026-08-06,2026-08-06T12:56:31,18,FPO,34563,Sarah Hokom,949,61,127.0,0.02065,0.0,0.8277,0.04833,0.01352,0.0,405.9,45.1,96415;96416;97344;96417;96418,
2026-08-06,2026-08-06T12:56:31,18,FPO,35321,Sofie Björlycke,936,79,83.25,0.0,0.0,0.0,0.0,0.0,0.0,83.2,83.1,,
2026-08-06,2026-08-06T12:56:31,18,FPO,35774,Camilla Jernberg,873,148,7.5,0.0,0.0,0.0,0.0,0.0,0.0,7.5,152.3,,
2026-08-06,2026-08-06T12:56:31,18,FPO,36307,Amanda Branch,887,193,0.0,0.0,0.0,0.0,0.0,0.0,0.0,2.0,190.2,97344,
2026-08-06,2026-08-06T12:56:31,18,FPO,39504,Zoe AnDyke,930,84,77.0,0.0,0.0,0.0,0.0,0.0,0.0,77.0,86.7,,
2026-08-06,2026-08-06T12:56:31,18,FPO,43995,Taylor Foth,902,180,0.0,0.0,0.0,0.0,0.0,0.0,0.0,0.0,201.0,,
2026-08-06,2026-08-06T12:56:31,18,FPO,44184,Catrina Allen,961,7,1125.75,1.0,1.0,1.0,1.0,0.0,0.0,1358.2,8.5,96415;96416;97344;96417;96418;96419,
2026-08-06,2026-08-06T12:56:31,18,FPO,45407,Brittney Armentrout,851,159,2.0,0.0,0.0,0.0,0.0,0.0,0.0,2.0,162.0,,
2026-08-06,2026-08-06T12:56:31,18,FPO,48199,Alison Blakeman,870,187,0.0,0.0,0.0,0.0,0.0,0.0,0.0,0.0,211.0,,
2026-08-06,2026-08-06T12:56:31,18,FPO,48976,Ohn Scoggins,990,3,1598.33,1.0,1.0,1.0,1.0,0.0,0.35504,2195.6,1.8,96415;96416;97344;96417;96418;96419,
2026-08-06,2026-08-06T12:56:31,18,FPO,50656,Jessica Gurthie,955,18,745.0,1.0,0.83324,1.0,1.0,0.00123,0.0,1079.1,15.8,96415;96416;97344;96417;96418;96419,
2026-08-06,2026-08-06T12:56:31,18,FPO,51277,Holly Finley,929,46,265.0,0.00023,0.0,0.89196,0.00064,0.00012,0.0,328.6,50.0,97344;96417;96418,
2026-08-06,2026-08-06T12:56:31,18,FPO,58303,Sai Ananda,949,72,102.0,0.00339,0.0,0.01086,0.0001,0.00286,0.0,175.0,64.9,97344,
2026-08-06,2026-08-06T12:56:31,18,FPO,59227,Henna Blomroos,969,8,1036.67,1.0,0.99998,1.0,1.0,0.0,0.0,1259.9,10.4,97344;96418;96419,
2026-08-06,2026-08-06T12:56:31,18,FPO,59431,Madison Walker,951,21,652.83,0.09209,0.04167,1.0,1.0,0.0444,0.0,866.8,23.5,96415;96416;97344;96417;96418;96419,
2026-08-06,2026-08-06T12:56:31,18,FPO,60798,Madison Tomaino,921,78,83.5,0.0,0.0,0.0,0.0,0.0,0.0,120.2,72.9,96416,
2026-08-06,2026-08-06T12:56:31,18,FPO,61144,Emily Beach,901,177,0.0,0.0,0.0,0.0,0.0,0.0,0.0,0.0,205.0,,
2026-08-06,2026-08-06T12:56:31,18,FPO,61990,Katka Boďová,916,97,48.0,0.0,0.0,0.0,0.0,0.0,0.0,48.0,98.8,,
2026-08-06,2026-08-06T12:56:31,18,FPO,62879,Valerie Mandujano,975,12,897.16,1.0,1.0,1.0,1.0,0.0,0.0,1429.4,7.7,96415;96416;97344;96417;96418;96419,
2026-08-06,2026-08-06T12:56:31,18,FPO,62880,Alexis Mandujano,960,30,438.5,0.23958,0.13086,1.0,0.99997,0.09035,0.0,894.3,22.5,96415;96416;97344;96417;96418;96419,
2026-08-06,2026-08-06T12:56:31,18,FPO,63257,Maria Oliva,920,47,237.0,4e-05,0.0,0.92632,0.00023,2e-05,0.0,326.1,50.1,96415;96416;97344;96417;96418,
2026-08-06,2026-08-06T12:56:31,18,FPO,64927,Eveliina Salonen,988,6,1364.67,1.0,1.0,1.0,1.0,0.0,0.0,1725.3,5.4,97344;96418;96419,
2026-08-06,2026-08-06T12:56:31,18,FPO,65489,Lauren Butler,916,55,159.08,1e-05,0.0,0.0037,0.0,0.0,0.0,204.5,59.5,96415;97344;96417,
2026-08-06,2026-08-06T12:56:31,18,FPO,66063,Ashlee Johnson,859,181,0.0,0.0,0.0,0.0,0.0,0.0,0.0,0.0,204.0,,
2026-08-06,2026-08-06T12:56:31,18,FPO,66599,Heidi Laine,959,11,932.75,0.99365,0.99365,1.0,1.0,0.0,0.0,1164.9,13.0,96415;96416;97344;96418;96419,
2026-08-06,2026-08-06T12:56:31,18,FPO,69584,Danielle Weigandt,853,162,2.0,0.0,0.0,0.0,0.0,0.0,0.0,2.0,168.0,,
2026-08-06,2026-08-06T12:56:31,18,FPO,71262,Erika Stinchcomb,920,44,275.25,5e-05,0.0,0.99561,0.00039,0.0,0.0,345.5,48.6,96415;96416;97344;96417;96418,
2026-08-06,2026-08-06T12:56:31,18,FPO,72635,Kersti Miller,890,108,34.5,0.0,0.0,0.0,0.0,0.0,0.0,34.5,110.4,,
2026-08-06,2026-08-06T12:56:31,18,FPO,74708,Casey Pennington,916,102,39.5,0.0,0.0,0.0,0.0,0.0,0.0,39.5,103.9,,
2026-08-06,2026-08-06T12:56:31,18,FPO,75029,Cynthia Ricciotti,917,63,118.58,1e-05,0.0,0.00045,0.0,0.0,0.0,162.0,64.0,96415;97344;96417,
2026-08-06,2026-08-06T12:56:31,18,FPO,76009,Virginia Polkinghorne,884,188,0.0,0.0,0.0,0.0,0.0,0.0,0.0,0.0,212.0,,
2026-08-06,2026-08-06T12:56:31,18,FPO,77385,Matilda Ringbom,947,45,274.0,0.00943,0.0,0.16392,0.00029,0.00877,0.0,331.0,50.1,96418,
2026-08-06,2026-08-06T12:56:31,18,FPO,78232,Tiger Borth,899,125,21.0,0.0,0.0,0.0,0.0,0.0,0.0,23.3,125.1,97344,
2026-08-06,2026-08-06T12:56:31,18,FPO,79233,Cadence Burge,971,73,95.25,0.36341,0.00211,0.99281,0.66589,0.26817,0.0,656.2,32.9,96415;96416;97344;96417;96418,
2026-08-06,2026-08-06T12:56:31,18,FPO,80935,Lindsey Maas,902,93,50.25,0.0,0.0,0.0,0.0,0.0,0.0,52.7,93.6,97344,
2026-08-06,2026-08-06T12:56:31,18,FPO,82809,Alex von Stade,893,122,22.0,0.0,0.0,0.0,0.0,0.0,0.0,22.0,126.4,,
2026-08-06,2026-08-06T12:56:31,18,FPO,83376,Cassandra Lioi,890,147,8.0,0.0,0.0,0.0,0.0,0.0,0.0,8.0,151.2,,
2026-08-06,2026-08-06T12:56:31,18,FPO,84279,Kaidi Allsalu,956,51,203.62,0.04252,0.0,0.0,0.0,0.04012,0.0,298.1,52.5,,
2026-08-06,2026-08-06T12:56:31,18,FPO,85189,Samantha Bonacci,870,135,16.5,0.0,0.0,0.0,0.0,0.0,0.0,16.5,139.3,,
2026-08-06,2026-08-06T12:56:31,18,FPO,85484,Anneli Tõugjas-Männiste,957,28,498.5,0.12888,0.01114,1.0,0.99967,0.09821,0.0,787.8,26.9,96415;97344;96417;96418;96419,
2026-08-06,2026-08-06T12:56:31,18,FPO,85942,Missy Gannon,985,4,1506.16,1.0,1.0,1.0,1.0,0.0,0.00093,1889.8,4.1,96415;96416;97344;96417;96418;96419,
2026-08-06,2026-08-06T12:56:31,18,FPO,87094,Rose Shertick,918,210,0.0,0.0,0.0,0.0,0.0,0.0,0.0,6.6,181.5,97344,
2026-08-06,2026-08-06T12:56:31,18,FPO,87443,Andrea Cammack,874,161,2.0,0.0,0.0,0.0,0.0,0.0,0.0,2.0,165.0,,
2026-08-06,2026-08-06T12:56:31,18,FPO,94085,Keiti Tätte,957,54,184.12,0.01937,0.0,0.0,0.0,0.01829,0.0,223.2,58.4,,
2026-08-06,2026-08-06T12:56:31,18,FPO,96090,Sonja Laine,899,106,36.0,0.0,0.0,0.0,0.0,0.0,0.0,36.0,108.2,,
2026-08-06,2026-08-06T12:56:31,18,FPO,96480,Tori Pasquin,833,172,2.0,0.0,0.0,0.0,0.0,0.0,0.0,2.0,173.1,,
2026-08-06,2026-08-06T12:56:31,18,FPO,97238,Jannicke Hjemli,862,145,9.75,0.0,0.0,0.0,0.0,0.0,0.0,9.8,149.0,,
2026-08-06,2026-08-06T12:56:31,18,FPO,99441,Lykke Lorentzen,923,96,48.0,0.0,0.0,0.0,0.0,0.0,0.0,48.0,98.1,,
2026-08-06,2026-08-06T12:56:31,18,FPO,99455,Kat Mertsch,964,9,1015.42,1.0,1.0,1.0,1.0,0.0,0.0,1301.8,9.6,96415;96416;97344;96417;96418;96419,
2026-08-06,2026-08-06T12:56:31,18,FPO,101949,Ratana McMahon,885,59,129.75,0.0,0.0,0.0,0.0,0.0,0.0,129.8,69.1,,
2026-08-06,2026-08-06T12:56:31,18,FPO,102024,Danielle Keen,896,179,0.0,0.0,0.0,0.0,0.0,0.0,0.0,0.0,202.0,,
2026-08-06,2026-08-06T12:56:31,18,FPO,103743,Karen Martel,926,137,15.0,0.0,0.0,0.0,0.0,0.0,0.0,27.8,126.4,97344,
2026-08-06,2026-08-06T12:56:31,18,FPO,104187,Macie Velediaz,957,43,294.67,0.07701,4e-05,0.99997,0.40055,0.06069,0.0,551.7,37.5,97344;96417;96418,
2026-08-06,2026-08-06T12:56:31,18,FPO,104314,Violet Main,945,41,317.0,0.00948,0.0,0.99999,0.04364,0.00653,0.0,430.3,43.3,97344;96417;96418,
2026-08-06,2026-08-06T12:56:31,18,FPO,104814,Ellie Bryant,904,119,23.75,0.0,0.0,0.0,0.0,0.0,0.0,31.1,114.0,96415,
2026-08-06,2026-08-06T12:56:31,18,FPO,105126,Aria Castruita,949,98,46.5,0.0,0.0,0.0,0.0,0.0,0.0,46.5,100.1,,
2026-08-06,2026-08-06T12:56:31,18,FPO,106489,Anna Pinter,875,124,21.75,0.0,0.0,0.0,0.0,0.0,0.0,21.8,128.1,,
2026-08-06,2026-08-06T12:56:31,18,FPO,107297,Maria Liivamägi,857,117,24.0,0.0,0.0,0.0,0.0,0.0,0.0,24.0,121.7,,
2026-08-06,2026-08-06T12:56:31,18,FPO,107335,Silva Saarinen,991,2,1695.17,1.0,1.0,1.0,1.0,0.0,0.57674,2237.3,1.5,96415;96416;97344;96418;96419,
2026-08-06,2026-08-06T12:56:31,18,FPO,107780,Shelbi Dutton,932,191,0.0,6e-05,0.0,0.0,0.0,0.0,0.0,26.3,126.0,96415,
2026-08-06,2026-08-06T12:56:31,18,FPO,108871,Brook Johnson,905,116,24.0,0.0,0.0,0.0,0.0,0.0,0.0,26.8,118.0,97344,
2026-08-06,2026-08-06T12:56:31,18,FPO,109337,Cathy Kuhn,860,178,0.0,0.0,0.0,0.0,0.0,0.0,0.0,0.0,203.0,,
2026-08-06,2026-08-06T12:56:31,18,FPO,109996,Anniken Kristiansen Steen,964,20,700.29,0.26629,0.13815,1.0,1.0,0.12567,0.0,914.4,21.7,97344;96418;96419,
2026-08-06,2026-08-06T12:56:31,18,FPO,111487,Emily Weatherman,958,14,843.83,0.96386,0.96373,1.0,1.0,0.00013,0.0,1136.1,13.9,96415;96416;97344;96417;96418;96419,
2026-08-06,2026-08-06T12:56:31,18,FPO,112647,Hanna Huynh,962,19,709.33,0.93025,0.92922,1.0,1.0,0.00093,0.0,1134.0,14.1,96415;96416;97344;96417;96418;96419,
2026-08-06,2026-08-06T12:56:31,18,FPO,115503,Olivia Kindstedt,946,53,189.0,0.00812,0.0,0.13285,0.00098,0.00725,0.0,290.9,53.1,97344,
2026-08-06,2026-08-06T12:56:31,18,FPO,116694,Kristi Unt,925,99,45.0,0.0,0.0,0.0,0.0,0.0,0.0,45.0,101.2,,
2026-08-06,2026-08-06T12:56:31,18,FPO,120770,Jami Gust,884,203,0.0,0.0,0.0,0.0,0.0,0.0,0.0,2.0,181.9,97344,
2026-08-06,2026-08-06T12:56:31,18,FPO,121554,Elina Rydberg,898,120,23.25,0.0,0.0,0.0,0.0,0.0,0.0,23.2,123.4,,
2026-08-06,2026-08-06T12:56:31,18,FPO,124064,Shelby Cowen,914,58,135.0,0.0,0.0,5e-05,0.0,0.0,0.0,168.8,63.0,96415;96417,
2026-08-06,2026-08-06T12:56:31,18,FPO,126226,Kati Chachere,843,171,2.0,0.0,0.0,0.0,0.0,0.0,0.0,2.0,171.0,,
2026-08-06,2026-08-06T12:56:31,18,FPO,128395,Michelle Saggboy,894,157,2.0,0.0,0.0,0.0,0.0,0.0,0.0,2.0,161.2,,
2026-08-06,2026-08-06T12:56:31,18,FPO,128532,Maarja Soasepp,905,100,42.0,0.0,0.0,0.0,0.0,0.0,0.0,42.0,102.6,,
2026-08-06,2026-08-06T12:56:31,18,FPO,130187,Kat Johnson,910,205,0.0,0.0,0.0,0.0,0.0,0.0,0.0,3.6,176.2,97344,
2026-08-06,2026-08-06T12:56:31,18,FPO,130342,Chantel Budinsky,957,57,136.5,0.06404,0.0,0.4594,0.01972,0.04705,0.0,381.1,46.9,97344;96417,
2026-08-06,2026-08-06T12:56:31,18,FPO,130822,Hannah Manis,932,201,0.0,0.0,0.0,0.0,0.0,0.0,0.0,20.5,149.3,97344,
2026-08-06,2026-08-06T12:56:31,18,FPO,131583,Hannah Lengel,954,86,66.0,0.00885,0.0,0.0,0.0,0.00046,0.0,126.6,72.0,96417,
2026-08-06,2026-08-06T12:56:31,18,FPO,132291,Ashley Phelps,904,121,23.0,0.0,0.0,0.0,0.0,0.0,0.0,23.0,124.4,,
2026-08-06,2026-08-06T12:56:31,18,FPO,132627,Jenn Cazanov-Diggs,905,154,2.0,0.0,0.0,0.0,0.0,0.0,0.0,2.0,171.3,,
2026-08-06,2026-08-06T12:56:31,18,FPO,133547,Holyn Handley,986,1,1713.67,1.0,1.0,1.0,1.0,0.0,0.06729,2082.0,2.8,96415;96416;97344;96418;96419,
2026-08-06,2026-08-06T12:56:31,18,FPO,133701,Nathalie Ortiz,907,87,64.25,0.0,0.0,0.0,0.0,0.0,0.0,64.2,89.3,,
2026-08-06,2026-08-06T12:56:31,18,FPO,135383,Emma Arp,912,152,5.0,0.0,0.0,0.0,0.0,0.0,0.0,5.0,156.5,,
2026-08-06,2026-08-06T12:56:31,18,FPO,138272,Raven Klein,941,25,518.5,0.01827,0.00038,1.0,0.99886,0.01619,0.0,710.5,30.6,96415;96416;97344;96417;96418,
2026-08-06,2026-08-06T12:56:31,18,FPO,139109,Leah Tsinajinnie,927,74,95.0,0.0,0.0,0.00044,0.0,0.0,0.0,131.5,70.6,96415;97344,
2026-08-06,2026-08-06T12:56:31,18,FPO,139387,Hanna Jansson,903,94,50.25,0.0,0.0,0.0,0.0,0.0,0.0,50.2,95.8,,
2026-08-06,2026-08-06T12:56:31,18,FPO,139738,Megan Dophal,908,209,0.0,0.0,0.0,0.0,0.0,0.0,0.0,3.2,189.5,97344,
2026-08-06,2026-08-06T12:56:31,18,FPO,140660,María Eldey Kristínardóttir,916,77,91.5,0.0,0.0,0.0,0.0,0.0,0.0,91.5,81.4,,
2026-08-06,2026-08-06T12:56:31,18,FPO,140947,Nina Bennett,946,62,126.5,0.00944,0.0,0.11362,0.0007,0.00632,0.0,266.3,55.1,97344;96417,
2026-08-06,2026-08-06T12:56:31,18,FPO,142259,Katheryn Maloney,901,206,0.0,0.0,0.0,0.0,0.0,0.0,0.0,2.4,178.0,97344,
2026-08-06,2026-08-06T12:56:31,18,FPO,142354,Alexis Kerman,921,52,197.0,2e-05,0.0,0.20934,1e-05,1e-05,0.0,276.4,54.2,96415;96416;97344;96417;96418,
2026-08-06,2026-08-06T12:56:31,18,FPO,143423,Ember Simonis,916,198,0.0,0.0,0.0,0.0,0.0,0.0,0.0,5.6,178.1,97344,
2026-08-06,2026-08-06T12:56:31,18,FPO,143720,Jessica Kinard,906,192,0.0,0.0,0.0,0.0,0.0,0.0,0.0,22.8,127.7,96416,
2026-08-06,2026-08-06T12:56:31,18,FPO,144112,Ella Hansen,976,5,1421.58,1.0,1.0,1.0,1.0,0.0,0.0,1712.0,5.5,96415;96416;97344;96418;96419,
2026-08-06,2026-08-06T12:56:31,18,FPO,144791,Emily Yale,893,75,92.0,0.0,0.0,0.0,0.0,0.0,0.0,118.1,73.2,96415;96416;97344,
2026-08-06,2026-08-06T12:56:31,18,FPO,146137,Dani K. Hart,951,27,502.5,0.06802,0.00553,1.0,0.99992,0.05495,0.0,775.6,27.4,96415;96416;97344;96417;96418;96419,
2026-08-06,2026-08-06T12:56:31,18,FPO,146304,MJ Gager,933,36,355.83,0.0009,0.0,1.0,0.03573,0.00043,0.0,441.5,42.3,96415;97344;96417;96418,
2026-08-06,2026-08-06T12:56:31,18,FPO,147050,Ali Smith,946,68,112.5,0.0,0.0,0.0,0.0,0.0,0.0,112.5,74.7,,
2026-08-06,2026-08-06T12:56:31,18,FPO,147393,Sadie Shattuck,866,136,16.0,0.0,0.0,0.0,0.0,0.0,0.0,16.0,140.4,,
2026-08-06,2026-08-06T12:56:31,18,FPO,149548,VicToria Scott,887,212,0.0,0.0,0.0,0.0,0.0,0.0,0.0,2.0,195.9,97344,
2026-08-06,2026-08-06T12:56:31,18,FPO,149803,Candyce Boyce,895,109,33.0,0.0,0.0,0.0,0.0,0.0,0.0,33.0,111.7,,
2026-08-06,2026-08-06T12:56:31,18,FPO,150057,Hailey Huber,932,81,81.0,8e-05,0.0,0.0,0.0,0.0,0.0,107.2,76.6,96415,
2026-08-06,2026-08-06T12:56:31,18,FPO,151072,Jennifer Rice,894,131,18.0,0.0,0.0,0.0,0.0,0.0,0.0,18.0,135.1,,
2026-08-06,2026-08-06T12:56:31,18,FPO,152191,Kelley Foster,933,35,367.5,0.00146,0.0,1.0,0.16649,0.00105,0.0,490.5,39.6,96415;96416;96417;96418,
2026-08-06,2026-08-06T12:56:31,18,FPO,154098,Ariel Walker,943,101,40.25,0.00021,0.0,0.00024,0.0,9e-05,0.0,83.6,86.1,97344,
2026-08-06,2026-08-06T12:56:31,18,FPO,155026,Amanda Lennartsson,947,33,409.0,0.0098,0.0,1.0,0.06731,0.00907,0.0,466.2,41.1,96418,
2026-08-06,2026-08-06T12:56:31,18,FPO,156259,Ella Tejler,898,85,73.5,0.0,0.0,0.0,0.0,0.0,0.0,73.5,87.8,,
2026-08-06,2026-08-06T12:56:31,18,FPO,156781,Audrey Wicklander,891,194,0.0,0.0,0.0,0.0,0.0,0.0,0.0,2.1,188.6,97344,
2026-08-06,2026-08-06T12:56:31,18,FPO,157471,Nid Ovathanasin,936,133,17.67,7e-05,0.0,8e-05,0.0,0.0,0.0,45.0,109.6,97344,
2026-08-06,2026-08-06T12:56:31,18,FPO,158385,Destyne Martinez,865,153,2.0,0.0,0.0,0.0,0.0,0.0,0.0,2.0,162.5,,
2026-08-06,2026-08-06T12:56:31,18,FPO,158461,Shiru Liu,914,88,63.5,0.0,0.0,0.0,0.0,0.0,0.0,63.5,90.3,,
2026-08-06,2026-08-06T12:56:31,18,FPO,160103,Jacquelyn DeLude,877,202,0.0,0.0,0.0,0.0,0.0,0.0,0.0,2.0,182.7,97344,
2026-08-06,2026-08-06T12:56:31,18,FPO,161231,Sarah May,856,167,2.0,0.0,0.0,0.0,0.0,0.0,0.0,2.0,174.9,,
2026-08-06,2026-08-06T12:56:31,18,FPO,161918,Addison Woodard,950,40,317.08,0.05161,0.00061,1.0,0.87608,0.04302,0.0,661.5,32.7,96415;96416;97344;96417;96418,
2026-08-06,2026-08-06T12:56:31,18,FPO,162735,Eden Fornoff,922,175,1.33,0.0,0.0,0.0,0.0,0.0,0.0,42.1,105.4,96415;96416,
2026-08-06,2026-08-06T12:56:31,18,FPO,162896,Therese Cuevas,937,49,231.5,0.00103,0.0,0.20897,0.00029,0.00094,0.0,290.4,53.1,97344;96418,
2026-08-06,2026-08-06T12:56:31,18,FPO,164788,Alecia Hinkson,930,67,113.83,0.0002,0.0,0.01345,0.0,9e-05,0.0,194.8,60.8,96415;97344;96417,
2026-08-06,2026-08-06T12:56:31,18,FPO,165652,Ceci Vollbrecht,899,195,0.0,0.0,0.0,0.0,0.0,0.0,0.0,2.3,188.5,97344,
2026-08-06,2026-08-06T12:56:31,18,FPO,166082,Ashton Webberley,904,158,2.0,0.0,0.0,0.0,0.0,0.0,0.0,2.0,163.0,,
2026-08-06,2026-08-06T12:56:31,18,FPO,166749,Mackenzie Morris,884,146,9.0,0.0,0.0,0.0,0.0,0.0,0.0,9.0,150.1,,
2026-08-06,2026-08-06T12:56:31,18,FPO,167255,AK Kaestner,820,174,2.0,0.0,0.0,0.0,0.0,0.0,0.0,2.0,177.5,,
2026-08-06,2026-08-06T12:56:31,18,FPO,168863,Trinity Bryant,921,48,235.0,3e-05,0.0,0.83605,0.00016,2e-05,0.0,316.4,50.9,96416;97344;96417;96418,
2026-08-06,2026-08-06T12:56:31,18,FPO,170182,Rebecca Minnick,865,111,29.0,0.0,0.0,0.0,0.0,0.0,0.0,29.0,114.1,,
2026-08-06,2026-08-06T12:56:31,18,FPO,173601,Marie Kielas,914,92,51.0,0.0,0.0,0.0,0.0,0.0,0.0,51.0,94.8,,
2026-08-06,2026-08-06T12:56:31,18,FPO,176242,Morgan Lynds,931,66,115.75,0.0003,0.0,0.00515,0.0,5e-05,0.0,171.3,63.3,97344;96417,
2026-08-06,2026-08-06T12:56:31,18,FPO,176243,Jordan Lynds,945,56,145.25,0.00854,0.0,0.16187,0.00097,0.00579,0.0,284.8,53.6,97344;96417,
2026-08-06,2026-08-06T12:56:31,18,FPO,176481,Karissa Dedmon,917,89,59.0,0.0,0.0,0.0,0.0,0.0,0.0,65.1,90.0,97344,
2026-08-06,2026-08-06T12:56:31,18,FPO,178707,Joleigh Miller,929,71,102.0,0.0,0.0,0.0,0.0,0.0,0.0,102.0,78.5,,
2026-08-06,2026-08-06T12:56:31,18,FPO,178748,Kendyl Sullivan,887,164,2.0,0.0,0.0,0.0,0.0,0.0,0.0,2.0,176.0,,
2026-08-06,2026-08-06T12:56:31,18,FPO,179200,Jamie Williams,863,183,0.0,0.0,0.0,0.0,0.0,0.0,0.0,0.0,207.0,,
2026-08-06,2026-08-06T12:56:31,18,FPO,179873,Jenny Larsson,921,91,54.0,0.0,0.0,0.0,0.0,0.0,0.0,54.0,92.6,,
2026-08-06,2026-08-06T12:56:31,18,FPO,181772,Ida Emilie Nesse,948,34,400.0,0.04615,0.00179,1.0,0.98623,0.03897,0.0,719.2,30.1,96415;96416;97344;96417;96418,
2026-08-06,2026-08-06T12:56:31,18,FPO,182450,Kajsa Wahl,893,105,36.75,0.0,0.0,0.0,0.0,0.0,0.0,36.8,107.1,,
2026-08-06,2026-08-06T12:56:31,18,FPO,184609,Elva-Kate Preston,908,64,118.25,0.0,0.0,0.0,0.0,0.0,0.0,130.6,69.8,96415;97344,
2026-08-06,2026-08-06T12:56:31,18,FPO,184736,Jennifer Smiley,934,37,337.75,0.00175,0.0,1.0,0.14695,0.0012,0.0,478.9,40.3,96415;96416;97344;96417;96418,
2026-08-06,2026-08-06T12:56:31,18,FPO,185057,Josefine Johansson,934,80,81.0,2e-05,0.0,0.0003,0.0,1e-05,0.0,105.2,77.8,97344,
2026-08-06,2026-08-06T12:56:31,18,FPO,185534,Sofia Donnecke,961,24,547.5,0.15411,0.0002,1.0,0.99256,0.14854,0.0,710.0,30.6,96418,
2026-08-06,2026-08-06T12:56:31,18,FPO,185627,Athena Cuevas,866,138,14.0,0.0,0.0,0.0,0.0,0.0,0.0,14.0,141.8,,
2026-08-06,2026-08-06T12:56:31,18,FPO,186277,Kassandra Fog Wichmann,871,150,6.0,0.0,0.0,0.0,0.0,0.0,0.0,6.0,154.5,,
2026-08-06,2026-08-06T12:56:31,18,FPO,186629,Sanne Dalseth,880,140,13.5,0.0,0.0,0.0,0.0,0.0,0.0,13.5,143.5,,
2026-08-06,2026-08-06T12:56:31,18,FPO,188837,JJ Sun,883,186,0.0,0.0,0.0,0.0,0.0,0.0,0.0,0.0,210.0,,
2026-08-06,2026-08-06T12:56:31,18,FPO,189702,Taylor Chocek,947,16,805.95,0.28813,0.28023,1.0,1.0,0.00765,0.0,970.2,19.6,96415;96416;96418;96419,
2026-08-06,2026-08-06T12:56:31,18,FPO,193215,Lexi Marx,929,90,57.5,5e-05,0.0,6e-05,0.0,0.0,0.0,97.5,80.0,96415;97344,
2026-08-06,2026-08-06T12:56:31,18,FPO,195549,Kylie Kohut,933,38,331.0,0.00054,0.0,1.0,0.00826,0.00044,0.0,407.9,44.5,96415;96416;96418,
2026-08-06,2026-08-06T12:56:31,18,FPO,195550,Peyton Kohut,913,69,108.5,0.0,0.0,1e-05,0.0,0.0,0.0,147.8,66.0,96415;96416,
2026-08-06,2026-08-06T12:56:31,18,FPO,196237,Kaire Tekku,923,83,78.75,0.0,0.0,0.0,0.0,0.0,0.0,78.8,85.6,,
2026-08-06,2026-08-06T12:56:31,18,FPO,197689,Isabella Parker,877,130,18.0,0.0,0.0,0.0,0.0,0.0,0.0,18.0,135.7,,
2026-08-06,2026-08-06T12:56:31,18,FPO,198446,Eliezra Midtlyng,948,13,851.58,0.59101,0.58904,1.0,1.0,0.00184,0.0,1019.3,17.9,96415;96416;97344;96417;96418;96419,
2026-08-06,2026-08-06T12:56:31,18,FPO,198721,Hannah Kellar,898,103,38.0,0.0,0.0,0.0,0.0,0.0,0.0,38.0,105.1,,
2026-08-06,2026-08-06T12:56:31,18,FPO,202571,Elizabete Pēkšena,932,50,205.5,0.00029,0.0,0.04494,0.0,0.00027,0.0,246.7,56.4,97344;96418,
2026-08-06,2026-08-06T12:56:31,18,FPO,208576,Rebecca Don,961,10,937.99,0.99774,0.99774,1.0,1.0,0.0,0.0,1198.4,12.1,96415;96416;97344;96418;96419,
2026-08-06,2026-08-06T12:56:31,18,FPO,209432,Eden Fletcher,905,104,38.0,0.0,0.0,0.0,0.0,0.0,0.0,38.0,105.9,,
2026-08-06,2026-08-06T12:56:31,18,FPO,209462,Erika Apple,854,173,2.0,0.0,0.0,0.0,0.0,0.0,0.0,2.0,175.4,,
2026-08-06,2026-08-06T12:56:31,18,FPO,210287,Mara Neal,864,166,2.0,0.0,0.0,0.0,0.0,0.0,0.0,2.0,169.8,,
2026-08-06,2026-08-06T12:56:31,18,FPO,210972,Kristýna Jurčíková,970,39,331.0,0.27577,0.00066,1.0,0.69741,0.24946,0.0,654.3,33.0,97344;96418,
2026-08-06,2026-08-06T12:56:31,18,FPO,214417,Fleur Verberk,899,199,0.0,0.0,0.0,0.0,0.0,0.0,0.0,2.3,184.9,97344,
2026-08-06,2026-08-06T12:56:31,18,FPO,215439,Sheliemae Lai,946,76,92.0,0.0,0.0,0.0,0.0,0.0,0.0,92.0,80.4,,
2026-08-06,2026-08-06T12:56:31,18,FPO,215495,Kelsey Martin,877,207,0.0,0.0,0.0,0.0,0.0,0.0,0.0,2.0,189.1,97344,
2026-08-06,2026-08-06T12:56:31,18,FPO,216558,Iida Lehtomäki,963,31,430.25,0.1187,2e-05,1.0,0.44946,0.1074,0.0,575.6,36.3,97344;96418,
2026-08-06,2026-08-06T12:56:31,18,FPO,217892,Katie Tews,892,115,25.5,0.0,0.0,0.0,0.0,0.0,0.0,25.5,119.7,,
2026-08-06,2026-08-06T12:56:31,18,FPO,218760,Sarah Duran,865,143,11.0,0.0,0.0,0.0,0.0,0.0,0.0,11.0,147.0,,
2026-08-06,2026-08-06T12:56:31,18,FPO,218779,Amanda Brightwell,831,169,2.0,0.0,0.0,0.0,0.0,0.0,0.0,2.0,170.0,,
2026-08-06,2026-08-06T12:56:31,18,FPO,219693,Anna Damberga,864,126,21.0,0.0,0.0,0.0,0.0,0.0,0.0,21.0,129.7,,
2026-08-06,2026-08-06T12:56:31,18,FPO,221583,Evie Lou Ramey,894,189,0.0,0.0,0.0,0.0,0.0,0.0,0.0,0.0,209.0,,
2026-08-06,2026-08-06T12:56:31,18,FPO,222693,Tanisha Platero,856,160,2.0,0.0,0.0,0.0,0.0,0.0,0.0,2.0,161.0,,
2026-08-06,2026-08-06T12:56:31,18,FPO,222973,Martje Sumowski,913,110,33.0,0.0,0.0,0.0,0.0,0.0,0.0,33.0,112.4,,
2026-08-06,2026-08-06T12:56:31,18,FPO,223975,Laura Tatiana Niño Carranza,875,155,2.0,0.0,0.0,0.0,0.0,0.0,0.0,4.0,157.6,97344,
2026-08-06,2026-08-06T12:56:31,18,FPO,224238,Julia Fors,962,32,428.5,0.15796,0.00118,1.0,0.89038,0.14657,0.0,687.9,31.5,97344;96418,
2026-08-06,2026-08-06T12:56:31,18,FPO,225016,Naomi Suyat,869,185,0.0,0.0,0.0,0.0,0.0,0.0,0.0,0.0,199.0,,
2026-08-06,2026-08-06T12:56:31,18,FPO,227315,Sarah Wadsworth,901,190,0.0,0.0,0.0,0.0,0.0,0.0,0.0,6.1,170.2,96415,
2026-08-06,2026-08-06T12:56:31,18,FPO,228486,Stefani Ewell,857,144,10.0,0.0,0.0,0.0,0.0,0.0,0.0,10.0,148.0,,
2026-08-06,2026-08-06T12:56:31,18,FPO,229526,Sintija Klezberga,955,15,815.5,0.82619,0.82527,1.0,1.0,0.00087,0.0,1064.2,16.3,96415;97344;96417;96418;96419,
2026-08-06,2026-08-06T12:56:31,18,FPO,231650,Tailey Rowley,911,65,117.25,0.0,0.0,0.0,0.0,0.0,0.0,131.8,69.5,96415;97344,
2026-08-06,2026-08-06T12:56:31,18,FPO,232666,Rebecka Hoppe,850,151,6.0,0.0,0.0,0.0,0.0,0.0,0.0,6.0,154.2,,
2026-08-06,2026-08-06T12:56:31,18,FPO,232722,Julia Hauch,911,204,0.0,0.0,0.0,0.0,0.0,0.0,0.0,3.9,176.4,97344,
2026-08-06,2026-08-06T12:56:31,18,FPO,235368,Madalyn Payton,896,176,0.0,0.0,0.0,0.0,0.0,0.0,0.0,0.0,206.0,,
2026-08-06,2026-08-06T12:56:31,18,FPO,238187,Ann Deputy,918,82,80.25,0.0,0.0,0.0,0.0,0.0,0.0,86.8,83.0,97344,
2026-08-06,2026-08-06T12:56:31,18,FPO,240590,Amelia Saechao,873,118,24.0,0.0,0.0,0.0,0.0,0.0,0.0,24.0,121.8,,
2026-08-06,2026-08-06T12:56:31,18,FPO,242116,Eva Lutsenko,924,123,21.75,0.0,0.0,0.0,0.0,0.0,0.0,21.8,127.9,,
2026-08-06,2026-08-06T12:56:31,18,FPO,242331,Ida Kennmark,867,139,13.5,0.0,0.0,0.0,0.0,0.0,0.0,13.5,143.1,,
2026-08-06,2026-08-06T12:56:31,18,FPO,245180,Chelsea Sutton,859,170,2.0,0.0,0.0,0.0,0.0,0.0,0.0,2.0,172.0,,
2026-08-06,2026-08-06T12:56:31,18,FPO,245306,Netta Leppäaho,945,70,105.75,0.0,0.0,0.0,0.0,0.0,0.0,105.8,76.8,,
2026-08-06,2026-08-06T12:56:31,18,FPO,245317,Sophi Stephenson,859,141,12.0,0.0,0.0,0.0,0.0,0.0,0.0,12.0,144.9,,
2026-08-06,2026-08-06T12:56:31,18,FPO,254333,Jess Zilch,874,128,19.5,0.0,0.0,0.0,0.0,0.0,0.0,19.5,131.7,,
2026-08-06,2026-08-06T12:56:31,18,FPO,255962,Samantha Zaborowski,901,211,0.0,0.0,0.0,0.0,0.0,0.0,0.0,2.4,193.6,97344,
2026-08-06,2026-08-06T12:56:31,18,FPO,256846,Lea Tomas,888,208,0.0,0.0,0.0,0.0,0.0,0.0,0.0,2.0,196.1,97344,
2026-08-06,2026-08-06T12:56:31,18,FPO,259972,Marion Mattsson,858,142,11.25,0.0,0.0,0.0,0.0,0.0,0.0,11.2,146.0,,
2026-08-06,2026-08-06T12:56:31,18,FPO,261058,Jessica Erickson,891,95,49.0,0.0,0.0,0.0,0.0,0.0,0.0,49.0,96.9,,
2026-08-06,2026-08-06T12:56:31,18,FPO,261216,Victoria Christensen,863,134,17.25,0.0,0.0,0.0,0.0,0.0,0.0,17.2,137.7,,
2026-08-06,2026-08-06T12:56:31,18,FPO,268900,Natalie Berg,883,127,19.5,0.0,0.0,0.0,0.0,0.0,0.0,19.5,131.7,,
2026-08-06,2026-08-06T12:56:31,18,FPO,269838,Daisy Kelly,882,184,0.0,0.0,0.0,0.0,0.0,0.0,0.0,0.0,208.0,,
2026-08-06,2026-08-06T12:56:31,18,FPO,277832,Chandler Reigh,939,26,511.25,0.01399,9e-05,1.0,0.9966,0.01275,0.0,681.3,32.0,96415;96416;97344;96417;96418,
2026-08-06,2026-08-06T12:56:31,18,FPO,278450,Brit Hamburg-Kiin,854,113,28.5,0.0,0.0,0.0,0.0,0.0,0.0,28.5,115.9,,
2026-08-06,2026-08-06T12:56:31,18,FPO,279466,Gry Nagel,820,132,18.0,0.0,0.0,0.0,0.0,0.0,0.0,18.0,133.9,,
2026-08-06,2026-08-06T12:56:31,18,FPO,281626,Una Lokmane,878,112,28.5,0.0,0.0,0.0,0.0,0.0,0.0,28.5,115.4,,
2026-08-06,2026-08-06T12:56:31,18,FPO,284553,Katherine Aydelott,861,149,6.0,0.0,0.0,0.0,0.0,0.0,0.0,6.0,154.3,,
2026-08-06,2026-08-06T12:56:31,18,FPO,286978,Michelle Southworth,800,168,2.0,0.0,0.0,0.0,0.0,0.0,0.0,2.0,169.0,,
2026-08-06,2026-08-06T12:56:31,18,FPO,288014,Jordan Coomes,840,129,18.0,0.0,0.0,0.0,0.0,0.0,0.0,18.0,135.5,,
2026-08-06,2026-08-06T12:56:31,18,FPO,297287,Marta Villa,856,165,2.0,0.0,0.0,0.0,0.0,0.0,0.0,2.0,165.1,,
2026-08-06,2026-08-06T12:56:31,18,FPO,302765,Grace Wilson,891,200,0.0,0.0,0.0,0.0,0.0,0.0,0.0,2.0,185.6,97344,
2026-08-06,2026-08-06T12:56:31,18,FPO,308525,Saga Dahlstedt,917,60,127.5,0.0,0.0,0.0,0.0,0.0,0.0,127.5,70.5,,
2026-08-06,2026-08-06T12:56:31,18,FPO,311218,Mina Alme,902,107,35.25,0.0,0.0,0.0,0.0,0.0,0.0,35.2,109.3,,
2026-08-07,2026-08-07T00:28:23,18,FPO,3024,Chris O'Cleary,914,196,0.0,0.0,0.0,0.0,0.0,0.0,0.0,4.8,180.8,97344,
2026-08-07,2026-08-07T00:28:23,18,FPO,3090,Elaine King,888,197,0.0,0.0,0.0,0.0,0.0,0.0,0.0,2.0,187.7,97344,
2026-08-07,2026-08-07T00:28:23,18,FPO,8803,Ruth Steele,872,163,2.0,0.0,0.0,0.0,0.0,0.0,0.0,2.0,167.0,,
2026-08-07,2026-08-07T00:28:23,18,FPO,15354,Jennifer Allen,967,42,313.0,0.19722,0.00015,0.99988,0.50554,0.17844,0.0,600.0,35.4,97344;96418,
2026-08-07,2026-08-07T00:28:23,18,FPO,27832,Kona Star Montgomery,949,23,611.0,0.10624,0.07092,1.0,1.0,0.03205,0.0,885.1,22.8,96415;96416;97344;96417;96418;96419,
2026-08-07,2026-08-07T00:28:23,18,FPO,29190,Paige Pierce,968,17,747.17,0.9595,0.9584,1.0,1.0,0.00106,0.0,1152.3,13.5,96415;96416;97344;96418;96419,
2026-08-07,2026-08-07T00:28:23,18,FPO,29947,Stephanie Vincent,925,114,28.0,0.0,0.0,0.0,0.0,0.0,0.0,28.0,117.2,,
2026-08-07,2026-08-07T00:28:23,18,FPO,31041,Sheila Teves,883,182,0.0,0.0,0.0,0.0,0.0,0.0,0.0,0.0,200.0,,
2026-08-07,2026-08-07T00:28:23,18,FPO,32654,Lisa Fajkus,958,22,639.83,0.26125,0.20226,1.0,1.0,0.05109,0.0,941.8,20.7,96415;96416;96417;96418;96419,
2026-08-07,2026-08-07T00:28:23,18,FPO,32917,Rebecca Cox,951,29,489.0,0.07567,0.01892,1.0,0.99992,0.05006,0.0,808.4,26.0,96415;96416;97344;96417;96418;96419,
2026-08-07,2026-08-07T00:28:23,18,FPO,32925,Lindsay Fish,882,156,2.0,0.0,0.0,0.0,0.0,0.0,0.0,2.0,185.9,,
2026-08-07,2026-08-07T00:28:23,18,FPO,34563,Sarah Hokom,949,61,127.0,0.01998,0.0,0.83117,0.04773,0.01354,0.0,405.4,45.1,96415;96416;97344;96417;96418,
2026-08-07,2026-08-07T00:28:23,18,FPO,35321,Sofie Björlycke,936,79,83.25,0.0,0.0,0.0,0.0,0.0,0.0,83.2,83.1,,
2026-08-07,2026-08-07T00:28:23,18,FPO,35774,Camilla Jernberg,873,148,7.5,0.0,0.0,0.0,0.0,0.0,0.0,7.5,152.2,,
2026-08-07,2026-08-07T00:28:23,18,FPO,36307,Amanda Branch,887,193,0.0,0.0,0.0,0.0,0.0,0.0,0.0,2.0,190.2,97344,
2026-08-07,2026-08-07T00:28:23,18,FPO,39504,Zoe AnDyke,930,84,77.0,0.0,0.0,0.0,0.0,0.0,0.0,77.0,86.6,,
2026-08-07,2026-08-07T00:28:23,18,FPO,43995,Taylor Foth,902,180,0.0,0.0,0.0,0.0,0.0,0.0,0.0,0.0,201.0,,
2026-08-07,2026-08-07T00:28:23,18,FPO,44184,Catrina Allen,961,7,1125.75,1.0,1.0,1.0,1.0,0.0,0.0,1357.5,8.5,96415;96416;97344;96417;96418;96419,
2026-08-07,2026-08-07T00:28:23,18,FPO,45407,Brittney Armentrout,851,159,2.0,0.0,0.0,0.0,0.0,0.0,0.0,2.0,162.0,,
2026-08-07,2026-08-07T00:28:23,18,FPO,48199,Alison Blakeman,870,187,0.0,0.0,0.0,0.0,0.0,0.0,0.0,0.0,211.0,,
2026-08-07,2026-08-07T00:28:23,18,FPO,48976,Ohn Scoggins,990,3,1598.33,1.0,1.0,1.0,1.0,0.0,0.34981,2198.3,1.8,96415;96416;97344;96417;96418;96419,
2026-08-07,2026-08-07T00:28:23,18,FPO,50656,Jessica Gurthie,955,18,745.0,1.0,0.83471,1.0,1.0,0.00153,0.0,1079.1,15.8,96415;96416;97344;96417;96418;96419,
2026-08-07,2026-08-07T00:28:23,18,FPO,51277,Holly Finley,929,46,265.0,0.00036,0.0,0.89555,0.0006,0.00019,0.0,328.2,50.0,97344;96417;96418,
2026-08-07,2026-08-07T00:28:23,18,FPO,58303,Sai Ananda,949,72,102.0,0.00351,0.0,0.01104,8e-05,0.00301,0.0,175.0,64.9,97344,
2026-08-07,2026-08-07T00:28:23,18,FPO,59227,Henna Blomroos,969,8,1036.67,1.0,0.99999,1.0,1.0,0.0,0.0,1259.9,10.4,97344;96418;96419,
2026-08-07,2026-08-07T00:28:23,18,FPO,59431,Madison Walker,951,21,652.83,0.08986,0.04075,1.0,1.0,0.04379,0.0,866.3,23.5,96415;96416;97344;96417;96418;96419,
2026-08-07,2026-08-07T00:28:23,18,FPO,60798,Madison Tomaino,921,78,83.5,1e-05,0.0,0.0,0.0,0.0,0.0,120.1,72.8,96416,
2026-08-07,2026-08-07T00:28:23,18,FPO,61144,Emily Beach,901,177,0.0,0.0,0.0,0.0,0.0,0.0,0.0,0.0,205.0,,
2026-08-07,2026-08-07T00:28:23,18,FPO,61990,Katka Boďová,916,97,48.0,0.0,0.0,0.0,0.0,0.0,0.0,48.0,98.7,,
2026-08-07,2026-08-07T00:28:23,18,FPO,62879,Valerie Mandujano,975,12,897.16,1.0,1.0,1.0,1.0,0.0,0.0,1431.5,7.6,96415;96416;97344;96417;96418;96419,
2026-08-07,2026-08-07T00:28:23,18,FPO,62880,Alexis Mandujano,960,30,438.5,0.24002,0.13383,1.0,0.99997,0.09008,0.0,895.3,22.5,96415;96416;97344;96417;96418;96419,
2026-08-07,2026-08-07T00:28:23,18,FPO,63257,Maria Oliva,920,47,237.0,4e-05,0.0,0.92451,0.00014,0.0,0.0,324.8,50.2,96415;96416;97344;96417;96418,
2026-08-07,2026-08-07T00:28:23,18,FPO,64927,Eveliina Salonen,988,6,1364.67,1.0,1.0,1.0,1.0,0.0,0.0,1726.0,5.4,97344;96418;96419,
2026-08-07,2026-08-07T00:28:23,18,FPO,65489,Lauren Butler,916,55,159.08,1e-05,0.0,0.00332,0.0,0.0,0.0,203.5,59.6,96415;97344;96417,
2026-08-07,2026-08-07T00:28:23,18,FPO,66063,Ashlee Johnson,859,181,0.0,0.0,0.0,0.0,0.0,0.0,0.0,0.0,204.0,,
2026-08-07,2026-08-07T00:28:23,18,FPO,66599,Heidi Laine,959,11,932.75,0.99433,0.99433,1.0,1.0,0.0,0.0,1164.7,13.0,96415;96416;97344;96418;96419,
2026-08-07,2026-08-07T00:28:23,18,FPO,69584,Danielle Weigandt,853,162,2.0,0.0,0.0,0.0,0.0,0.0,0.0,2.0,168.0,,
2026-08-07,2026-08-07T00:28:23,18,FPO,71262,Erika Stinchcomb,920,44,275.25,3e-05,0.0,0.99606,0.0003,1e-05,0.0,344.7,48.6,96415;96416;97344;96417;96418,
2026-08-07,2026-08-07T00:28:23,18,FPO,72635,Kersti Miller,890,108,34.5,0.0,0.0,0.0,0.0,0.0,0.0,34.5,110.3,,
2026-08-07,2026-08-07T00:28:23,18,FPO,74708,Casey Pennington,916,102,39.5,0.0,0.0,0.0,0.0,0.0,0.0,39.5,103.8,,
2026-08-07,2026-08-07T00:28:23,18,FPO,75029,Cynthia Ricciotti,917,63,118.58,0.0,0.0,0.00042,0.0,0.0,0.0,160.6,64.0,96415;97344;96417,
2026-08-07,2026-08-07T00:28:23,18,FPO,76009,Virginia Polkinghorne,884,188,0.0,0.0,0.0,0.0,0.0,0.0,0.0,0.0,212.0,,
2026-08-07,2026-08-07T00:28:23,18,FPO,77385,Matilda Ringbom,947,45,274.0,0.00926,0.0,0.16681,0.00035,0.00867,0.0,330.8,50.1,96418,
2026-08-07,2026-08-07T00:28:23,18,FPO,78232,Tiger Borth,899,125,21.0,0.0,0.0,0.0,0.0,0.0,0.0,23.3,125.1,97344,
2026-08-07,2026-08-07T00:28:23,18,FPO,79233,Cadence Burge,971,73,95.25,0.3637,0.00229,0.99331,0.67231,0.2693,0.0,658.7,32.8,96415;96416;97344;96417;96418,
2026-08-07,2026-08-07T00:28:23,18,FPO,80935,Lindsey Maas,902,93,50.25,0.0,0.0,0.0,0.0,0.0,0.0,52.7,93.5,97344,
2026-08-07,2026-08-07T00:28:23,18,FPO,82809,Alex von Stade,893,122,22.0,0.0,0.0,0.0,0.0,0.0,0.0,22.0,126.4,,
2026-08-07,2026-08-07T00:28:23,18,FPO,83376,Cassandra Lioi,890,147,8.0,0.0,0.0,0.0,0.0,0.0,0.0,8.0,151.2,,
2026-08-07,2026-08-07T00:28:23,18,FPO,84279,Kaidi Allsalu,956,51,203.62,0.04166,0.0,0.0,0.0,0.03904,0.0,297.6,52.5,,
2026-08-07,2026-08-07T00:28:23,18,FPO,85189,Samantha Bonacci,870,135,16.5,0.0,0.0,0.0,0.0,0.0,0.0,16.5,139.3,,
2026-08-07,2026-08-07T00:28:23,18,FPO,85484,Anneli Tõugjas-Männiste,957,28,498.5,0.12733,0.01087,1.0,0.99975,0.09913,0.0,788.3,26.9,96415;97344;96417;96418;96419,
2026-08-07,2026-08-07T00:28:23,18,FPO,85942,Missy Gannon,985,4,1506.16,1.0,1.0,1.0,1.0,0.0,0.00105,1890.9,4.1,96415;96416;97344;96417;96418;96419,
2026-08-07,2026-08-07T00:28:23,18,FPO,87094,Rose Shertick,918,210,0.0,0.0,0.0,0.0,0.0,0.0,0.0,6.6,181.6,97344,
2026-08-07,2026-08-07T00:28:23,18,FPO,87443,Andrea Cammack,874,161,2.0,0.0,0.0,0.0,0.0,0.0,0.0,2.0,164.9,,
2026-08-07,2026-08-07T00:28:23,18,FPO,94085,Keiti Tätte,957,54,184.12,0.01988,0.0,0.0,0.0,0.0186,0.0,225.8,58.1,,
2026-08-07,2026-08-07T00:28:23,18,FPO,96090,Sonja Laine,899,106,36.0,0.0,0.0,0.0,0.0,0.0,0.0,36.0,108.1,,
2026-08-07,2026-08-07T00:28:23,18,FPO,96480,Tori Pasquin,833,172,2.0,0.0,0.0,0.0,0.0,0.0,0.0,2.0,173.1,,
2026-08-07,2026-08-07T00:28:23,18,FPO,97238,Jannicke Hjemli,862,145,9.75,0.0,0.0,0.0,0.0,0.0,0.0,9.8,149.0,,
2026-08-07,2026-08-07T00:28:23,18,FPO,99441,Lykke Lorentzen,923,96,48.0,0.0,0.0,0.0,0.0,0.0,0.0,48.0,98.0,,
2026-08-07,2026-08-07T00:28:23,18,FPO,99455,Kat Mertsch,964,9,1015.42,1.0,1.0,1.0,1.0,0.0,0.0,1301.5,9.6,96415;96416;97344;96417;96418;96419,
2026-08-07,2026-08-07T00:28:23,18,FPO,101949,Ratana McMahon,885,59,129.75,0.0,0.0,0.0,0.0,0.0,0.0,129.8,68.9,,
2026-08-07,2026-08-07T00:28:23,18,FPO,102024,Danielle Keen,896,179,0.0,0.0,0.0,0.0,0.0,0.0,0.0,0.0,202.0,,
2026-08-07,2026-08-07T00:28:23,18,FPO,103743,Karen Martel,926,137,15.0,0.0,0.0,0.0,0.0,0.0,0.0,27.9,126.2,97344,
2026-08-07,2026-08-07T00:28:23,18,FPO,104187,Macie Velediaz,957,43,294.67,0.07594,3e-05,1.0,0.40516,0.05899,0.0,552.0,37.4,97344;96417;96418,
2026-08-07,2026-08-07T00:28:23,18,FPO,104314,Violet Main,945,41,317.0,0.00952,0.0,1.0,0.0447,0.0067,0.0,430.1,43.3,97344;96417;96418,
2026-08-07,2026-08-07T00:28:23,18,FPO,104814,Ellie Bryant,904,119,23.75,0.0,0.0,0.0,0.0,0.0,0.0,29.9,115.0,96415,
2026-08-07,2026-08-07T00:28:23,18,FPO,105126,Aria Castruita,949,98,46.5,0.0,0.0,0.0,0.0,0.0,0.0,46.5,100.0,,
2026-08-07,2026-08-07T00:28:23,18,FPO,106489,Anna Pinter,875,124,21.75,0.0,0.0,0.0,0.0,0.0,0.0,21.8,128.1,,
2026-08-07,2026-08-07T00:28:23,18,FPO,107297,Maria Liivamägi,857,117,24.0,0.0,0.0,0.0,0.0,0.0,0.0,24.0,121.7,,
2026-08-07,2026-08-07T00:28:23,18,FPO,107335,Silva Saarinen,991,2,1695.17,1.0,1.0,1.0,1.0,0.0,0.58411,2241.1,1.5,96415;96416;97344;96418;96419,
2026-08-07,2026-08-07T00:28:23,18,FPO,107780,Shelbi Dutton,932,191,0.0,1e-05,0.0,0.0,0.0,0.0,0.0,25.3,126.3,96415,
2026-08-07,2026-08-07T00:28:23,18,FPO,108871,Brook Johnson,905,116,24.0,0.0,0.0,0.0,0.0,0.0,0.0,26.7,117.9,97344,
2026-08-07,2026-08-07T00:28:23,18,FPO,109337,Cathy Kuhn,860,178,0.0,0.0,0.0,0.0,0.0,0.0,0.0,0.0,203.0,,
2026-08-07,2026-08-07T00:28:23,18,FPO,109996,Anniken Kristiansen Steen,964,20,700.29,0.2616,0.13821,1.0,1.0,0.1211,0.0,913.9,21.7,97344;96418;96419,
2026-08-07,2026-08-07T00:28:23,18,FPO,111487,Emily Weatherman,958,14,843.83,0.96423,0.96412,1.0,1.0,0.00011,0.0,1136.3,13.9,96415;96416;97344;96417;96418;96419,
2026-08-07,2026-08-07T00:28:23,18,FPO,112647,Hanna Huynh,962,19,709.33,0.93373,0.9326,1.0,1.0,0.00097,0.0,1133.8,14.1,96415;96416;97344;96417;96418;96419,
2026-08-07,2026-08-07T00:28:23,18,FPO,115503,Olivia Kindstedt,946,53,189.0,0.00791,0.0,0.13087,0.00087,0.00712,0.0,291.0,53.1,97344,
2026-08-07,2026-08-07T00:28:23,18,FPO,116694,Kristi Unt,925,99,45.0,0.0,0.0,0.0,0.0,0.0,0.0,45.0,101.1,,
2026-08-07,2026-08-07T00:28:23,18,FPO,120770,Jami Gust,884,203,0.0,0.0,0.0,0.0,0.0,0.0,0.0,2.0,181.9,97344,
2026-08-07,2026-08-07T00:28:23,18,FPO,121554,Elina Rydberg,898,120,23.25,0.0,0.0,0.0,0.0,0.0,0.0,23.2,123.3,,
2026-08-07,2026-08-07T00:28:23,18,FPO,124064,Shelby Cowen,914,58,135.0,0.0,0.0,1e-05,0.0,0.0,0.0,167.4,63.1,96415;96417,
2026-08-07,2026-08-07T00:28:23,18,FPO,126226,Kati Chachere,843,171,2.0,0.0,0.0,0.0,0.0,0.0,0.0,2.0,171.0,,
2026-08-07,2026-08-07T00:28:23,18,FPO,128395,Michelle Saggboy,894,157,2.0,0.0,0.0,0.0,0.0,0.0,0.0,2.0,161.0,,
2026-08-07,2026-08-07T00:28:23,18,FPO,128532,Maarja Soasepp,905,100,42.0,0.0,0.0,0.0,0.0,0.0,0.0,42.0,102.5,,
2026-08-07,2026-08-07T00:28:23,18,FPO,130187,Kat Johnson,910,205,0.0,0.0,0.0,0.0,0.0,0.0,0.0,3.6,176.2,97344,
2026-08-07,2026-08-07T00:28:23,18,FPO,130342,Chantel Budinsky,957,57,136.5,0.06224,0.0,0.46253,0.01995,0.04507,0.0,381.1,46.9,97344;96417,
2026-08-07,2026-08-07T00:28:23,18,FPO,130822,Hannah Manis,932,201,0.0,1e-05,0.0,1e-05,0.0,0.0,0.0,20.5,149.4,97344,
2026-08-07,2026-08-07T00:28:23,18,FPO,131583,Hannah Lengel,954,86,66.0,0.0094,0.0,0.0,0.0,0.00073,0.0,127.1,71.8,96417,
2026-08-07,2026-08-07T00:28:23,18,FPO,132291,Ashley Phelps,904,121,23.0,0.0,0.0,0.0,0.0,0.0,0.0,23.0,124.4,,
2026-08-07,2026-08-07T00:28:23,18,FPO,132627,Jenn Cazanov-Diggs,905,154,2.0,0.0,0.0,0.0,0.0,0.0,0.0,2.0,171.3,,
2026-08-07,2026-08-07T00:28:23,18,FPO,133547,Holyn Handley,986,1,1713.67,1.0,1.0,1.0,1.0,0.0,0.06503,2083.2,2.8,96415;96416;97344;96418;96419,
2026-08-07,2026-08-07T00:28:23,18,FPO,133701,Nathalie Ortiz,907,87,64.25,0.0,0.0,0.0,0.0,0.0,0.0,64.2,89.2,,
2026-08-07,2026-08-07T00:28:23,18,FPO,135383,Emma Arp,912,152,5.0,0.0,0.0,0.0,0.0,0.0,0.0,5.0,156.4,,
2026-08-07,2026-08-07T00:28:23,18,FPO,138272,Raven Klein,941,25,518.5,0.01852,0.0003,1.0,0.99848,0.01685,0.0,709.7,30.6,96415;96416;97344;96417;96418,
2026-08-07,2026-08-07T00:28:23,18,FPO,139109,Leah Tsinajinnie,927,74,95.0,1e-05,0.0,0.00039,0.0,0.0,0.0,130.3,70.7,96415;97344,
2026-08-07,2026-08-07T00:28:23,18,FPO,139387,Hanna Jansson,903,94,50.25,0.0,0.0,0.0,0.0,0.0,0.0,50.2,95.8,,
2026-08-07,2026-08-07T00:28:23,18,FPO,139738,Megan Dophal,908,209,0.0,0.0,0.0,0.0,0.0,0.0,0.0,3.2,189.5,97344,
2026-08-07,2026-08-07T00:28:23,18,FPO,140660,María Eldey Kristínardóttir,916,77,91.5,0.0,0.0,0.0,0.0,0.0,0.0,91.5,81.4,,
2026-08-07,2026-08-07T00:28:23,18,FPO,140947,Nina Bennett,946,62,126.5,0.00896,0.0,0.11543,0.00076,0.006,0.0,266.2,55.1,97344;96417,
2026-08-07,2026-08-07T00:28:23,18,FPO,142259,Katheryn Maloney,901,206,0.0,0.0,0.0,0.0,0.0,0.0,0.0,2.4,178.0,97344,
2026-08-07,2026-08-07T00:28:23,18,FPO,142354,Alexis Kerman,921,52,197.0,5e-05,0.0,0.19104,1e-05,2e-05,0.0,275.3,54.3,96415;96416;97344;96417;96418,
2026-08-07,2026-08-07T00:28:23,18,FPO,143423,Ember Simonis,916,198,0.0,0.0,0.0,0.0,0.0,0.0,0.0,5.6,178.0,97344,
2026-08-07,2026-08-07T00:28:23,18,FPO,143720,Jessica Kinard,906,192,0.0,0.0,0.0,0.0,0.0,0.0,0.0,22.8,127.8,96416,
2026-08-07,2026-08-07T00:28:23,18,FPO,144112,Ella Hansen,976,5,1421.58,1.0,1.0,1.0,1.0,0.0,0.0,1712.9,5.5,96415;96416;97344;96418;96419,
2026-08-07,2026-08-07T00:28:23,18,FPO,144791,Emily Yale,893,75,92.0,0.0,0.0,0.0,0.0,0.0,0.0,117.2,73.4,96415;96416;97344,
2026-08-07,2026-08-07T00:28:23,18,FPO,146137,Dani K. Hart,951,27,502.5,0.06623,0.00515,1.0,0.99994,0.05369,0.0,775.3,27.4,96415;96416;97344;96417;96418;96419,
2026-08-07,2026-08-07T00:28:23,18,FPO,146304,MJ Gager,933,36,355.83,0.00072,0.0,1.0,0.03285,0.00046,0.0,440.4,42.4,96415;97344;96417;96418,
2026-08-07,2026-08-07T00:28:23,18,FPO,147050,Ali Smith,946,68,112.5,0.0,0.0,0.0,0.0,0.0,0.0,112.5,74.6,,
2026-08-07,2026-08-07T00:28:23,18,FPO,147393,Sadie Shattuck,866,136,16.0,0.0,0.0,0.0,0.0,0.0,0.0,16.0,140.3,,
2026-08-07,2026-08-07T00:28:23,18,FPO,149548,VicToria Scott,887,212,0.0,0.0,0.0,0.0,0.0,0.0,0.0,2.0,195.9,97344,
2026-08-07,2026-08-07T00:28:23,18,FPO,149803,Candyce Boyce,895,109,33.0,0.0,0.0,0.0,0.0,0.0,0.0,33.0,111.5,,
2026-08-07,2026-08-07T00:28:23,18,FPO,150057,Hailey Huber,932,81,81.0,4e-05,0.0,0.0,0.0,0.0,0.0,106.3,76.7,96415,
2026-08-07,2026-08-07T00:28:23,18,FPO,151072,Jennifer Rice,894,131,18.0,0.0,0.0,0.0,0.0,0.0,0.0,18.0,135.1,,
2026-08-07,2026-08-07T00:28:23,18,FPO,152191,Kelley Foster,933,35,367.5,0.00163,0.0,1.0,0.15741,0.00116,0.0,489.0,39.6,96415;96416;96417;96418,
2026-08-07,2026-08-07T00:28:23,18,FPO,154098,Ariel Walker,943,101,40.25,0.00022,0.0,0.00026,0.0,0.0001,0.0,83.5,86.1,97344,
2026-08-07,2026-08-07T00:28:23,18,FPO,155026,Amanda Lennartsson,947,33,409.0,0.00988,0.0,1.0,0.06699,0.00911,0.0,465.7,41.1,96418,
2026-08-07,2026-08-07T00:28:23,18,FPO,156259,Ella Tejler,898,85,73.5,0.0,0.0,0.0,0.0,0.0,0.0,73.5,87.8,,
2026-08-07,2026-08-07T00:28:23,18,FPO,156781,Audrey Wicklander,891,194,0.0,0.0,0.0,0.0,0.0,0.0,0.0,2.1,188.6,97344,
2026-08-07,2026-08-07T00:28:23,18,FPO,157471,Nid Ovathanasin,936,133,17.67,2e-05,0.0,3e-05,0.0,0.0,0.0,45.0,109.5,97344,
2026-08-07,2026-08-07T00:28:23,18,FPO,158385,Destyne Martinez,865,153,2.0,0.0,0.0,0.0,0.0,0.0,0.0,2.0,162.6,,
2026-08-07,2026-08-07T00:28:23,18,FPO,158461,Shiru Liu,914,88,63.5,0.0,0.0,0.0,0.0,0.0,0.0,63.5,90.3,,
2026-08-07,2026-08-07T00:28:23,18,FPO,160103,Jacquelyn DeLude,877,202,0.0,0.0,0.0,0.0,0.0,0.0,0.0,2.0,182.7,97344,
2026-08-07,2026-08-07T00:28:23,18,FPO,161231,Sarah May,856,167,2.0,0.0,0.0,0.0,0.0,0.0,0.0,2.0,174.9,,
2026-08-07,2026-08-07T00:28:23,18,FPO,161918,Addison Woodard,950,40,317.08,0.05139,0.00042,1.0,0.87819,0.04425,0.0,661.6,32.7,96415;96416;97344;96417;96418,
2026-08-07,2026-08-07T00:28:23,18,FPO,162735,Eden Fornoff,922,175,1.33,0.0,0.0,0.0,0.0,0.0,0.0,40.8,105.9,96415;96416,
2026-08-07,2026-08-07T00:28:23,18,FPO,162896,Therese Cuevas,937,49,231.5,0.00121,0.0,0.20951,0.0003,0.00111,0.0,290.2,53.1,97344;96418,
2026-08-07,2026-08-07T00:28:23,18,FPO,164788,Alecia Hinkson,930,67,113.83,0.00029,0.0,0.01261,0.0,7e-05,0.0,193.9,60.8,96415;97344;96417,
2026-08-07,2026-08-07T00:28:23,18,FPO,165652,Ceci Vollbrecht,899,195,0.0,0.0,0.0,0.0,0.0,0.0,0.0,2.3,188.4,97344,
2026-08-07,2026-08-07T00:28:23,18,FPO,166082,Ashton Webberley,904,158,2.0,0.0,0.0,0.0,0.0,0.0,0.0,2.0,163.0,,
2026-08-07,2026-08-07T00:28:23,18,FPO,166749,Mackenzie Morris,884,146,9.0,0.0,0.0,0.0,0.0,0.0,0.0,9.0,150.1,,
2026-08-07,2026-08-07T00:28:23,18,FPO,167255,AK Kaestner,820,174,2.0,0.0,0.0,0.0,0.0,0.0,0.0,2.0,177.5,,
2026-08-07,2026-08-07T00:28:23,18,FPO,168863,Trinity Bryant,921,48,235.0,6e-05,0.0,0.83942,0.00017,2e-05,0.0,316.1,50.9,96416;97344;96417;96418,
2026-08-07,2026-08-07T00:28:23,18,FPO,170182,Rebecca Minnick,865,111,29.0,0.0,0.0,0.0,0.0,0.0,0.0,29.0,114.1,,
2026-08-07,2026-08-07T00:28:23,18,FPO,173601,Marie Kielas,914,92,51.0,0.0,0.0,0.0,0.0,0.0,0.0,51.0,94.7,,
2026-08-07,2026-08-07T00:28:23,18,FPO,176242,Morgan Lynds,931,66,115.75,0.00021,0.0,0.00541,0.0,7e-05,0.0,171.2,63.2,97344;96417,
2026-08-07,2026-08-07T00:28:23,18,FPO,176243,Jordan Lynds,945,56,145.25,0.00833,0.0,0.16289,0.001,0.00577,0.0,285.0,53.5,97344;96417,
2026-08-07,2026-08-07T00:28:23,18,FPO,176481,Karissa Dedmon,917,89,59.0,0.0,0.0,0.0,0.0,0.0,0.0,65.0,90.0,97344,
2026-08-07,2026-08-07T00:28:23,18,FPO,178707,Joleigh Miller,929,71,102.0,0.0,0.0,0.0,0.0,0.0,0.0,102.0,78.5,,
2026-08-07,2026-08-07T00:28:23,18,FPO,178748,Kendyl Sullivan,887,164,2.0,0.0,0.0,0.0,0.0,0.0,0.0,2.0,176.0,,
2026-08-07,2026-08-07T00:28:23,18,FPO,179200,Jamie Williams,863,183,0.0,0.0,0.0,0.0,0.0,0.0,0.0,0.0,207.0,,
2026-08-07,2026-08-07T00:28:23,18,FPO,179873,Jenny Larsson,921,91,54.0,0.0,0.0,0.0,0.0,0.0,0.0,54.0,92.6,,
2026-08-07,2026-08-07T00:28:23,18,FPO,181772,Ida Emilie Nesse,948,34,400.0,0.04541,0.0016,1.0,0.98619,0.03938,0.0,718.3,30.2,96415;96416;97344;96417;96418,
2026-08-07,2026-08-07T00:28:23,18,FPO,182450,Kajsa Wahl,893,105,36.75,0.0,0.0,0.0,0.0,0.0,0.0,36.8,107.0,,
2026-08-07,2026-08-07T00:28:23,18,FPO,184609,Elva-Kate Preston,908,64,118.25,0.0,0.0,2e-05,0.0,0.0,0.0,129.4,69.9,96415;97344,
2026-08-07,2026-08-07T00:28:23,18,FPO,184736,Jennifer Smiley,934,37,337.75,0.0017,0.0,1.0,0.14291,0.00132,0.0,477.9,40.3,96415;96416;97344;96417;96418,
2026-08-07,2026-08-07T00:28:23,18,FPO,185057,Josefine Johansson,934,80,81.0,3e-05,0.0,0.00029,0.0,1e-05,0.0,105.2,77.7,97344,
2026-08-07,2026-08-07T00:28:23,18,FPO,185534,Sofia Donnecke,961,24,547.5,0.15568,0.00016,1.0,0.99284,0.15043,0.0,709.9,30.6,96418,
2026-08-07,2026-08-07T00:28:23,18,FPO,185627,Athena Cuevas,866,138,14.0,0.0,0.0,0.0,0.0,0.0,0.0,14.0,141.7,,
2026-08-07,2026-08-07T00:28:23,18,FPO,186277,Kassandra Fog Wichmann,871,150,6.0,0.0,0.0,0.0,0.0,0.0,0.0,6.0,154.5,,
2026-08-07,2026-08-07T00:28:23,18,FPO,186629,Sanne Dalseth,880,140,13.5,0.0,0.0,0.0,0.0,0.0,0.0,13.5,143.4,,
2026-08-07,2026-08-07T00:28:23,18,FPO,188837,JJ Sun,883,186,0.0,0.0,0.0,0.0,0.0,0.0,0.0,0.0,210.0,,
2026-08-07,2026-08-07T00:28:23,18,FPO,189702,Taylor Chocek,947,16,805.95,0.28279,0.27498,1.0,1.0,0.00774,0.0,969.0,19.6,96415;96416;96418;96419,
2026-08-07,2026-08-07T00:28:23,18,FPO,193215,Lexi Marx,929,90,57.5,1e-05,0.0,0.0002,0.0,0.0,0.0,96.6,80.2,96415;97344,
2026-08-07,2026-08-07T00:28:23,18,FPO,195549,Kylie Kohut,933,38,331.0,0.00057,0.0,1.0,0.00746,0.00051,0.0,407.0,44.5,96415;96416;96418,
2026-08-07,2026-08-07T00:28:23,18,FPO,195550,Peyton Kohut,913,69,108.5,0.0,0.0,0.0,0.0,0.0,0.0,146.4,66.1,96415;96416,
2026-08-07,2026-08-07T00:28:23,18,FPO,196237,Kaire Tekku,923,83,78.75,0.0,0.0,0.0,0.0,0.0,0.0,78.8,85.6,,
2026-08-07,2026-08-07T00:28:23,18,FPO,197689,Isabella Parker,877,130,18.0,0.0,0.0,0.0,0.0,0.0,0.0,18.0,135.7,,
2026-08-07,2026-08-07T00:28:23,18,FPO,198446,Eliezra Midtlyng,948,13,851.58,0.58707,0.58499,1.0,1.0,0.002,0.0,1018.1,17.9,96415;96416;97344;96417;96418;96419,
2026-08-07,2026-08-07T00:28:23,18,FPO,198721,Hannah Kellar,898,103,38.0,0.0,0.0,0.0,0.0,0.0,0.0,38.0,105.0,,
2026-08-07,2026-08-07T00:28:23,18,FPO,202571,Elizabete Pēkšena,932,50,205.5,0.00033,0.0,0.04701,1e-05,0.0003,0.0,247.1,56.4,97344;96418,
2026-08-07,2026-08-07T00:28:23,18,FPO,208576,Rebecca Don,961,10,937.99,0.99759,0.99759,1.0,1.0,0.0,0.0,1199.2,12.1,96415;96416;97344;96418;96419,
2026-08-07,2026-08-07T00:28:23,18,FPO,209432,Eden Fletcher,905,104,38.0,0.0,0.0,0.0,0.0,0.0,0.0,38.0,105.9,,
2026-08-07,2026-08-07T00:28:23,18,FPO,209462,Erika Apple,854,173,2.0,0.0,0.0,0.0,0.0,0.0,0.0,2.0,175.3,,
2026-08-07,2026-08-07T00:28:23,18,FPO,210287,Mara Neal,864,166,2.0,0.0,0.0,0.0,0.0,0.0,0.0,2.0,169.5,,
2026-08-07,2026-08-07T00:28:23,18,FPO,210972,Kristýna Jurčíková,970,39,331.0,0.27688,0.00077,1.0,0.69475,0.25063,0.0,653.3,33.0,97344;96418,
2026-08-07,2026-08-07T00:28:23,18,FPO,214417,Fleur Verberk,899,199,0.0,0.0,0.0,0.0,0.0,0.0,0.0,2.3,184.9,97344,
2026-08-07,2026-08-07T00:28:23,18,FPO,215439,Sheliemae Lai,946,76,92.0,0.0,0.0,0.0,0.0,0.0,0.0,92.0,80.4,,
2026-08-07,2026-08-07T00:28:23,18,FPO,215495,Kelsey Martin,877,207,0.0,0.0,0.0,0.0,0.0,0.0,0.0,2.0,188.4,97344,
2026-08-07,2026-08-07T00:28:23,18,FPO,216558,Iida Lehtomäki,963,31,430.25,0.12035,0.0,1.0,0.45183,0.10923,0.0,575.4,36.3,97344;96418,
2026-08-07,2026-08-07T00:28:23,18,FPO,217892,Katie Tews,892,115,25.5,0.0,0.0,0.0,0.0,0.0,0.0,25.5,119.6,,
2026-08-07,2026-08-07T00:28:23,18,FPO,218760,Sarah Duran,865,143,11.0,0.0,0.0,0.0,0.0,0.0,0.0,11.0,146.9,,
2026-08-07,2026-08-07T00:28:23,18,FPO,218779,Amanda Brightwell,831,169,2.0,0.0,0.0,0.0,0.0,0.0,0.0,2.0,170.0,,
2026-08-07,2026-08-07T00:28:23,18,FPO,219693,Anna Damberga,864,126,21.0,0.0,0.0,0.0,0.0,0.0,0.0,21.0,129.7,,
2026-08-07,2026-08-07T00:28:23,18,FPO,221583,Evie Lou Ramey,894,189,0.0,0.0,0.0,0.0,0.0,0.0,0.0,0.0,209.0,,
2026-08-07,2026-08-07T00:28:23,18,FPO,222693,Tanisha Platero,856,160,2.0,0.0,0.0,0.0,0.0,0.0,0.0,2.0,161.0,,
2026-08-07,2026-08-07T00:28:23,18,FPO,222973,Martje Sumowski,913,110,33.0,0.0,0.0,0.0,0.0,0.0,0.0,33.0,112.3,,
2026-08-07,2026-08-07T00:28:23,18,FPO,223975,Laura Tatiana Niño Carranza,875,155,2.0,0.0,0.0,0.0,0.0,0.0,0.0,4.0,157.6,97344,
2026-08-07,2026-08-07T00:28:23,18,FPO,224238,Julia Fors,962,32,428.5,0.15734,0.00127,1.0,0.89388,0.14586,0.0,688.7,31.5,97344;96418,
2026-08-07,2026-08-07T00:28:23,18,FPO,225016,Naomi Suyat,869,185,0.0,0.0,0.0,0.0,0.0,0.0,0.0,0.0,199.0,,
2026-08-07,2026-08-07T00:28:23,18,FPO,227315,Sarah Wadsworth,901,190,0.0,0.0,0.0,0.0,0.0,0.0,0.0,5.0,173.5,96415,
2026-08-07,2026-08-07T00:28:23,18,FPO,228486,Stefani Ewell,857,144,10.0,0.0,0.0,0.0,0.0,0.0,0.0,10.0,148.0,,
2026-08-07,2026-08-07T00:28:23,18,FPO,229526,Sintija Klezberga,955,15,815.5,0.8312,0.83032,1.0,1.0,0.00081,0.0,1064.4,16.3,96415;97344;96417;96418;96419,
2026-08-07,2026-08-07T00:28:23,18,FPO,231650,Tailey Rowley,911,65,117.25,0.0,0.0,0.0,0.0,0.0,0.0,130.6,69.7,96415;97344,
2026-08-07,2026-08-07T00:28:23,18,FPO,232666,Rebecka Hoppe,850,151,6.0,0.0,0.0,0.0,0.0,0.0,0.0,6.0,154.1,,
2026-08-07,2026-08-07T00:28:23,18,FPO,232722,Julia Hauch,911,204,0.0,0.0,0.0,0.0,0.0,0.0,0.0,3.9,176.4,97344,
2026-08-07,2026-08-07T00:28:23,18,FPO,235368,Madalyn Payton,896,176,0.0,0.0,0.0,0.0,0.0,0.0,0.0,0.0,206.0,,
2026-08-07,2026-08-07T00:28:23,18,FPO,238187,Ann Deputy,918,82,80.25,0.0,0.0,0.0,0.0,0.0,0.0,86.9,82.9,97344,
2026-08-07,2026-08-07T00:28:23,18,FPO,240590,Amelia Saechao,873,118,24.0,0.0,0.0,0.0,0.0,0.0,0.0,24.0,121.8,,
2026-08-07,2026-08-07T00:28:23,18,FPO,242116,Eva Lutsenko,924,123,21.75,0.0,0.0,0.0,0.0,0.0,0.0,21.8,127.8,,
2026-08-07,2026-08-07T00:28:23,18,FPO,242331,Ida Kennmark,867,139,13.5,0.0,0.0,0.0,0.0,0.0,0.0,13.5,143.1,,
2026-08-07,2026-08-07T00:28:23,18,FPO,245180,Chelsea Sutton,859,170,2.0,0.0,0.0,0.0,0.0,0.0,0.0,2.0,172.0,,
2026-08-07,2026-08-07T00:28:23,18,FPO,245306,Netta Leppäaho,945,70,105.75,0.0,0.0,0.0,0.0,0.0,0.0,105.8,76.8,,
2026-08-07,2026-08-07T00:28:23,18,FPO,245317,Sophi Stephenson,859,141,12.0,0.0,0.0,0.0,0.0,0.0,0.0,12.0,144.8,,
2026-08-07,2026-08-07T00:28:23,18,FPO,254333,Jess Zilch,874,128,19.5,0.0,0.0,0.0,0.0,0.0,0.0,19.5,131.7,,
2026-08-07,2026-08-07T00:28:23,18,FPO,255962,Samantha Zaborowski,901,211,0.0,0.0,0.0,0.0,0.0,0.0,0.0,2.4,193.6,97344,
2026-08-07,2026-08-07T00:28:23,18,FPO,256846,Lea Tomas,888,208,0.0,0.0,0.0,0.0,0.0,0.0,0.0,2.0,196.2,97344,
2026-08-07,2026-08-07T00:28:23,18,FPO,259972,Marion Mattsson,858,142,11.25,0.0,0.0,0.0,0.0,0.0,0.0,11.2,145.9,,
2026-08-07,2026-08-07T00:28:23,18,FPO,261058,Jessica Erickson,891,95,49.0,0.0,0.0,0.0,0.0,0.0,0.0,49.0,96.8,,
2026-08-07,2026-08-07T00:28:23,18,FPO,261216,Victoria Christensen,863,134,17.25,0.0,0.0,0.0,0.0,0.0,0.0,17.2,137.6,,
2026-08-07,2026-08-07T00:28:23,18,FPO,268900,Natalie Berg,883,127,19.5,0.0,0.0,0.0,0.0,0.0,0.0,19.5,131.7,,
2026-08-07,2026-08-07T00:28:23,18,FPO,269838,Daisy Kelly,882,184,0.0,0.0,0.0,0.0,0.0,0.0,0.0,0.0,208.0,,
2026-08-07,2026-08-07T00:28:23,18,FPO,277832,Chandler Reigh,939,26,511.25,0.01364,7e-05,1.0,0.99666,0.01272,0.0,680.1,32.1,96415;96416;97344;96417;96418,
2026-08-07,2026-08-07T00:28:23,18,FPO,278450,Brit Hamburg-Kiin,854,113,28.5,0.0,0.0,0.0,0.0,0.0,0.0,28.5,115.8,,
2026-08-07,2026-08-07T00:28:23,18,FPO,279466,Gry Nagel,820,132,18.0,0.0,0.0,0.0,0.0,0.0,0.0,18.0,133.9,,
2026-08-07,2026-08-07T00:28:23,18,FPO,281626,Una Lokmane,878,112,28.5,0.0,0.0,0.0,0.0,0.0,0.0,28.5,115.4,,
2026-08-07,2026-08-07T00:28:23,18,FPO,284553,Katherine Aydelott,861,149,6.0,0.0,0.0,0.0,0.0,0.0,0.0,6.0,154.3,,
2026-08-07,2026-08-07T00:28:23,18,FPO,286978,Michelle Southworth,800,168,2.0,0.0,0.0,0.0,0.0,0.0,0.0,2.0,169.0,,
2026-08-07,2026-08-07T00:28:23,18,FPO,288014,Jordan Coomes,840,129,18.0,0.0,0.0,0.0,0.0,0.0,0.0,18.0,135.5,,
2026-08-07,2026-08-07T00:28:23,18,FPO,297287,Marta Villa,856,165,2.0,0.0,0.0,0.0,0.0,0.0,0.0,2.0,165.1,,
2026-08-07,2026-08-07T00:28:23,18,FPO,302765,Grace Wilson,891,200,0.0,0.0,0.0,0.0,0.0,0.0,0.0,2.1,185.5,97344,
2026-08-07,2026-08-07T00:28:23,18,FPO,308525,Saga Dahlstedt,917,60,127.5,0.0,0.0,0.0,0.0,0.0,0.0,127.5,70.4,,
2026-08-07,2026-08-07T00:28:23,18,FPO,311218,Mina Alme,902,107,35.25,0.0,0.0,0.0,0.0,0.0,0.0,35.2,109.2,,
2026-08-08,2026-08-08T06:51:49,18,FPO,3024,Chris O'Cleary,914,196,0.0,0.0,0.0,0.0,0.0,0.0,0.0,4.8,180.8,97344,
2026-08-08,2026-08-08T06:51:49,18,FPO,3090,Elaine King,888,197,0.0,0.0,0.0,0.0,0.0,0.0,0.0,2.0,187.7,97344,
2026-08-08,2026-08-08T06:51:49,18,FPO,8803,Ruth Steele,872,163,2.0,0.0,0.0,0.0,0.0,0.0,0.0,2.0,167.0,,
2026-08-08,2026-08-08T06:51:49,18,FPO,15354,Jennifer Allen,967,42,313.0,0.19671,0.00014,0.99985,0.49957,0.17795,0.0,600.4,35.4,97344;96418,
2026-08-08,2026-08-08T06:51:49,18,FPO,27832,Kona Star Montgomery,949,23,611.0,0.09721,0.06108,1.0,1.0,0.03321,0.0,878.8,22.9,96415;96416;97344;96417;96418;96419,
2026-08-08,2026-08-08T06:51:49,18,FPO,29190,Paige Pierce,968,17,747.17,0.9539,0.95261,1.0,1.0,0.00128,0.0,1143.7,13.9,96415;96416;97344;96418;96419,
2026-08-08,2026-08-08T06:51:49,18,FPO,29947,Stephanie Vincent,925,114,28.0,0.0,0.0,0.0,0.0,0.0,0.0,28.0,117.1,,
2026-08-08,2026-08-08T06:51:49,18,FPO,31041,Sheila Teves,883,182,0.0,0.0,0.0,0.0,0.0,0.0,0.0,0.0,200.0,,
2026-08-08,2026-08-08T06:51:49,18,FPO,32654,Lisa Fajkus,958,22,639.83,0.22919,0.1642,1.0,1.0,0.05747,0.0,930.4,21.0,96415;96416;96417;96418;96419,
2026-08-08,2026-08-08T06:51:49,18,FPO,32917,Rebecca Cox,951,29,489.0,0.07057,0.01359,1.0,0.99986,0.05088,0.0,796.4,26.4,96415;96416;97344;96417;96418;96419,
2026-08-08,2026-08-08T06:51:49,18,FPO,32925,Lindsay Fish,882,156,2.0,0.0,0.0,0.0,0.0,0.0,0.0,2.0,185.9,,
2026-08-08,2026-08-08T06:51:49,18,FPO,34563,Sarah Hokom,949,61,127.0,0.02057,0.0,0.84507,0.05129,0.01395,0.0,411.3,44.8,96415;96416;97344;96417;96418,
2026-08-08,2026-08-08T06:51:49,18,FPO,35321,Sofie Björlycke,936,79,83.25,0.0,0.0,0.0,0.0,0.0,0.0,83.2,83.3,,
2026-08-08,2026-08-08T06:51:49,18,FPO,35774,Camilla Jernberg,873,148,7.5,0.0,0.0,0.0,0.0,0.0,0.0,7.5,152.6,,
2026-08-08,2026-08-08T06:51:49,18,FPO,36307,Amanda Branch,887,193,0.0,0.0,0.0,0.0,0.0,0.0,0.0,2.0,190.2,97344,
2026-08-08,2026-08-08T06:51:49,18,FPO,39504,Zoe AnDyke,930,84,77.0,0.0,0.0,0.0,0.0,0.0,0.0,77.0,86.8,,
2026-08-08,2026-08-08T06:51:49,18,FPO,43995,Taylor Foth,902,180,0.0,0.0,0.0,0.0,0.0,0.0,0.0,0.0,201.0,,
2026-08-08,2026-08-08T06:51:49,18,FPO,44184,Catrina Allen,961,7,1125.75,1.0,1.0,1.0,1.0,0.0,0.0,1356.4,8.7,96415;96416;97344;96417;96418;96419,
2026-08-08,2026-08-08T06:51:49,18,FPO,45407,Brittney Armentrout,851,159,2.0,0.0,0.0,0.0,0.0,0.0,0.0,2.0,162.0,,
2026-08-08,2026-08-08T06:51:49,18,FPO,48199,Alison Blakeman,870,187,0.0,0.0,0.0,0.0,0.0,0.0,0.0,0.0,211.0,,
2026-08-08,2026-08-08T06:51:49,18,FPO,48976,Ohn Scoggins,990,3,1598.33,1.0,1.0,1.0,1.0,0.0,0.5524,2179.3,1.6,96415;96416;97344;96417;96418;96419,
2026-08-08,2026-08-08T06:51:49,18,FPO,50656,Jessica Gurthie,955,18,745.0,1.0,0.83911,1.0,1.0,0.00147,0.0,1078.4,15.9,96415;96416;97344;96417;96418;96419,
2026-08-08,2026-08-08T06:51:49,18,FPO,51277,Holly Finley,929,46,265.0,0.00038,0.0,0.86075,0.0006,0.00021,0.0,328.4,50.1,97344;96417;96418,
2026-08-08,2026-08-08T06:51:49,18,FPO,58303,Sai Ananda,949,72,102.0,0.0034,0.0,0.01028,8e-05,0.00291,0.0,174.3,65.3,97344,
2026-08-08,2026-08-08T06:51:49,18,FPO,59227,Henna Blomroos,969,8,1036.67,1.0,0.99997,1.0,1.0,0.0,0.0,1260.0,10.6,97344;96418;96419,
2026-08-08,2026-08-08T06:51:49,18,FPO,59431,Madison Walker,951,21,652.83,0.07657,0.02423,1.0,1.0,0.04719,0.0,847.1,24.1,96416;97344;96417;96418;96419,
2026-08-08,2026-08-08T06:51:49,18,FPO,60798,Madison Tomaino,921,78,83.5,0.0,0.0,0.0,0.0,0.0,0.0,120.1,73.3,96416,
2026-08-08,2026-08-08T06:51:49,18,FPO,61144,Emily Beach,901,177,0.0,0.0,0.0,0.0,0.0,0.0,0.0,0.0,205.0,,
2026-08-08,2026-08-08T06:51:49,18,FPO,61990,Katka Boďová,916,97,48.0,0.0,0.0,0.0,0.0,0.0,0.0,48.0,98.7,,
2026-08-08,2026-08-08T06:51:49,18,FPO,62879,Valerie Mandujano,975,12,897.16,1.0,1.0,1.0,1.0,0.0,0.0,1443.7,7.6,96415;96416;97344;96417;96418;96419,
2026-08-08,2026-08-08T06:51:49,18,FPO,62880,Alexis Mandujano,960,30,438.5,0.24459,0.14051,1.0,0.99998,0.08781,0.0,898.9,22.2,96415;96416;97344;96417;96418;96419,
2026-08-08,2026-08-08T06:51:49,18,FPO,63257,Maria Oliva,920,47,237.0,5e-05,0.0,0.87818,7e-05,1e-05,0.0,321.2,50.6,96415;96416;97344;96417;96418,
2026-08-08,2026-08-08T06:51:49,18,FPO,64927,Eveliina Salonen,988,6,1364.67,1.0,1.0,1.0,1.0,0.0,0.0,1726.1,5.4,97344;96418;96419,
2026-08-08,2026-08-08T06:51:49,18,FPO,65489,Lauren Butler,916,55,159.08,1e-05,0.0,0.00267,0.0,0.0,0.0,203.8,59.6,96415;97344;96417,
2026-08-08,2026-08-08T06:51:49,18,FPO,66063,Ashlee Johnson,859,181,0.0,0.0,0.0,0.0,0.0,0.0,0.0,0.0,204.0,,
2026-08-08,2026-08-08T06:51:49,18,FPO,66599,Heidi Laine,959,11,932.75,0.99807,0.99807,1.0,1.0,0.0,0.0,1184.0,12.7,96415;96416;97344;96418;96419,
2026-08-08,2026-08-08T06:51:49,18,FPO,69584,Danielle Weigandt,853,162,2.0,0.0,0.0,0.0,0.0,0.0,0.0,2.0,168.0,,
2026-08-08,2026-08-08T06:51:49,18,FPO,71262,Erika Stinchcomb,920,44,275.25,3e-05,0.0,0.99308,0.0002,1e-05,0.0,341.5,48.9,96415;96416;97344;96417;96418,
2026-08-08,2026-08-08T06:51:49,18,FPO,72635,Kersti Miller,890,108,34.5,0.0,0.0,0.0,0.0,0.0,0.0,34.5,110.2,,
2026-08-08,2026-08-08T06:51:49,18,FPO,74708,Casey Pennington,916,102,39.5,0.0,0.0,0.0,0.0,0.0,0.0,39.5,103.7,,
2026-08-08,2026-08-08T06:51:49,18,FPO,75029,Cynthia Ricciotti,917,63,118.58,0.0,0.0,0.00039,0.0,0.0,0.0,162.3,64.3,96415;97344;96417,
2026-08-08,2026-08-08T06:51:49,18,FPO,76009,Virginia Polkinghorne,884,188,0.0,0.0,0.0,0.0,0.0,0.0,0.0,0.0,212.0,,
2026-08-08,2026-08-08T06:51:49,18,FPO,77385,Matilda Ringbom,947,45,274.0,0.00942,0.0,0.09424,0.00028,0.00883,0.0,331.3,50.2,96418,
2026-08-08,2026-08-08T06:51:49,18,FPO,78232,Tiger Borth,899,125,21.0,0.0,0.0,0.0,0.0,0.0,0.0,23.3,125.3,97344,
2026-08-08,2026-08-08T06:51:49,18,FPO,79233,Cadence Burge,971,73,95.25,0.38352,0.00312,0.99549,0.70655,0.27152,0.0,670.0,32.3,96415;96416;97344;96417;96418,
2026-08-08,2026-08-08T06:51:49,18,FPO,80935,Lindsey Maas,902,93,50.25,0.0,0.0,0.0,0.0,0.0,0.0,52.7,93.5,97344,
2026-08-08,2026-08-08T06:51:49,18,FPO,82809,Alex von Stade,893,122,22.0,0.0,0.0,0.0,0.0,0.0,0.0,22.0,126.7,,
2026-08-08,2026-08-08T06:51:49,18,FPO,83376,Cassandra Lioi,890,147,8.0,0.0,0.0,0.0,0.0,0.0,0.0,8.0,151.5,,
2026-08-08,2026-08-08T06:51:49,18,FPO,84279,Kaidi Allsalu,956,51,203.62,0.04183,0.0,0.0,0.0,0.03924,0.0,297.5,52.6,,
2026-08-08,2026-08-08T06:51:49,18,FPO,85189,Samantha Bonacci,870,135,16.5,0.0,0.0,0.0,0.0,0.0,0.0,16.5,139.6,,
2026-08-08,2026-08-08T06:51:49,18,FPO,85484,Anneli Tõugjas-Männiste,957,28,498.5,0.13036,0.01311,1.0,0.99988,0.09752,0.0,797.2,26.4,96415;97344;96417;96418;96419,
2026-08-08,2026-08-08T06:51:49,18,FPO,85942,Missy Gannon,985,4,1506.16,1.0,1.0,1.0,1.0,0.0,0.00399,1889.1,4.1,96415;96416;97344;96417;96418;96419,
2026-08-08,2026-08-08T06:51:49,18,FPO,87094,Rose Shertick,918,210,0.0,0.0,0.0,0.0,0.0,0.0,0.0,6.6,181.6,97344,
2026-08-08,2026-08-08T06:51:49,18,FPO,87443,Andrea Cammack,874,161,2.0,0.0,0.0,0.0,0.0,0.0,0.0,2.0,165.6,,
2026-08-08,2026-08-08T06:51:49,18,FPO,94085,Keiti Tätte,957,54,184.12,0.01357,0.0,0.0,0.0,0.01268,0.0,213.5,59.3,,
2026-08-08,2026-08-08T06:51:49,18,FPO,96090,Sonja Laine,899,106,36.0,0.0,0.0,0.0,0.0,0.0,0.0,36.0,108.1,,
2026-08-08,2026-08-08T06:51:49,18,FPO,96480,Tori Pasquin,833,172,2.0,0.0,0.0,0.0,0.0,0.0,0.0,2.0,173.2,,
2026-08-08,2026-08-08T06:51:49,18,FPO,97238,Jannicke Hjemli,862,145,9.75,0.0,0.0,0.0,0.0,0.0,0.0,9.8,149.3,,
2026-08-08,2026-08-08T06:51:49,18,FPO,99441,Lykke Lorentzen,923,96,48.0,0.0,0.0,0.0,0.0,0.0,0.0,48.0,97.9,,
2026-08-08,2026-08-08T06:51:49,18,FPO,99455,Kat Mertsch,964,9,1015.42,1.0,1.0,1.0,1.0,0.0,0.0,1339.7,9.1,96415;96416;97344;96417;96418;96419,
2026-08-08,2026-08-08T06:51:49,18,FPO,101949,Ratana McMahon,885,59,129.75,0.0,0.0,0.0,0.0,0.0,0.0,129.8,69.5,,
2026-08-08,2026-08-08T06:51:49,18,FPO,102024,Danielle Keen,896,179,0.0,0.0,0.0,0.0,0.0,0.0,0.0,0.0,202.0,,
2026-08-08,2026-08-08T06:51:49,18,FPO,103743,Karen Martel,926,137,15.0,0.0,0.0,0.0,0.0,0.0,0.0,27.9,126.4,97344,
2026-08-08,2026-08-08T06:51:49,18,FPO,104187,Macie Velediaz,957,43,294.67,0.07585,3e-05,1.0,0.39971,0.05888,0.0,552.3,37.5,97344;96417;96418,
2026-08-08,2026-08-08T06:51:49,18,FPO,104314,Violet Main,945,41,317.0,0.00955,0.0,1.0,0.04325,0.00673,0.0,430.5,43.4,97344;96417;96418,
2026-08-08,2026-08-08T06:51:49,18,FPO,104814,Ellie Bryant,904,119,23.75,0.0,0.0,0.0,0.0,0.0,0.0,26.1,118.9,96415,
2026-08-08,2026-08-08T06:51:49,18,FPO,105126,Aria Castruita,949,98,46.5,0.0,0.0,0.0,0.0,0.0,0.0,46.5,99.9,,
2026-08-08,2026-08-08T06:51:49,18,FPO,106489,Anna Pinter,875,124,21.75,0.0,0.0,0.0,0.0,0.0,0.0,21.8,128.4,,
2026-08-08,2026-08-08T06:51:49,18,FPO,107297,Maria Liivamägi,857,117,24.0,0.0,0.0,0.0,0.0,0.0,0.0,24.0,122.0,,
2026-08-08,2026-08-08T06:51:49,18,FPO,107335,Silva Saarinen,991,2,1695.17,1.0,1.0,1.0,1.0,0.0,0.28215,2126.9,2.1,96416;97344;96418;96419,
2026-08-08,2026-08-08T06:51:49,18,FPO,107780,Shelbi Dutton,932,191,0.0,5e-05,0.0,0.0,0.0,0.0,0.0,33.5,114.8,96415,
2026-08-08,2026-08-08T06:51:49,18,FPO,108871,Brook Johnson,905,116,24.0,0.0,0.0,0.0,0.0,0.0,0.0,26.7,117.9,97344,
2026-08-08,2026-08-08T06:51:49,18,FPO,109337,Cathy Kuhn,860,178,0.0,0.0,0.0,0.0,0.0,0.0,0.0,0.0,203.0,,
2026-08-08,2026-08-08T06:51:49,18,FPO,109996,Anniken Kristiansen Steen,964,20,700.29,0.26184,0.14015,1.0,1.0,0.11945,0.0,914.1,21.6,97344;96418;96419,
2026-08-08,2026-08-08T06:51:49,18,FPO,111487,Emily Weatherman,958,14,843.83,0.98121,0.98116,1.0,1.0,4e-05,0.0,1155.0,13.5,96415;96416;97344;96417;96418;96419,
2026-08-08,2026-08-08T06:51:49,18,FPO,112647,Hanna Huynh,962,19,709.33,0.94533,0.94453,1.0,1.0,0.00066,0.0,1140.1,14.0,96415;96416;97344;96417;96418;96419,
2026-08-08,2026-08-08T06:51:49,18,FPO,115503,Olivia Kindstedt,946,53,189.0,0.00783,0.0,0.12242,0.00089,0.00706,0.0,290.7,53.2,97344,
2026-08-08,2026-08-08T06:51:49,18,FPO,116694,Kristi Unt,925,99,45.0,0.0,0.0,0.0,0.0,0.0,0.0,45.0,101.0,,
2026-08-08,2026-08-08T06:51:49,18,FPO,120770,Jami Gust,884,203,0.0,0.0,0.0,0.0,0.0,0.0,0.0,2.0,181.9,97344,
2026-08-08,2026-08-08T06:51:49,18,FPO,121554,Elina Rydberg,898,120,23.25,0.0,0.0,0.0,0.0,0.0,0.0,23.2,123.6,,
2026-08-08,2026-08-08T06:51:49,18,FPO,124064,Shelby Cowen,914,58,135.0,2e-05,0.0,7e-05,0.0,0.0,0.0,181.6,61.9,96415;96417,
2026-08-08,2026-08-08T06:51:49,18,FPO,126226,Kati Chachere,843,171,2.0,0.0,0.0,0.0,0.0,0.0,0.0,2.0,171.0,,
2026-08-08,2026-08-08T06:51:49,18,FPO,128395,Michelle Saggboy,894,157,2.0,0.0,0.0,0.0,0.0,0.0,0.0,2.0,163.1,,
2026-08-08,2026-08-08T06:51:49,18,FPO,128532,Maarja Soasepp,905,100,42.0,0.0,0.0,0.0,0.0,0.0,0.0,42.0,102.5,,
2026-08-08,2026-08-08T06:51:49,18,FPO,130187,Kat Johnson,910,205,0.0,0.0,0.0,0.0,0.0,0.0,0.0,3.6,176.3,97344,
2026-08-08,2026-08-08T06:51:49,18,FPO,130342,Chantel Budinsky,957,57,136.5,0.06253,0.0,0.44324,0.01927,0.04536,0.0,381.4,47.0,97344;96417,
2026-08-08,2026-08-08T06:51:49,18,FPO,130822,Hannah Manis,932,201,0.0,1e-05,0.0,1e-05,0.0,0.0,0.0,20.5,149.5,97344,
2026-08-08,2026-08-08T06:51:49,18,FPO,131583,Hannah Lengel,954,86,66.0,0.00933,0.0,0.0,0.0,0.00067,0.0,126.8,72.3,96417,
2026-08-08,2026-08-08T06:51:49,18,FPO,132291,Ashley Phelps,904,121,23.0,0.0,0.0,0.0,0.0,0.0,0.0,23.0,124.6,,
2026-08-08,2026-08-08T06:51:49,18,FPO,132627,Jenn Cazanov-Diggs,905,154,2.0,0.0,0.0,0.0,0.0,0.0,0.0,2.0,171.3,,
2026-08-08,2026-08-08T06:51:49,18,FPO,133547,Holyn Handley,986,1,1713.67,1.0,1.0,1.0,1.0,0.0,0.16143,2084.1,2.5,96415;96416;97344;96418;96419,
2026-08-08,2026-08-08T06:51:49,18,FPO,133701,Nathalie Ortiz,907,87,64.25,0.0,0.0,0.0,0.0,0.0,0.0,64.2,89.3,,
2026-08-08,2026-08-08T06:51:49,18,FPO,135383,Emma Arp,912,152,5.0,0.0,0.0,0.0,0.0,0.0,0.0,5.0,156.8,,
2026-08-08,2026-08-08T06:51:49,18,FPO,138272,Raven Klein,941,25,518.5,0.01837,0.00026,1.0,0.99776,0.01686,0.0,704.3,30.8,96415;96416;97344;96417;96418,
2026-08-08,2026-08-08T06:51:49,18,FPO,139109,Leah Tsinajinnie,927,74,95.0,0.0,0.0,0.00032,0.0,0.0,0.0,129.0,71.4,96415;97344,
2026-08-08,2026-08-08T06:51:49,18,FPO,139387,Hanna Jansson,903,94,50.25,0.0,0.0,0.0,0.0,0.0,0.0,50.2,95.7,,
2026-08-08,2026-08-08T06:51:49,18,FPO,139738,Megan Dophal,908,209,0.0,0.0,0.0,0.0,0.0,0.0,0.0,3.2,189.5,97344,
2026-08-08,2026-08-08T06:51:49,18,FPO,140660,María Eldey Kristínardóttir,916,77,91.5,0.0,0.0,0.0,0.0,0.0,0.0,91.5,81.7,,
2026-08-08,2026-08-08T06:51:49,18,FPO,140947,Nina Bennett,946,62,126.5,0.00882,0.0,0.10803,0.00075,0.00587,0.0,265.5,55.3,97344;96417,
2026-08-08,2026-08-08T06:51:49,18,FPO,142259,Katheryn Maloney,901,206,0.0,0.0,0.0,0.0,0.0,0.0,0.0,2.4,178.0,97344,
2026-08-08,2026-08-08T06:51:49,18,FPO,142354,Alexis Kerman,921,52,197.0,8e-05,0.0,0.44135,4e-05,2e-05,0.0,295.6,52.8,96415;96416;97344;96417;96418,
2026-08-08,2026-08-08T06:51:49,18,FPO,143423,Ember Simonis,916,198,0.0,0.0,0.0,0.0,0.0,0.0,0.0,5.6,178.1,97344,
2026-08-08,2026-08-08T06:51:49,18,FPO,143720,Jessica Kinard,906,192,0.0,0.0,0.0,0.0,0.0,0.0,0.0,22.8,128.0,96416,
2026-08-08,2026-08-08T06:51:49,18,FPO,144112,Ella Hansen,976,5,1421.58,1.0,1.0,1.0,1.0,0.0,3e-05,1731.2,5.4,96415;96416;97344;96418;96419,
2026-08-08,2026-08-08T06:51:49,18,FPO,144791,Emily Yale,893,75,92.0,0.0,0.0,0.0,0.0,0.0,0.0,120.0,72.9,96415;96416;97344,
2026-08-08,2026-08-08T06:51:49,18,FPO,146137,Dani K. Hart,951,27,502.5,0.06439,0.004,1.0,0.99993,0.05352,0.0,767.8,27.7,96415;96416;97344;96417;96418;96419,
2026-08-08,2026-08-08T06:51:49,18,FPO,146304,MJ Gager,933,36,355.83,0.00073,0.0,1.0,0.03127,0.00047,0.0,441.4,42.5,96415;97344;96417;96418,
2026-08-08,2026-08-08T06:51:49,18,FPO,147050,Ali Smith,946,68,112.5,0.0,0.0,0.0,0.0,0.0,0.0,112.5,75.1,,
2026-08-08,2026-08-08T06:51:49,18,FPO,147393,Sadie Shattuck,866,136,16.0,0.0,0.0,0.0,0.0,0.0,0.0,16.0,140.6,,
2026-08-08,2026-08-08T06:51:49,18,FPO,149548,VicToria Scott,887,212,0.0,0.0,0.0,0.0,0.0,0.0,0.0,2.0,195.9,97344,
2026-08-08,2026-08-08T06:51:49,18,FPO,149803,Candyce Boyce,895,109,33.0,0.0,0.0,0.0,0.0,0.0,0.0,33.0,111.4,,
2026-08-08,2026-08-08T06:51:49,18,FPO,150057,Hailey Huber,932,81,81.0,3e-05,0.0,0.0,0.0,0.0,0.0,114.6,74.7,96415,
2026-08-08,2026-08-08T06:51:49,18,FPO,151072,Jennifer Rice,894,131,18.0,0.0,0.0,0.0,0.0,0.0,0.0,18.0,135.3,,
2026-08-08,2026-08-08T06:51:49,18,FPO,152191,Kelley Foster,933,35,367.5,0.00161,0.0,1.0,0.15381,0.00115,0.0,489.9,39.6,96415;96416;96417;96418,
2026-08-08,2026-08-08T06:51:49,18,FPO,154098,Ariel Walker,943,101,40.25,0.00021,0.0,0.00023,0.0,9e-05,0.0,83.4,86.3,97344,
2026-08-08,2026-08-08T06:51:49,18,FPO,155026,Amanda Lennartsson,947,33,409.0,0.00987,0.0,1.0,0.06462,0.0091,0.0,466.2,41.3,96418,
2026-08-08,2026-08-08T06:51:49,18,FPO,156259,Ella Tejler,898,85,73.5,0.0,0.0,0.0,0.0,0.0,0.0,73.5,87.9,,
2026-08-08,2026-08-08T06:51:49,18,FPO,156781,Audrey Wicklander,891,194,0.0,0.0,0.0,0.0,0.0,0.0,0.0,2.1,188.6,97344,
2026-08-08,2026-08-08T06:51:49,18,FPO,157471,Nid Ovathanasin,936,133,17.67,2e-05,0.0,3e-05,0.0,0.0,0.0,45.0,109.7,97344,
2026-08-08,2026-08-08T06:51:49,18,FPO,158385,Destyne Martinez,865,153,2.0,0.0,0.0,0.0,0.0,0.0,0.0,2.0,162.6,,
2026-08-08,2026-08-08T06:51:49,18,FPO,158461,Shiru Liu,914,88,63.5,0.0,0.0,0.0,0.0,0.0,0.0,63.5,90.3,,
2026-08-08,2026-08-08T06:51:49,18,FPO,160103,Jacquelyn DeLude,877,202,0.0,0.0,0.0,0.0,0.0,0.0,0.0,2.0,182.7,97344,
2026-08-08,2026-08-08T06:51:49,18,FPO,161231,Sarah May,856,167,2.0,0.0,0.0,0.0,0.0,0.0,0.0,2.0,175.0,,
2026-08-08,2026-08-08T06:51:49,18,FPO,161918,Addison Woodard,950,40,317.08,0.05279,0.00054,1.0,0.89921,0.04469,0.0,671.2,32.3,96415;96416;97344;96417;96418,
2026-08-08,2026-08-08T06:51:49,18,FPO,162735,Eden Fornoff,922,175,1.33,0.0,0.0,0.0,0.0,0.0,0.0,37.9,107.9,96415;96416,
2026-08-08,2026-08-08T06:51:49,18,FPO,162896,Therese Cuevas,937,49,231.5,0.00124,0.0,0.19505,0.00029,0.00114,0.0,290.5,53.2,97344;96418,
2026-08-08,2026-08-08T06:51:49,18,FPO,164788,Alecia Hinkson,930,67,113.83,0.0003,0.0,0.01305,0.0,8e-05,0.0,198.4,60.7,96415;97344;96417,
2026-08-08,2026-08-08T06:51:49,18,FPO,165652,Ceci Vollbrecht,899,195,0.0,0.0,0.0,0.0,0.0,0.0,0.0,2.3,188.5,97344,
2026-08-08,2026-08-08T06:51:49,18,FPO,166082,Ashton Webberley,904,158,2.0,0.0,0.0,0.0,0.0,0.0,0.0,2.0,163.0,,
2026-08-08,2026-08-08T06:51:49,18,FPO,166749,Mackenzie Morris,884,146,9.0,0.0,0.0,0.0,0.0,0.0,0.0,9.0,150.4,,
2026-08-08,2026-08-08T06:51:49,18,FPO,167255,AK Kaestner,820,174,2.0,0.0,0.0,0.0,0.0,0.0,0.0,2.0,177.9,,
2026-08-08,2026-08-08T06:51:49,18,FPO,168863,Trinity Bryant,921,48,235.0,6e-05,0.0,0.7966,0.00017,2e-05,0.0,316.2,51.0,96416;97344;96417;96418,
2026-08-08,2026-08-08T06:51:49,18,FPO,170182,Rebecca Minnick,865,111,29.0,0.0,0.0,0.0,0.0,0.0,0.0,29.0,114.0,,
2026-08-08,2026-08-08T06:51:49,18,FPO,173601,Marie Kielas,914,92,51.0,0.0,0.0,0.0,0.0,0.0,0.0,51.0,94.7,,
2026-08-08,2026-08-08T06:51:49,18,FPO,176242,Morgan Lynds,931,66,115.75,0.00019,0.0,0.00481,0.0,5e-05,0.0,171.0,63.7,97344;96417,
2026-08-08,2026-08-08T06:51:49,18,FPO,176243,Jordan Lynds,945,56,145.25,0.00827,0.0,0.15246,0.00101,0.00572,0.0,284.6,53.7,97344;96417,
2026-08-08,2026-08-08T06:51:49,18,FPO,176481,Karissa Dedmon,917,89,59.0,0.0,0.0,0.0,0.0,0.0,0.0,65.0,90.0,97344,
2026-08-08,2026-08-08T06:51:49,18,FPO,178707,Joleigh Miller,929,71,102.0,0.0,0.0,0.0,0.0,0.0,0.0,102.0,78.8,,
2026-08-08,2026-08-08T06:51:49,18,FPO,178748,Kendyl Sullivan,887,164,2.0,0.0,0.0,0.0,0.0,0.0,0.0,2.0,176.0,,
2026-08-08,2026-08-08T06:51:49,18,FPO,179200,Jamie Williams,863,183,0.0,0.0,0.0,0.0,0.0,0.0,0.0,0.0,207.0,,
2026-08-08,2026-08-08T06:51:49,18,FPO,179873,Jenny Larsson,921,91,54.0,0.0,0.0,0.0,0.0,0.0,0.0,54.0,92.5,,
2026-08-08,2026-08-08T06:51:49,18,FPO,181772,Ida Emilie Nesse,948,34,400.0,0.04454,0.00151,1.0,0.98454,0.039,0.0,715.2,30.3,96415;96416;97344;96417;96418,
2026-08-08,2026-08-08T06:51:49,18,FPO,182450,Kajsa Wahl,893,105,36.75,0.0,0.0,0.0,0.0,0.0,0.0,36.8,106.9,,
2026-08-08,2026-08-08T06:51:49,18,FPO,184609,Elva-Kate Preston,908,64,118.25,0.0,0.0,2e-05,0.0,0.0,0.0,135.6,68.7,96415;97344,
2026-08-08,2026-08-08T06:51:49,18,FPO,184736,Jennifer Smiley,934,37,337.75,0.00152,0.0,1.0,0.1149,0.00114,0.0,471.3,40.8,96415;96416;97344;96417;96418,
2026-08-08,2026-08-08T06:51:49,18,FPO,185057,Josefine Johansson,934,80,81.0,3e-05,0.0,0.00027,0.0,1e-05,0.0,105.2,78.1,97344,
2026-08-08,2026-08-08T06:51:49,18,FPO,185534,Sofia Donnecke,961,24,547.5,0.15491,0.00016,1.0,0.99232,0.14966,0.0,710.1,30.5,96418,
2026-08-08,2026-08-08T06:51:49,18,FPO,185627,Athena Cuevas,866,138,14.0,0.0,0.0,0.0,0.0,0.0,0.0,14.0,142.0,,
2026-08-08,2026-08-08T06:51:49,18,FPO,186277,Kassandra Fog Wichmann,871,150,6.0,0.0,0.0,0.0,0.0,0.0,0.0,6.0,154.9,,
2026-08-08,2026-08-08T06:51:49,18,FPO,186629,Sanne Dalseth,880,140,13.5,0.0,0.0,0.0,0.0,0.0,0.0,13.5,143.7,,
2026-08-08,2026-08-08T06:51:49,18,FPO,188837,JJ Sun,883,186,0.0,0.0,0.0,0.0,0.0,0.0,0.0,0.0,210.0,,
2026-08-08,2026-08-08T06:51:49,18,FPO,189702,Taylor Chocek,947,16,805.95,0.27219,0.26403,1.0,1.0,0.00815,0.0,966.4,19.6,96415;96416;96418;96419,
2026-08-08,2026-08-08T06:51:49,18,FPO,193215,Lexi Marx,929,90,57.5,4e-05,0.0,0.00024,0.0,0.0,0.0,105.6,77.9,96415;97344,
2026-08-08,2026-08-08T06:51:49,18,FPO,195549,Kylie Kohut,933,38,331.0,0.00095,0.0,1.0,0.01618,0.00055,0.0,426.5,43.4,96415;96416;96418,
2026-08-08,2026-08-08T06:51:49,18,FPO,195550,Peyton Kohut,913,69,108.5,0.0,0.0,1e-05,0.0,0.0,0.0,159.9,64.6,96415;96416,
2026-08-08,2026-08-08T06:51:49,18,FPO,196237,Kaire Tekku,923,83,78.75,0.0,0.0,0.0,0.0,0.0,0.0,78.8,85.7,,
2026-08-08,2026-08-08T06:51:49,18,FPO,197689,Isabella Parker,877,130,18.0,0.0,0.0,0.0,0.0,0.0,0.0,18.0,136.1,,
2026-08-08,2026-08-08T06:51:49,18,FPO,198446,Eliezra Midtlyng,948,13,851.58,0.60508,0.60321,1.0,1.0,0.00179,0.0,1019.4,17.9,96415;96416;97344;96417;96418;96419,
2026-08-08,2026-08-08T06:51:49,18,FPO,198721,Hannah Kellar,898,103,38.0,0.0,0.0,0.0,0.0,0.0,0.0,38.0,104.9,,
2026-08-08,2026-08-08T06:51:49,18,FPO,202571,Elizabete Pēkšena,932,50,205.5,0.0003,0.0,0.04179,1e-05,0.00027,0.0,247.3,56.4,97344;96418,
2026-08-08,2026-08-08T06:51:49,18,FPO,208576,Rebecca Don,961,10,937.99,0.9985,0.9985,1.0,1.0,0.0,0.0,1205.9,12.1,96415;96416;97344;96418;96419,
2026-08-08,2026-08-08T06:51:49,18,FPO,209432,Eden Fletcher,905,104,38.0,0.0,0.0,0.0,0.0,0.0,0.0,38.0,105.9,,
2026-08-08,2026-08-08T06:51:49,18,FPO,209462,Erika Apple,854,173,2.0,0.0,0.0,0.0,0.0,0.0,0.0,2.0,176.5,,
2026-08-08,2026-08-08T06:51:49,18,FPO,210287,Mara Neal,864,166,2.0,0.0,0.0,0.0,0.0,0.0,0.0,2.0,172.6,,
2026-08-08,2026-08-08T06:51:49,18,FPO,210972,Kristýna Jurčíková,970,39,331.0,0.27628,0.00079,1.0,0.69022,0.24998,0.0,653.7,33.0,97344;96418,
2026-08-08,2026-08-08T06:51:49,18,FPO,214417,Fleur Verberk,899,199,0.0,0.0,0.0,0.0,0.0,0.0,0.0,2.3,185.0,97344,
2026-08-08,2026-08-08T06:51:49,18,FPO,215439,Sheliemae Lai,946,76,92.0,0.0,0.0,0.0,0.0,0.0,0.0,92.0,80.7,,
2026-08-08,2026-08-08T06:51:49,18,FPO,215495,Kelsey Martin,877,207,0.0,0.0,0.0,0.0,0.0,0.0,0.0,2.0,195.8,97344,
2026-08-08,2026-08-08T06:51:49,18,FPO,216558,Iida Lehtomäki,963,31,430.25,0.12063,0.0,1.0,0.44435,0.10951,0.0,575.9,36.4,97344;96418,
2026-08-08,2026-08-08T06:51:49,18,FPO,217892,Katie Tews,892,115,25.5,0.0,0.0,0.0,0.0,0.0,0.0,25.5,119.7,,
2026-08-08,2026-08-08T06:51:49,18,FPO,218760,Sarah Duran,865,143,11.0,0.0,0.0,0.0,0.0,0.0,0.0,11.0,147.2,,
2026-08-08,2026-08-08T06:51:49,18,FPO,218779,Amanda Brightwell,831,169,2.0,0.0,0.0,0.0,0.0,0.0,0.0,2.0,170.0,,
2026-08-08,2026-08-08T06:51:49,18,FPO,219693,Anna Damberga,864,126,21.0,0.0,0.0,0.0,0.0,0.0,0.0,21.0,129.9,,
2026-08-08,2026-08-08T06:51:49,18,FPO,221583,Evie Lou Ramey,894,189,0.0,0.0,0.0,0.0,0.0,0.0,0.0,0.0,209.0,,
2026-08-08,2026-08-08T06:51:49,18,FPO,222693,Tanisha Platero,856,160,2.0,0.0,0.0,0.0,0.0,0.0,0.0,2.0,161.1,,
2026-08-08,2026-08-08T06:51:49,18,FPO,222973,Martje Sumowski,913,110,33.0,0.0,0.0,0.0,0.0,0.0,0.0,33.0,112.4,,
2026-08-08,2026-08-08T06:51:49,18,FPO,223975,Laura Tatiana Niño Carranza,875,155,2.0,0.0,0.0,0.0,0.0,0.0,0.0,4.0,157.9,97344,
2026-08-08,2026-08-08T06:51:49,18,FPO,224238,Julia Fors,962,32,428.5,0.15645,0.00134,1.0,0.89109,0.14489,0.0,688.8,31.4,97344;96418,
2026-08-08,2026-08-08T06:51:49,18,FPO,225016,Naomi Suyat,869,185,0.0,0.0,0.0,0.0,0.0,0.0,0.0,0.0,199.0,,
2026-08-08,2026-08-08T06:51:49,18,FPO,227315,Sarah Wadsworth,901,190,0.0,0.0,0.0,0.0,0.0,0.0,0.0,8.8,154.1,96415,
2026-08-08,2026-08-08T06:51:49,18,FPO,228486,Stefani Ewell,857,144,10.0,0.0,0.0,0.0,0.0,0.0,0.0,10.0,148.3,,
2026-08-08,2026-08-08T06:51:49,18,FPO,229526,Sintija Klezberga,955,15,815.5,0.85064,0.84998,1.0,1.0,0.00061,0.0,1067.1,16.3,96415;97344;96417;96418;96419,
2026-08-08,2026-08-08T06:51:49,18,FPO,231650,Tailey Rowley,911,65,117.25,0.0,0.0,0.0,0.0,0.0,0.0,130.8,70.1,96415;97344,
2026-08-08,2026-08-08T06:51:49,18,FPO,232666,Rebecka Hoppe,850,151,6.0,0.0,0.0,0.0,0.0,0.0,0.0,6.0,154.8,,
2026-08-08,2026-08-08T06:51:49,18,FPO,232722,Julia Hauch,911,204,0.0,0.0,0.0,0.0,0.0,0.0,0.0,3.9,176.5,97344,
2026-08-08,2026-08-08T06:51:49,18,FPO,235368,Madalyn Payton,896,176,0.0,0.0,0.0,0.0,0.0,0.0,0.0,0.0,206.0,,
2026-08-08,2026-08-08T06:51:49,18,FPO,238187,Ann Deputy,918,82,80.25,0.0,0.0,0.0,0.0,0.0,0.0,86.9,83.2,97344,
2026-08-08,2026-08-08T06:51:49,18,FPO,240590,Amelia Saechao,873,118,24.0,0.0,0.0,0.0,0.0,0.0,0.0,24.0,122.0,,
2026-08-08,2026-08-08T06:51:49,18,FPO,242116,Eva Lutsenko,924,123,21.75,0.0,0.0,0.0,0.0,0.0,0.0,21.8,128.0,,
2026-08-08,2026-08-08T06:51:49,18,FPO,242331,Ida Kennmark,867,139,13.5,0.0,0.0,0.0,0.0,0.0,0.0,13.5,143.4,,
2026-08-08,2026-08-08T06:51:49,18,FPO,245180,Chelsea Sutton,859,170,2.0,0.0,0.0,0.0,0.0,0.0,0.0,2.0,172.0,,
2026-08-08,2026-08-08T06:51:49,18,FPO,245306,Netta Leppäaho,945,70,105.75,0.0,0.0,0.0,0.0,0.0,0.0,105.8,77.2,,
2026-08-08,2026-08-08T06:51:49,18,FPO,245317,Sophi Stephenson,859,141,12.0,0.0,0.0,0.0,0.0,0.0,0.0,12.0,145.1,,
2026-08-08,2026-08-08T06:51:49,18,FPO,254333,Jess Zilch,874,128,19.5,0.0,0.0,0.0,0.0,0.0,0.0,19.5,131.9,,
2026-08-08,2026-08-08T06:51:49,18,FPO,255962,Samantha Zaborowski,901,211,0.0,0.0,0.0,0.0,0.0,0.0,0.0,2.4,193.6,97344,
2026-08-08,2026-08-08T06:51:49,18,FPO,256846,Lea Tomas,888,208,0.0,0.0,0.0,0.0,0.0,0.0,0.0,2.0,196.5,97344,
2026-08-08,2026-08-08T06:51:49,18,FPO,259972,Marion Mattsson,858,142,11.25,0.0,0.0,0.0,0.0,0.0,0.0,11.2,146.2,,
2026-08-08,2026-08-08T06:51:49,18,FPO,261058,Jessica Erickson,891,95,49.0,0.0,0.0,0.0,0.0,0.0,0.0,49.0,96.8,,
2026-08-08,2026-08-08T06:51:49,18,FPO,261216,Victoria Christensen,863,134,17.25,0.0,0.0,0.0,0.0,0.0,0.0,17.2,137.9,,
2026-08-08,2026-08-08T06:51:49,18,FPO,268900,Natalie Berg,883,127,19.5,0.0,0.0,0.0,0.0,0.0,0.0,19.5,131.9,,
2026-08-08,2026-08-08T06:51:49,18,FPO,269838,Daisy Kelly,882,184,0.0,0.0,0.0,0.0,0.0,0.0,0.0,0.0,208.0,,
2026-08-08,2026-08-08T06:51:49,18,FPO,277832,Chandler Reigh,939,26,511.25,0.01356,7e-05,1.0,0.99605,0.01267,0.0,678.5,32.2,96415;96416;97344;96417;96418,
2026-08-08,2026-08-08T06:51:49,18,FPO,278450,Brit Hamburg-Kiin,854,113,28.5,0.0,0.0,0.0,0.0,0.0,0.0,28.5,115.6,,
2026-08-08,2026-08-08T06:51:49,18,FPO,279466,Gry Nagel,820,132,18.0,0.0,0.0,0.0,0.0,0.0,0.0,18.0,134.1,,
2026-08-08,2026-08-08T06:51:49,18,FPO,281626,Una Lokmane,878,112,28.5,0.0,0.0,0.0,0.0,0.0,0.0,28.5,115.4,,
2026-08-08,2026-08-08T06:51:49,18,FPO,284553,Katherine Aydelott,861,149,6.0,0.0,0.0,0.0,0.0,0.0,0.0,6.0,154.3,,
2026-08-08,2026-08-08T06:51:49,18,FPO,286978,Michelle Southworth,800,168,2.0,0.0,0.0,0.0,0.0,0.0,0.0,2.0,169.0,,
2026-08-08,2026-08-08T06:51:49,18,FPO,288014,Jordan Coomes,840,129,18.0,0.0,0.0,0.0,0.0,0.0,0.0,18.0,135.6,,
2026-08-08,2026-08-08T06:51:49,18,FPO,297287,Marta Villa,856,165,2.0,0.0,0.0,0.0,0.0,0.0,0.0,2.0,165.1,,
2026-08-08,2026-08-08T06:51:49,18,FPO,302765,Grace Wilson,891,200,0.0,0.0,0.0,0.0,0.0,0.0,0.0,2.1,185.6,97344,
2026-08-08,2026-08-08T06:51:49,18,FPO,308525,Saga Dahlstedt,917,60,127.5,0.0,0.0,0.0,0.0,0.0,0.0,127.5,70.9,,
2026-08-08,2026-08-08T06:51:49,18,FPO,311218,Mina Alme,902,107,35.25,0.0,0.0,0.0,0.0,0.0,0.0,35.2,109.2,,
2026-08-09,2026-08-09T07:09:42,19,FPO,3024,Chris O'Cleary,914,195,0.0,0.0,0.0,0.0,0.0,0.0,0.0,4.8,181.9,97344,
2026-08-09,2026-08-09T07:09:42,19,FPO,3090,Elaine King,888,196,0.0,0.0,0.0,0.0,0.0,0.0,0.0,2.0,187.8,97344,
2026-08-09,2026-08-09T07:09:42,19,FPO,8803,Ruth Steele,872,163,2.0,0.0,0.0,0.0,0.0,0.0,0.0,2.0,163.0,,
2026-08-09,2026-08-09T07:09:42,19,FPO,15354,Jennifer Allen,967,42,313.0,0.20197,0.00039,0.99998,0.59323,0.18368,0.0,601.4,34.4,97344;96418,
2026-08-09,2026-08-09T07:09:42,19,FPO,27832,Kona Star Montgomery,949,23,611.0,0.08517,0.04833,1.0,1.0,0.03361,0.0,839.8,23.4,96416;97344;96417;96418;96419,
2026-08-09,2026-08-09T07:09:42,19,FPO,29190,Paige Pierce,968,17,747.17,0.89971,0.89644,1.0,1.0,0.00327,0.0,1078.2,14.6,96416;97344;96418;96419,
2026-08-09,2026-08-09T07:09:42,19,FPO,29947,Stephanie Vincent,925,114,28.0,0.0,0.0,0.0,0.0,0.0,0.0,28.0,115.8,,
2026-08-09,2026-08-09T07:09:42,19,FPO,31041,Sheila Teves,883,182,0.0,0.0,0.0,0.0,0.0,0.0,0.0,0.0,203.0,,
2026-08-09,2026-08-09T07:09:42,19,FPO,32654,Lisa Fajkus,958,22,639.83,0.2613,0.20523,1.0,1.0,0.04957,0.0,912.7,20.6,96416;96417;96418;96419,
2026-08-09,2026-08-09T07:09:42,19,FPO,32917,Rebecca Cox,951,29,489.0,0.07404,0.0198,1.0,0.99994,0.04901,0.0,782.4,25.9,96416;97344;96417;96418;96419,
2026-08-09,2026-08-09T07:09:42,19,FPO,32925,Lindsay Fish,882,156,2.0,0.0,0.0,0.0,0.0,0.0,0.0,2.0,185.9,,
2026-08-09,2026-08-09T07:09:42,19,FPO,34563,Sarah Hokom,949,61,127.0,0.01931,0.0,0.59161,0.02289,0.01341,0.0,359.8,47.5,96416;97344;96417,
2026-08-09,2026-08-09T07:09:42,19,FPO,35321,Sofie Björlycke,936,79,83.25,0.0,0.0,0.0,0.0,0.0,0.0,83.2,81.7,,
2026-08-09,2026-08-09T07:09:42,19,FPO,35774,Camilla Jernberg,873,148,7.5,0.0,0.0,0.0,0.0,0.0,0.0,7.5,151.1,,
2026-08-09,2026-08-09T07:09:42,19,FPO,36307,Amanda Branch,887,192,0.0,0.0,0.0,0.0,0.0,0.0,0.0,2.0,176.9,97344,
2026-08-09,2026-08-09T07:09:42,19,FPO,39504,Zoe AnDyke,930,84,77.0,0.0,0.0,0.0,0.0,0.0,0.0,77.0,86.1,,
2026-08-09,2026-08-09T07:09:42,19,FPO,43995,Taylor Foth,902,180,0.0,0.0,0.0,0.0,0.0,0.0,0.0,0.0,201.0,,
2026-08-09,2026-08-09T07:09:42,19,FPO,44184,Catrina Allen,961,7,1125.75,1.0,1.0,1.0,1.0,0.0,0.0,1351.1,8.1,96416;97344;96417;96418;96419,
2026-08-09,2026-08-09T07:09:42,19,FPO,45407,Brittney Armentrout,851,159,2.0,0.0,0.0,0.0,0.0,0.0,0.0,2.0,162.0,,
2026-08-09,2026-08-09T07:09:42,19,FPO,48199,Alison Blakeman,870,187,0.0,0.0,0.0,0.0,0.0,0.0,0.0,0.0,211.0,,
2026-08-09,2026-08-09T07:09:42,19,FPO,48976,Ohn Scoggins,990,3,1598.33,1.0,1.0,1.0,1.0,0.0,0.50121,2155.4,1.7,96416;97344;96417;96418;96419,
2026-08-09,2026-08-09T07:09:42,19,FPO,50656,Jessica Gurthie,955,18,745.0,1.0,0.8016,1.0,1.0,0.00158,0.0,1036.8,16.0,96416;97344;96417;96418;96419,
2026-08-09,2026-08-09T07:09:42,19,FPO,51277,Holly Finley,929,46,265.0,0.00024,0.0,0.95035,0.00125,0.00011,0.0,328.1,49.6,97344;96417;96418,
2026-08-09,2026-08-09T07:09:42,19,FPO,58303,Sai Ananda,949,72,102.0,0.00381,0.0,0.01387,0.00029,0.0031,0.0,177.7,63.7,97344,
2026-08-09,2026-08-09T07:09:42,19,FPO,59227,Henna Blomroos,969,8,1036.67,1.0,1.0,1.0,1.0,0.0,0.0,1258.6,9.7,97344;96418;96419,
2026-08-09,2026-08-09T07:09:42,19,FPO,59431,Madison Walker,951,21,652.83,0.09418,0.04704,1.0,1.0,0.04314,0.0,846.1,23.1,96416;97344;96417;96418;96419,
2026-08-09,2026-08-09T07:09:42,19,FPO,60798,Madison Tomaino,921,78,83.5,0.0,0.0,0.0,0.0,0.0,0.0,120.2,71.5,96416,
2026-08-09,2026-08-09T07:09:42,19,FPO,61144,Emily Beach,901,177,0.0,0.0,0.0,0.0,0.0,0.0,0.0,0.0,206.0,,
2026-08-09,2026-08-09T07:09:42,19,FPO,61990,Katka Boďová,916,97,48.0,0.0,0.0,0.0,0.0,0.0,0.0,48.0,98.4,,
2026-08-09,2026-08-09T07:09:42,19,FPO,62879,Valerie Mandujano,975,12,897.16,0.99999,0.99999,1.0,1.0,0.0,0.0,1345.9,8.3,96416;97344;96417;96418;96419,
2026-08-09,2026-08-09T07:09:42,19,FPO,62880,Alexis Mandujano,960,30,438.5,0.19975,0.07942,1.0,0.99985,0.10442,0.0,834.1,23.7,96416;97344;96417;96418;96419,
2026-08-09,2026-08-09T07:09:42,19,FPO,63257,Maria Oliva,920,47,237.0,4e-05,0.0,0.89821,0.00022,1e-05,0.0,312.0,50.9,96416;97344;96417;96418,
2026-08-09,2026-08-09T07:09:42,19,FPO,64927,Eveliina Salonen,988,6,1364.67,1.0,1.0,1.0,1.0,0.0,2e-05,1725.9,5.2,97344;96418;96419,
2026-08-09,2026-08-09T07:09:42,19,FPO,65489,Lauren Butler,916,55,159.08,2e-05,0.0,0.00181,0.0,0.0,0.0,189.9,60.2,97344;96417,
2026-08-09,2026-08-09T07:09:42,19,FPO,66063,Ashlee Johnson,859,181,0.0,0.0,0.0,0.0,0.0,0.0,0.0,0.0,204.0,,
2026-08-09,2026-08-09T07:09:42,19,FPO,66599,Heidi Laine,959,11,932.75,0.9966,0.9966,1.0,1.0,0.0,0.0,1134.3,12.8,96416;97344;96418;96419,
2026-08-09,2026-08-09T07:09:42,19,FPO,69584,Danielle Weigandt,853,162,2.0,0.0,0.0,0.0,0.0,0.0,0.0,2.0,168.0,,
2026-08-09,2026-08-09T07:09:42,19,FPO,71262,Erika Stinchcomb,920,44,275.25,2e-05,0.0,0.99838,0.00045,0.0,0.0,339.0,48.5,96416;97344;96417;96418,
2026-08-09,2026-08-09T07:09:42,19,FPO,72635,Kersti Miller,890,108,34.5,0.0,0.0,0.0,0.0,0.0,0.0,34.5,109.3,,
2026-08-09,2026-08-09T07:09:42,19,FPO,74708,Casey Pennington,916,102,39.5,0.0,0.0,0.0,0.0,0.0,0.0,39.5,103.1,,
2026-08-09,2026-08-09T07:09:42,19,FPO,75029,Cynthia Ricciotti,917,63,118.58,0.0,0.0,0.00019,0.0,0.0,0.0,147.2,64.6,97344;96417,
2026-08-09,2026-08-09T07:09:42,19,FPO,76009,Virginia Polkinghorne,884,188,0.0,0.0,0.0,0.0,0.0,0.0,0.0,0.0,200.0,,
2026-08-09,2026-08-09T07:09:42,19,FPO,77385,Matilda Ringbom,947,45,274.0,0.00944,0.0,0.3248,0.00075,0.00885,0.0,330.1,49.6,96418,
2026-08-09,2026-08-09T07:09:42,19,FPO,78232,Tiger Borth,899,125,21.0,0.0,0.0,0.0,0.0,0.0,0.0,23.3,124.1,97344,
2026-08-09,2026-08-09T07:09:42,19,FPO,79233,Cadence Burge,971,73,95.25,0.32226,0.00038,0.92871,0.40558,0.24675,0.0,570.8,36.0,96416;97344;96417;96418,
2026-08-09,2026-08-09T07:09:42,19,FPO,80935,Lindsey Maas,902,93,50.25,0.0,0.0,0.0,0.0,0.0,0.0,52.7,93.2,97344,
2026-08-09,2026-08-09T07:09:42,19,FPO,82809,Alex von Stade,893,122,22.0,0.0,0.0,0.0,0.0,0.0,0.0,22.0,125.4,,
2026-08-09,2026-08-09T07:09:42,19,FPO,83376,Cassandra Lioi,890,147,8.0,0.0,0.0,0.0,0.0,0.0,0.0,8.0,150.1,,
2026-08-09,2026-08-09T07:09:42,19,FPO,84279,Kaidi Allsalu,956,51,203.62,0.04236,0.0,0.0,2e-05,0.03962,0.0,298.3,52.1,,
2026-08-09,2026-08-09T07:09:42,19,FPO,85189,Samantha Bonacci,870,135,16.5,0.0,0.0,0.0,0.0,0.0,0.0,16.5,138.5,,
2026-08-09,2026-08-09T07:09:42,19,FPO,85484,Anneli Tõugjas-Männiste,957,28,498.5,0.12295,0.00507,1.0,0.99792,0.10196,0.0,731.6,28.3,97344;96417;96418,
2026-08-09,2026-08-09T07:09:42,19,FPO,85942,Missy Gannon,985,4,1506.16,1.0,1.0,1.0,1.0,0.0,0.00383,1873.0,4.1,96416;97344;96417;96418;96419,
2026-08-09,2026-08-09T07:09:42,19,FPO,87094,Rose Shertick,918,209,0.0,0.0,0.0,0.0,0.0,0.0,0.0,6.6,180.6,97344,
2026-08-09,2026-08-09T07:09:42,19,FPO,87443,Andrea Cammack,874,161,2.0,0.0,0.0,0.0,0.0,0.0,0.0,2.0,164.0,,
2026-08-09,2026-08-09T07:09:42,19,FPO,94085,Keiti Tätte,957,54,184.12,0.03476,0.0,0.0,0.0,0.03285,0.0,255.8,55.3,,
2026-08-09,2026-08-09T07:09:42,19,FPO,96090,Sonja Laine,899,106,36.0,0.0,0.0,0.0,0.0,0.0,0.0,36.0,107.2,,
2026-08-09,2026-08-09T07:09:42,19,FPO,96480,Tori Pasquin,833,172,2.0,0.0,0.0,0.0,0.0,0.0,0.0,2.0,173.0,,
2026-08-09,2026-08-09T07:09:42,19,FPO,97238,Jannicke Hjemli,862,145,9.75,0.0,0.0,0.0,0.0,0.0,0.0,9.8,148.0,,
2026-08-09,2026-08-09T07:09:42,19,FPO,99441,Lykke Lorentzen,923,96,48.0,0.0,0.0,0.0,0.0,0.0,0.0,48.0,97.6,,
2026-08-09,2026-08-09T07:09:42,19,FPO,99455,Kat Mertsch,964,9,1015.42,1.0,1.0,1.0,1.0,0.0,0.0,1276.2,9.4,96416;97344;96417;96418;96419,
2026-08-09,2026-08-09T07:09:42,19,FPO,101949,Ratana McMahon,885,59,129.75,0.0,0.0,0.0,0.0,0.0,0.0,129.8,67.7,,
2026-08-09,2026-08-09T07:09:42,19,FPO,102024,Danielle Keen,896,179,0.0,0.0,0.0,0.0,0.0,0.0,0.0,0.0,202.0,,
2026-08-09,2026-08-09T07:09:42,19,FPO,103743,Karen Martel,926,137,15.0,1e-05,0.0,1e-05,0.0,0.0,0.0,27.8,125.5,97344,
2026-08-09,2026-08-09T07:09:42,19,FPO,104187,Macie Velediaz,957,43,294.67,0.07927,8e-05,1.0,0.4927,0.06336,0.0,553.8,36.5,97344;96417;96418,
2026-08-09,2026-08-09T07:09:42,19,FPO,104314,Violet Main,945,41,317.0,0.01021,0.0,0.99999,0.06904,0.00724,0.0,429.7,42.5,97344;96417;96418,
2026-08-09,2026-08-09T07:09:42,19,FPO,104814,Ellie Bryant,904,119,23.75,0.0,0.0,0.0,0.0,0.0,0.0,23.8,121.2,,
2026-08-09,2026-08-09T07:09:42,19,FPO,105126,Aria Castruita,949,98,46.5,0.0,0.0,0.0,0.0,0.0,0.0,46.5,99.6,,
2026-08-09,2026-08-09T07:09:42,19,FPO,106489,Anna Pinter,875,124,21.75,0.0,0.0,0.0,0.0,0.0,0.0,21.8,127.0,,
2026-08-09,2026-08-09T07:09:42,19,FPO,107297,Maria Liivamägi,857,117,24.0,0.0,0.0,0.0,0.0,0.0,0.0,24.0,119.2,,
2026-08-09,2026-08-09T07:09:42,19,FPO,107335,Silva Saarinen,991,2,1695.17,1.0,1.0,1.0,1.0,0.0,0.34439,2126.4,1.9,96416;97344;96418;96419,
2026-08-09,2026-08-09T07:09:42,19,FPO,108871,Brook Johnson,905,116,24.0,0.0,0.0,0.0,0.0,0.0,0.0,26.8,116.5,97344,
2026-08-09,2026-08-09T07:09:42,19,FPO,109337,Cathy Kuhn,860,178,0.0,0.0,0.0,0.0,0.0,0.0,0.0,0.0,205.0,,
2026-08-09,2026-08-09T07:09:42,19,FPO,109996,Anniken Kristiansen Steen,964,20,700.29,0.31911,0.22726,1.0,1.0,0.09124,0.0,913.3,20.6,97344;96418;96419,
2026-08-09,2026-08-09T07:09:42,19,FPO,111487,Emily Weatherman,958,14,843.83,0.97642,0.97639,1.0,1.0,3e-05,0.0,1112.8,13.5,96416;97344;96417;96418;96419,
2026-08-09,2026-08-09T07:09:42,19,FPO,112647,Hanna Huynh,962,19,709.33,0.87428,0.87163,1.0,1.0,0.00233,0.0,1070.2,14.9,96416;97344;96417;96418;96419,
2026-08-09,2026-08-09T07:09:42,19,FPO,115503,Olivia Kindstedt,946,53,189.0,0.00838,0.0,0.15332,0.00136,0.00766,0.0,291.5,52.6,97344,
2026-08-09,2026-08-09T07:09:42,19,FPO,116694,Kristi Unt,925,99,45.0,0.0,0.0,0.0,0.0,0.0,0.0,45.0,100.6,,
2026-08-09,2026-08-09T07:09:42,19,FPO,120770,Jami Gust,884,202,0.0,0.0,0.0,0.0,0.0,0.0,0.0,2.0,182.6,97344,
2026-08-09,2026-08-09T07:09:42,19,FPO,121554,Elina Rydberg,898,120,23.25,0.0,0.0,0.0,0.0,0.0,0.0,23.2,122.3,,
2026-08-09,2026-08-09T07:09:42,19,FPO,124064,Shelby Cowen,914,58,135.0,0.0,0.0,0.0,0.0,0.0,0.0,155.8,63.2,96417,
2026-08-09,2026-08-09T07:09:42,19,FPO,126226,Kati Chachere,843,171,2.0,0.0,0.0,0.0,0.0,0.0,0.0,2.0,171.0,,
2026-08-09,2026-08-09T07:09:42,19,FPO,128395,Michelle Saggboy,894,157,2.0,0.0,0.0,0.0,0.0,0.0,0.0,2.0,158.2,,
2026-08-09,2026-08-09T07:09:42,19,FPO,128532,Maarja Soasepp,905,100,42.0,0.0,0.0,0.0,0.0,0.0,0.0,42.0,102.0,,
2026-08-09,2026-08-09T07:09:42,19,FPO,130187,Kat Johnson,910,204,0.0,0.0,0.0,0.0,0.0,0.0,0.0,3.6,176.9,97344,
2026-08-09,2026-08-09T07:09:42,19,FPO,130342,Chantel Budinsky,957,57,136.5,0.06314,0.0,0.49876,0.03085,0.04594,0.0,381.3,46.2,97344;96417,
2026-08-09,2026-08-09T07:09:42,19,FPO,130822,Hannah Manis,932,200,0.0,0.0,0.0,0.0,0.0,0.0,0.0,20.6,150.1,97344,
2026-08-09,2026-08-09T07:09:42,19,FPO,131583,Hannah Lengel,954,86,66.0,0.00918,0.0,0.0,0.0,0.00072,0.0,127.7,70.5,96417,
2026-08-09,2026-08-09T07:09:42,19,FPO,132291,Ashley Phelps,904,121,23.0,0.0,0.0,0.0,0.0,0.0,0.0,23.0,123.4,,
2026-08-09,2026-08-09T07:09:42,19,FPO,132627,Jenn Cazanov-Diggs,905,154,2.0,0.0,0.0,0.0,0.0,0.0,0.0,2.0,171.4,,
2026-08-09,2026-08-09T07:09:42,19,FPO,133547,Holyn Handley,986,1,1713.67,1.0,1.0,1.0,1.0,0.0,0.15055,2066.0,2.5,96416;97344;96418;96419,
2026-08-09,2026-08-09T07:09:42,19,FPO,133701,Nathalie Ortiz,907,87,64.25,0.0,0.0,0.0,0.0,0.0,0.0,64.2,88.6,,
2026-08-09,2026-08-09T07:09:42,19,FPO,135383,Emma Arp,912,152,5.0,0.0,0.0,0.0,0.0,0.0,0.0,5.0,155.2,,
2026-08-09,2026-08-09T07:09:42,19,FPO,138272,Raven Klein,941,25,518.5,0.01887,0.00076,1.0,0.99967,0.01653,0.0,702.1,29.8,96416;97344;96417;96418;96419,
2026-08-09,2026-08-09T07:09:42,19,FPO,139109,Leah Tsinajinnie,927,74,95.0,0.0,0.0,0.00016,0.0,0.0,0.0,109.0,75.1,97344,
2026-08-09,2026-08-09T07:09:42,19,FPO,139387,Hanna Jansson,903,94,50.25,0.0,0.0,0.0,0.0,0.0,0.0,50.2,95.5,,
2026-08-09,2026-08-09T07:09:42,19,FPO,139738,Megan Dophal,908,208,0.0,0.0,0.0,0.0,0.0,0.0,0.0,3.2,191.5,97344,
2026-08-09,2026-08-09T07:09:42,19,FPO,140660,María Eldey Kristínardóttir,916,77,91.5,0.0,0.0,0.0,0.0,0.0,0.0,91.5,80.3,,
2026-08-09,2026-08-09T07:09:42,19,FPO,140947,Nina Bennett,946,62,126.5,0.00911,0.0,0.1337,0.00146,0.00553,0.0,268.1,54.4,97344;96417,
2026-08-09,2026-08-09T07:09:42,19,FPO,142259,Katheryn Maloney,901,205,0.0,0.0,0.0,0.0,0.0,0.0,0.0,2.4,178.9,97344,
2026-08-09,2026-08-09T07:09:42,19,FPO,142354,Alexis Kerman,921,52,197.0,5e-05,0.0,0.09845,3e-05,0.0,0.0,259.1,55.3,96416;97344;96417;96418,
2026-08-09,2026-08-09T07:09:42,19,FPO,143423,Ember Simonis,916,197,0.0,0.0,0.0,0.0,0.0,0.0,0.0,5.6,178.2,97344,
2026-08-09,2026-08-09T07:09:42,19,FPO,143720,Jessica Kinard,906,191,0.0,0.0,0.0,0.0,0.0,0.0,0.0,22.8,126.9,96416,
2026-08-09,2026-08-09T07:09:42,19,FPO,144112,Ella Hansen,976,5,1421.58,1.0,1.0,1.0,1.0,0.0,0.0,1688.4,5.6,96416;97344;96418;96419,
2026-08-09,2026-08-09T07:09:42,19,FPO,144791,Emily Yale,893,75,92.0,0.0,0.0,0.0,0.0,0.0,0.0,114.4,72.9,96416;97344,
2026-08-09,2026-08-09T07:09:42,19,FPO,146137,Dani K. Hart,951,27,502.5,0.06443,0.00301,1.0,0.99976,0.05452,0.0,728.1,28.4,96416;97344;96417;96418;96419,
2026-08-09,2026-08-09T07:09:42,19,FPO,146304,MJ Gager,933,36,355.83,0.00098,0.0,1.0,0.02082,0.0005,0.0,413.3,43.1,97344;96417;96418,
2026-08-09,2026-08-09T07:09:42,19,FPO,147050,Ali Smith,946,68,112.5,0.0,0.0,0.0,0.0,0.0,0.0,112.5,73.6,,
2026-08-09,2026-08-09T07:09:42,19,FPO,147393,Sadie Shattuck,866,136,16.0,0.0,0.0,0.0,0.0,0.0,0.0,16.0,139.5,,
2026-08-09,2026-08-09T07:09:42,19,FPO,149548,VicToria Scott,887,211,0.0,0.0,0.0,0.0,0.0,0.0,0.0,2.0,194.9,97344,
2026-08-09,2026-08-09T07:09:42,19,FPO,149803,Candyce Boyce,895,109,33.0,0.0,0.0,0.0,0.0,0.0,0.0,33.0,110.4,,
2026-08-09,2026-08-09T07:09:42,19,FPO,150057,Hailey Huber,932,81,81.0,0.0,0.0,0.0,0.0,0.0,0.0,81.0,84.0,,
2026-08-09,2026-08-09T07:09:42,19,FPO,151072,Jennifer Rice,894,131,18.0,0.0,0.0,0.0,0.0,0.0,0.0,18.0,134.4,,
2026-08-09,2026-08-09T07:09:42,19,FPO,152191,Kelley Foster,933,35,367.5,0.00085,0.0,1.0,0.10638,0.00061,0.0,460.3,40.1,96416;96417;96418,
2026-08-09,2026-08-09T07:09:42,19,FPO,154098,Ariel Walker,943,101,40.25,0.00026,0.0,0.00043,0.0,8e-05,0.0,83.7,85.3,97344,
2026-08-09,2026-08-09T07:09:42,19,FPO,155026,Amanda Lennartsson,947,33,409.0,0.0096,0.0,1.0,0.11287,0.00899,0.0,465.3,40.2,96418,
2026-08-09,2026-08-09T07:09:42,19,FPO,156259,Ella Tejler,898,85,73.5,0.0,0.0,0.0,0.0,0.0,0.0,73.5,87.2,,
2026-08-09,2026-08-09T07:09:42,19,FPO,156781,Audrey Wicklander,891,193,0.0,0.0,0.0,0.0,0.0,0.0,0.0,2.1,190.1,97344,
2026-08-09,2026-08-09T07:09:42,19,FPO,157471,Nid Ovathanasin,936,133,17.67,2e-05,0.0,2e-05,0.0,0.0,0.0,45.2,108.6,97344,
2026-08-09,2026-08-09T07:09:42,19,FPO,158385,Destyne Martinez,865,153,2.0,0.0,0.0,0.0,0.0,0.0,0.0,2.0,159.3,,
2026-08-09,2026-08-09T07:09:42,19,FPO,158461,Shiru Liu,914,88,63.5,0.0,0.0,0.0,0.0,0.0,0.0,63.5,89.6,,
2026-08-09,2026-08-09T07:09:42,19,FPO,160103,Jacquelyn DeLude,877,201,0.0,0.0,0.0,0.0,0.0,0.0,0.0,2.0,183.7,97344,
2026-08-09,2026-08-09T07:09:42,19,FPO,161231,Sarah May,856,167,2.0,0.0,0.0,0.0,0.0,0.0,0.0,2.0,167.0,,
2026-08-09,2026-08-09T07:09:42,19,FPO,161918,Addison Woodard,950,40,317.08,0.04627,0.00036,1.0,0.7779,0.03976,0.0,609.0,34.1,96416;97344;96417;96418,
2026-08-09,2026-08-09T07:09:42,19,FPO,162735,Eden Fornoff,922,175,1.33,0.0,0.0,0.0,0.0,0.0,0.0,24.2,123.4,96416,
2026-08-09,2026-08-09T07:09:42,19,FPO,162896,Therese Cuevas,937,49,231.5,0.00118,0.0,0.24655,0.00072,0.00109,0.0,289.8,52.8,97344;96418,
2026-08-09,2026-08-09T07:09:42,19,FPO,164788,Alecia Hinkson,930,67,113.83,0.00018,0.0,0.0052,0.0,4e-05,0.0,166.8,62.7,97344;96417,
2026-08-09,2026-08-09T07:09:42,19,FPO,165652,Ceci Vollbrecht,899,194,0.0,0.0,0.0,0.0,0.0,0.0,0.0,2.3,187.9,97344,
2026-08-09,2026-08-09T07:09:42,19,FPO,166082,Ashton Webberley,904,158,2.0,0.0,0.0,0.0,0.0,0.0,0.0,2.0,161.2,,
2026-08-09,2026-08-09T07:09:42,19,FPO,166749,Mackenzie Morris,884,146,9.0,0.0,0.0,0.0,0.0,0.0,0.0,9.0,149.0,,
2026-08-09,2026-08-09T07:09:42,19,FPO,167255,AK Kaestner,820,174,2.0,0.0,0.0,0.0,0.0,0.0,0.0,2.0,175.0,,
2026-08-09,2026-08-09T07:09:42,19,FPO,168863,Trinity Bryant,921,48,235.0,4e-05,0.0,0.90091,0.00031,2e-05,0.0,315.8,50.6,96416;97344;96417;96418,
2026-08-09,2026-08-09T07:09:42,19,FPO,170182,Rebecca Minnick,865,111,29.0,0.0,0.0,0.0,0.0,0.0,0.0,29.0,112.8,,
2026-08-09,2026-08-09T07:09:42,19,FPO,173601,Marie Kielas,914,92,51.0,0.0,0.0,0.0,0.0,0.0,0.0,51.0,94.4,,
2026-08-09,2026-08-09T07:09:42,19,FPO,176242,Morgan Lynds,931,66,115.75,0.00028,0.0,0.00706,2e-05,9e-05,0.0,172.2,62.1,97344;96417,
2026-08-09,2026-08-09T07:09:42,19,FPO,176243,Jordan Lynds,945,56,145.25,0.00877,0.0,0.18944,0.00185,0.00559,0.0,285.7,53.1,97344;96417,
2026-08-09,2026-08-09T07:09:42,19,FPO,176481,Karissa Dedmon,917,89,59.0,0.0,0.0,0.0,0.0,0.0,0.0,65.1,89.3,97344,
2026-08-09,2026-08-09T07:09:42,19,FPO,178707,Joleigh Miller,929,71,102.0,0.0,0.0,0.0,0.0,0.0,0.0,102.0,77.1,,
2026-08-09,2026-08-09T07:09:42,19,FPO,178748,Kendyl Sullivan,887,164,2.0,0.0,0.0,0.0,0.0,0.0,0.0,2.0,176.0,,
2026-08-09,2026-08-09T07:09:42,19,FPO,179200,Jamie Williams,863,183,0.0,0.0,0.0,0.0,0.0,0.0,0.0,0.0,199.0,,
2026-08-09,2026-08-09T07:09:42,19,FPO,179873,Jenny Larsson,921,91,54.0,0.0,0.0,0.0,0.0,0.0,0.0,54.0,92.3,,
2026-08-09,2026-08-09T07:09:42,19,FPO,181772,Ida Emilie Nesse,948,34,400.0,0.04413,0.00115,1.0,0.96784,0.03854,0.0,673.6,31.2,96416;97344;96417;96418,
2026-08-09,2026-08-09T07:09:42,19,FPO,182450,Kajsa Wahl,893,105,36.75,0.0,0.0,0.0,0.0,0.0,0.0,36.8,106.2,,
2026-08-09,2026-08-09T07:09:42,19,FPO,184609,Elva-Kate Preston,908,64,118.25,0.0,0.0,1e-05,0.0,0.0,0.0,121.5,70.4,97344,
2026-08-09,2026-08-09T07:09:42,19,FPO,184736,Jennifer Smiley,934,37,337.75,0.00135,0.0,1.0,0.09912,0.00102,0.0,448.3,41.0,96416;97344;96417;96418,
2026-08-09,2026-08-09T07:09:42,19,FPO,185057,Josefine Johansson,934,80,81.0,0.0,0.0,0.0003,0.0,0.0,0.0,105.3,76.4,97344,
2026-08-09,2026-08-09T07:09:42,19,FPO,185534,Sofia Donnecke,961,24,547.5,0.15441,0.00066,1.0,0.99871,0.14855,0.0,709.7,29.4,96418,
2026-08-09,2026-08-09T07:09:42,19,FPO,185627,Athena Cuevas,866,138,14.0,0.0,0.0,0.0,0.0,0.0,0.0,14.0,140.9,,
2026-08-09,2026-08-09T07:09:42,19,FPO,186277,Kassandra Fog Wichmann,871,150,6.0,0.0,0.0,0.0,0.0,0.0,0.0,6.0,153.6,,
2026-08-09,2026-08-09T07:09:42,19,FPO,186629,Sanne Dalseth,880,140,13.5,0.0,0.0,0.0,0.0,0.0,0.0,13.5,142.9,,
2026-08-09,2026-08-09T07:09:42,19,FPO,188837,JJ Sun,883,186,0.0,0.0,0.0,0.0,0.0,0.0,0.0,0.0,197.0,,
2026-08-09,2026-08-09T07:09:42,19,FPO,189702,Taylor Chocek,947,16,805.95,0.37714,0.37298,1.0,1.0,0.00416,0.0,955.9,19.0,96416;96418;96419,
2026-08-09,2026-08-09T07:09:42,19,FPO,193215,Lexi Marx,929,90,57.5,0.0,0.0,3e-05,0.0,0.0,0.0,73.9,86.6,97344,
2026-08-09,2026-08-09T07:09:42,19,FPO,195549,Kylie Kohut,933,38,331.0,0.00046,0.0,1.0,0.004,0.00041,0.0,380.1,45.5,96416;96418,
2026-08-09,2026-08-09T07:09:42,19,FPO,195550,Peyton Kohut,913,69,108.5,0.0,0.0,0.0,0.0,0.0,0.0,135.8,66.7,96416,
2026-08-09,2026-08-09T07:09:42,19,FPO,196237,Kaire Tekku,923,83,78.75,0.0,0.0,0.0,0.0,0.0,0.0,78.8,85.1,,
2026-08-09,2026-08-09T07:09:42,19,FPO,197689,Isabella Parker,877,130,18.0,0.0,0.0,0.0,0.0,0.0,0.0,18.0,134.2,,
2026-08-09,2026-08-09T07:09:42,19,FPO,198446,Eliezra Midtlyng,948,13,851.58,0.71357,0.71298,1.0,1.0,0.00056,0.0,1005.9,17.1,96416;97344;96417;96418;96419,
2026-08-09,2026-08-09T07:09:42,19,FPO,198721,Hannah Kellar,898,103,38.0,0.0,0.0,0.0,0.0,0.0,0.0,38.0,104.2,,
2026-08-09,2026-08-09T07:09:42,19,FPO,202571,Elizabete Pēkšena,932,50,205.5,0.00034,0.0,0.05775,3e-05,0.00028,0.0,246.2,56.2,97344;96418,
2026-08-09,2026-08-09T07:09:42,19,FPO,208576,Rebecca Don,961,10,937.99,0.99891,0.99891,1.0,1.0,0.0,0.0,1162.3,12.0,96416;97344;96418;96419,
2026-08-09,2026-08-09T07:09:42,19,FPO,209432,Eden Fletcher,905,104,38.0,0.0,0.0,0.0,0.0,0.0,0.0,38.0,105.2,,
2026-08-09,2026-08-09T07:09:42,19,FPO,209462,Erika Apple,854,173,2.0,0.0,0.0,0.0,0.0,0.0,0.0,2.0,174.0,,
2026-08-09,2026-08-09T07:09:42,19,FPO,210287,Mara Neal,864,166,2.0,0.0,0.0,0.0,0.0,0.0,0.0,2.0,166.0,,
2026-08-09,2026-08-09T07:09:42,19,FPO,210972,Kristýna Jurčíková,970,39,331.0,0.28402,0.00183,1.0,0.77608,0.25729,0.0,656.9,31.8,97344;96418,
2026-08-09,2026-08-09T07:09:42,19,FPO,214417,Fleur Verberk,899,198,0.0,0.0,0.0,0.0,0.0,0.0,0.0,2.3,185.6,97344,
2026-08-09,2026-08-09T07:09:42,19,FPO,215439,Sheliemae Lai,946,76,92.0,0.0,0.0,0.0,0.0,0.0,0.0,92.0,79.3,,
2026-08-09,2026-08-09T07:09:42,19,FPO,215495,Kelsey Martin,877,206,0.0,0.0,0.0,0.0,0.0,0.0,0.0,2.0,178.9,97344,
2026-08-09,2026-08-09T07:09:42,19,FPO,216558,Iida Lehtomäki,963,31,430.25,0.12872,2e-05,1.0,0.5811,0.11769,0.0,579.3,35.3,97344;96418,
2026-08-09,2026-08-09T07:09:42,19,FPO,217892,Katie Tews,892,115,25.5,0.0,0.0,0.0,0.0,0.0,0.0,25.5,118.0,,
2026-08-09,2026-08-09T07:09:42,19,FPO,218760,Sarah Duran,865,143,11.0,0.0,0.0,0.0,0.0,0.0,0.0,11.0,146.0,,
2026-08-09,2026-08-09T07:09:42,19,FPO,218779,Amanda Brightwell,831,169,2.0,0.0,0.0,0.0,0.0,0.0,0.0,2.0,170.0,,
2026-08-09,2026-08-09T07:09:42,19,FPO,219693,Anna Damberga,864,126,21.0,0.0,0.0,0.0,0.0,0.0,0.0,21.0,128.6,,
2026-08-09,2026-08-09T07:09:42,19,FPO,221583,Evie Lou Ramey,894,189,0.0,0.0,0.0,0.0,0.0,0.0,0.0,0.0,209.0,,
2026-08-09,2026-08-09T07:09:42,19,FPO,222693,Tanisha Platero,856,160,2.0,0.0,0.0,0.0,0.0,0.0,0.0,2.0,161.0,,
2026-08-09,2026-08-09T07:09:42,19,FPO,222973,Martje Sumowski,913,110,33.0,0.0,0.0,0.0,0.0,0.0,0.0,33.0,111.4,,
2026-08-09,2026-08-09T07:09:42,19,FPO,223975,Laura Tatiana Niño Carranza,875,155,2.0,0.0,0.0,0.0,0.0,0.0,0.0,4.0,156.2,97344,
2026-08-09,2026-08-09T07:09:42,19,FPO,224238,Julia Fors,962,32,428.5,0.16285,0.00271,1.0,0.93637,0.15097,0.0,691.1,30.2,97344;96418,
2026-08-09,2026-08-09T07:09:42,19,FPO,225016,Naomi Suyat,869,185,0.0,0.0,0.0,0.0,0.0,0.0,0.0,0.0,198.0,,
2026-08-09,2026-08-09T07:09:42,19,FPO,227315,Sarah Wadsworth,901,190,0.0,0.0,0.0,0.0,0.0,0.0,0.0,0.0,210.0,,
2026-08-09,2026-08-09T07:09:42,19,FPO,228486,Stefani Ewell,857,144,10.0,0.0,0.0,0.0,0.0,0.0,0.0,10.0,147.0,,
2026-08-09,2026-08-09T07:09:42,19,FPO,229526,Sintija Klezberga,955,15,815.5,0.73043,0.72882,1.0,1.0,0.00153,0.0,1010.7,16.9,97344;96417;96418;96419,
2026-08-09,2026-08-09T07:09:42,19,FPO,231650,Tailey Rowley,911,65,117.25,0.0,0.0,0.0,0.0,0.0,0.0,121.1,71.2,97344,
2026-08-09,2026-08-09T07:09:42,19,FPO,232666,Rebecka Hoppe,850,151,6.0,0.0,0.0,0.0,0.0,0.0,0.0,6.0,153.1,,
2026-08-09,2026-08-09T07:09:42,19,FPO,232722,Julia Hauch,911,203,0.0,0.0,0.0,0.0,0.0,0.0,0.0,3.9,177.3,97344,
2026-08-09,2026-08-09T07:09:42,19,FPO,235368,Madalyn Payton,896,176,0.0,0.0,0.0,0.0,0.0,0.0,0.0,0.0,207.0,,
2026-08-09,2026-08-09T07:09:42,19,FPO,238187,Ann Deputy,918,82,80.25,0.0,0.0,0.0,0.0,0.0,0.0,86.8,81.6,97344,
2026-08-09,2026-08-09T07:09:42,19,FPO,240590,Amelia Saechao,873,118,24.0,0.0,0.0,0.0,0.0,0.0,0.0,24.0,120.2,,
2026-08-09,2026-08-09T07:09:42,19,FPO,242116,Eva Lutsenko,924,123,21.75,0.0,0.0,0.0,0.0,0.0,0.0,21.8,127.0,,
2026-08-09,2026-08-09T07:09:42,19,FPO,242331,Ida Kennmark,867,139,13.5,0.0,0.0,0.0,0.0,0.0,0.0,13.5,141.9,,
2026-08-09,2026-08-09T07:09:42,19,FPO,245180,Chelsea Sutton,859,170,2.0,0.0,0.0,0.0,0.0,0.0,0.0,2.0,172.0,,
2026-08-09,2026-08-09T07:09:42,19,FPO,245306,Netta Leppäaho,945,70,105.75,0.0,0.0,0.0,0.0,0.0,0.0,105.8,75.6,,
2026-08-09,2026-08-09T07:09:42,19,FPO,245317,Sophi Stephenson,859,141,12.0,0.0,0.0,0.0,0.0,0.0,0.0,12.0,143.9,,
2026-08-09,2026-08-09T07:09:42,19,FPO,254333,Jess Zilch,874,128,19.5,0.0,0.0,0.0,0.0,0.0,0.0,19.5,130.8,,
2026-08-09,2026-08-09T07:09:42,19,FPO,255962,Samantha Zaborowski,901,210,0.0,0.0,0.0,0.0,0.0,0.0,0.0,2.4,192.6,97344,
2026-08-09,2026-08-09T07:09:42,19,FPO,256846,Lea Tomas,888,207,0.0,0.0,0.0,0.0,0.0,0.0,0.0,2.0,179.1,97344,
2026-08-09,2026-08-09T07:09:42,19,FPO,259972,Marion Mattsson,858,142,11.25,0.0,0.0,0.0,0.0,0.0,0.0,11.2,145.0,,
2026-08-09,2026-08-09T07:09:42,19,FPO,261058,Jessica Erickson,891,95,49.0,0.0,0.0,0.0,0.0,0.0,0.0,49.0,96.5,,
2026-08-09,2026-08-09T07:09:42,19,FPO,261216,Victoria Christensen,863,134,17.25,0.0,0.0,0.0,0.0,0.0,0.0,17.2,136.6,,
2026-08-09,2026-08-09T07:09:42,19,FPO,268900,Natalie Berg,883,127,19.5,0.0,0.0,0.0,0.0,0.0,0.0,19.5,130.8,,
2026-08-09,2026-08-09T07:09:42,19,FPO,269838,Daisy Kelly,882,184,0.0,0.0,0.0,0.0,0.0,0.0,0.0,0.0,208.0,,
2026-08-09,2026-08-09T07:09:42,19,FPO,277832,Chandler Reigh,939,26,511.25,0.01335,0.00016,1.0,0.99862,0.01219,0.0,668.1,31.6,96416;97344;96417;96418,
2026-08-09,2026-08-09T07:09:42,19,FPO,278450,Brit Hamburg-Kiin,854,113,28.5,0.0,0.0,0.0,0.0,0.0,0.0,28.5,114.3,,
2026-08-09,2026-08-09T07:09:42,19,FPO,279466,Gry Nagel,820,132,18.0,0.0,0.0,0.0,0.0,0.0,0.0,18.0,133.3,,
2026-08-09,2026-08-09T07:09:42,19,FPO,281626,Una Lokmane,878,112,28.5,0.0,0.0,0.0,0.0,0.0,0.0,28.5,114.3,,
2026-08-09,2026-08-09T07:09:42,19,FPO,284553,Katherine Aydelott,861,149,6.0,0.0,0.0,0.0,0.0,0.0,0.0,6.0,152.6,,
2026-08-09,2026-08-09T07:09:42,19,FPO,286978,Michelle Southworth,800,168,2.0,0.0,0.0,0.0,0.0,0.0,0.0,2.0,169.0,,
2026-08-09,2026-08-09T07:09:42,19,FPO,288014,Jordan Coomes,840,129,18.0,0.0,0.0,0.0,0.0,0.0,0.0,18.0,134.4,,
2026-08-09,2026-08-09T07:09:42,19,FPO,297287,Marta Villa,856,165,2.0,0.0,0.0,0.0,0.0,0.0,0.0,2.0,165.0,,
2026-08-09,2026-08-09T07:09:42,19,FPO,302765,Grace Wilson,891,199,0.0,0.0,0.0,0.0,0.0,0.0,0.0,2.1,186.0,97344,
2026-08-09,2026-08-09T07:09:42,19,FPO,308525,Saga Dahlstedt,917,60,127.5,0.0,0.0,0.0,0.0,0.0,0.0,127.5,68.8,,
2026-08-09,2026-08-09T07:09:42,19,FPO,311218,Mina Alme,902,107,35.25,0.0,0.0,0.0,0.0,0.0,0.0,35.2,108.3,,
2026-08-10,2026-08-10T00:01:39,18,FPO,3024,Chris O'Cleary,914,196,0.0,0.0,0.0,0.0,0.0,0.0,0.0,4.8,180.7,97344,
2026-08-10,2026-08-10T00:01:39,18,FPO,3090,Elaine King,888,197,0.0,0.0,0.0,0.0,0.0,0.0,0.0,2.0,187.7,97344,
2026-08-10,2026-08-10T00:01:39,18,FPO,8803,Ruth Steele,872,163,2.0,0.0,0.0,0.0,0.0,0.0,0.0,2.0,167.0,,
2026-08-10,2026-08-10T00:01:39,18,FPO,15354,Jennifer Allen,967,42,313.0,0.19524,0.0002,0.99989,0.49544,0.17641,0.0,599.5,35.4,97344;96418,
2026-08-10,2026-08-10T00:01:39,18,FPO,27832,Kona Star Montgomery,949,23,611.0,0.09065,0.05395,1.0,1.0,0.03363,0.0,868.5,23.0,96415;96416;97344;96417;96418;96419,
2026-08-10,2026-08-10T00:01:39,18,FPO,29190,Paige Pierce,968,17,747.17,0.94916,0.94821,1.0,1.0,0.00095,0.0,1128.6,14.4,96415;96416;97344;96418;96419,
2026-08-10,2026-08-10T00:01:39,18,FPO,29947,Stephanie Vincent,925,114,28.0,0.0,0.0,0.0,0.0,0.0,0.0,28.0,117.5,,
2026-08-10,2026-08-10T00:01:39,18,FPO,31041,Sheila Teves,883,182,0.0,0.0,0.0,0.0,0.0,0.0,0.0,0.0,203.0,,
2026-08-10,2026-08-10T00:01:39,18,FPO,32654,Lisa Fajkus,958,22,639.83,0.20771,0.13707,1.0,1.0,0.06253,0.0,915.5,21.2,96415;96416;96417;96418;96419,
2026-08-10,2026-08-10T00:01:39,18,FPO,32917,Rebecca Cox,951,29,489.0,0.0691,0.01098,1.0,0.9997,0.05203,0.0,783.0,26.8,96415;96416;97344;96417;96418;96419,
2026-08-10,2026-08-10T00:01:39,18,FPO,32925,Lindsay Fish,882,156,2.0,0.0,0.0,0.0,0.0,0.0,0.0,2.0,185.9,,
2026-08-10,2026-08-10T00:01:39,18,FPO,34563,Sarah Hokom,949,61,127.0,0.01931,0.0,0.79309,0.03423,0.01347,0.0,397.3,45.7,96415;96416;97344;96417;96418,
2026-08-10,2026-08-10T00:01:39,18,FPO,35321,Sofie Björlycke,936,79,83.25,0.0,0.0,0.0,0.0,0.0,0.0,83.2,83.5,,
2026-08-10,2026-08-10T00:01:39,18,FPO,35774,Camilla Jernberg,873,148,7.5,0.0,0.0,0.0,0.0,0.0,0.0,7.5,152.1,,
2026-08-10,2026-08-10T00:01:39,18,FPO,36307,Amanda Branch,887,193,0.0,0.0,0.0,0.0,0.0,0.0,0.0,2.0,190.2,97344,
2026-08-10,2026-08-10T00:01:39,18,FPO,39504,Zoe AnDyke,930,84,77.0,0.0,0.0,0.0,0.0,0.0,0.0,77.0,86.9,,
2026-08-10,2026-08-10T00:01:39,18,FPO,43995,Taylor Foth,902,180,0.0,0.0,0.0,0.0,0.0,0.0,0.0,0.0,201.0,,
2026-08-10,2026-08-10T00:01:39,18,FPO,44184,Catrina Allen,961,7,1125.75,1.0,1.0,1.0,1.0,0.0,0.0,1394.9,8.3,96415;96416;97344;96417;96418;96419,
2026-08-10,2026-08-10T00:01:39,18,FPO,45407,Brittney Armentrout,851,159,2.0,0.0,0.0,0.0,0.0,0.0,0.0,2.0,162.0,,
2026-08-10,2026-08-10T00:01:39,18,FPO,48199,Alison Blakeman,870,187,0.0,0.0,0.0,0.0,0.0,0.0,0.0,0.0,211.0,,
2026-08-10,2026-08-10T00:01:39,18,FPO,48976,Ohn Scoggins,990,3,1598.33,1.0,1.0,1.0,1.0,0.0,0.53408,2166.4,1.6,96415;96416;97344;96417;96418;96419,
2026-08-10,2026-08-10T00:01:39,18,FPO,50656,Jessica Gurthie,955,18,745.0,1.0,0.88215,1.0,1.0,0.00063,0.0,1081.8,15.8,96415;96416;97344;96417;96418;96419,
2026-08-10,2026-08-10T00:01:39,18,FPO,51277,Holly Finley,929,46,265.0,0.00036,0.0,0.8758,0.00055,0.00019,0.0,328.1,50.1,97344;96417;96418,
2026-08-10,2026-08-10T00:01:39,18,FPO,58303,Sai Ananda,949,72,102.0,0.00347,0.0,0.01066,8e-05,0.00298,0.0,175.0,65.7,97344,
2026-08-10,2026-08-10T00:01:39,18,FPO,59227,Henna Blomroos,969,8,1036.67,1.0,0.99999,1.0,1.0,0.0,0.0,1259.9,10.8,97344;96418;96419,
2026-08-10,2026-08-10T00:01:39,18,FPO,59431,Madison Walker,951,21,652.83,0.07979,0.02841,1.0,1.0,0.04641,0.0,846.9,23.8,96416;97344;96417;96418;96419,
2026-08-10,2026-08-10T00:01:39,18,FPO,60798,Madison Tomaino,921,78,83.5,1e-05,0.0,0.0,0.0,0.0,0.0,120.1,74.0,96416,
2026-08-10,2026-08-10T00:01:39,18,FPO,61144,Emily Beach,901,177,0.0,0.0,0.0,0.0,0.0,0.0,0.0,0.0,206.0,,
2026-08-10,2026-08-10T00:01:39,18,FPO,61990,Katka Boďová,916,97,48.0,0.0,0.0,0.0,0.0,0.0,0.0,48.0,98.6,,
2026-08-10,2026-08-10T00:01:39,18,FPO,62879,Valerie Mandujano,975,12,897.16,1.0,1.0,1.0,1.0,0.0,0.0,1434.5,7.9,96415;96416;97344;96417;96418;96419,
2026-08-10,2026-08-10T00:01:39,18,FPO,62880,Alexis Mandujano,960,30,438.5,0.21747,0.10738,1.0,0.99999,0.09606,0.0,877.1,22.8,96415;96416;97344;96417;96418;96419,
2026-08-10,2026-08-10T00:01:39,18,FPO,63257,Maria Oliva,920,47,237.0,4e-05,0.0,0.88107,6e-05,0.0,0.0,318.3,50.8,96415;96416;97344;96417;96418,
2026-08-10,2026-08-10T00:01:39,18,FPO,64927,Eveliina Salonen,988,6,1364.67,1.0,1.0,1.0,1.0,0.0,0.0,1726.0,5.5,97344;96418;96419,
2026-08-10,2026-08-10T00:01:39,18,FPO,65489,Lauren Butler,916,55,159.08,1e-05,0.0,0.00172,0.0,0.0,0.0,198.1,59.9,96415;97344;96417,
2026-08-10,2026-08-10T00:01:39,18,FPO,66063,Ashlee Johnson,859,181,0.0,0.0,0.0,0.0,0.0,0.0,0.0,0.0,204.0,,
2026-08-10,2026-08-10T00:01:39,18,FPO,66599,Heidi Laine,959,11,932.75,0.99993,0.99993,1.0,1.0,0.0,0.0,1206.4,12.2,96415;96416;97344;96418;96419,
2026-08-10,2026-08-10T00:01:39,18,FPO,69584,Danielle Weigandt,853,162,2.0,0.0,0.0,0.0,0.0,0.0,0.0,2.0,168.0,,
2026-08-10,2026-08-10T00:01:39,18,FPO,71262,Erika Stinchcomb,920,44,275.25,2e-05,0.0,0.99445,0.00018,0.0,0.0,339.9,48.9,96415;96416;97344;96417;96418,
2026-08-10,2026-08-10T00:01:39,18,FPO,72635,Kersti Miller,890,108,34.5,0.0,0.0,0.0,0.0,0.0,0.0,34.5,110.2,,
2026-08-10,2026-08-10T00:01:39,18,FPO,74708,Casey Pennington,916,102,39.5,0.0,0.0,0.0,0.0,0.0,0.0,39.5,103.8,,
2026-08-10,2026-08-10T00:01:39,18,FPO,75029,Cynthia Ricciotti,917,63,118.58,0.0,0.0,0.00033,0.0,0.0,0.0,160.9,64.7,96415;97344;96417,
2026-08-10,2026-08-10T00:01:39,18,FPO,76009,Virginia Polkinghorne,884,188,0.0,0.0,0.0,0.0,0.0,0.0,0.0,0.0,212.0,,
2026-08-10,2026-08-10T00:01:39,18,FPO,77385,Matilda Ringbom,947,45,274.0,0.00925,0.0,0.09226,0.00028,0.00866,0.0,330.7,50.2,96418,
2026-08-10,2026-08-10T00:01:39,18,FPO,78232,Tiger Borth,899,125,21.0,0.0,0.0,0.0,0.0,0.0,0.0,23.3,124.6,97344,
2026-08-10,2026-08-10T00:01:39,18,FPO,79233,Cadence Burge,971,73,95.25,0.33918,0.00184,0.994,0.6257,0.26197,0.0,645.8,33.3,96415;96416;97344;96417;96418,
2026-08-10,2026-08-10T00:01:39,18,FPO,80935,Lindsey Maas,902,93,50.25,0.0,0.0,0.0,0.0,0.0,0.0,52.7,93.4,97344,
2026-08-10,2026-08-10T00:01:39,18,FPO,82809,Alex von Stade,893,122,22.0,0.0,0.0,0.0,0.0,0.0,0.0,22.0,125.9,,
2026-08-10,2026-08-10T00:01:39,18,FPO,83376,Cassandra Lioi,890,147,8.0,0.0,0.0,0.0,0.0,0.0,0.0,8.0,151.1,,
2026-08-10,2026-08-10T00:01:39,18,FPO,84279,Kaidi Allsalu,956,51,203.62,0.04145,0.0,0.0,0.0,0.03878,0.0,298.3,52.6,,
2026-08-10,2026-08-10T00:01:39,18,FPO,85189,Samantha Bonacci,870,135,16.5,0.0,0.0,0.0,0.0,0.0,0.0,16.5,139.5,,
2026-08-10,2026-08-10T00:01:39,18,FPO,85484,Anneli Tõugjas-Männiste,957,28,498.5,0.12387,0.01093,1.0,0.99992,0.09878,0.0,788.2,26.5,96415;97344;96417;96418;96419,
2026-08-10,2026-08-10T00:01:39,18,FPO,85942,Missy Gannon,985,4,1506.16,1.0,1.0,1.0,1.0,0.0,0.00375,1881.8,4.2,96415;96416;97344;96417;96418;96419,
2026-08-10,2026-08-10T00:01:39,18,FPO,87094,Rose Shertick,918,210,0.0,0.0,0.0,0.0,0.0,0.0,0.0,6.6,181.5,97344,
2026-08-10,2026-08-10T00:01:39,18,FPO,87443,Andrea Cammack,874,161,2.0,0.0,0.0,0.0,0.0,0.0,0.0,2.0,164.0,,
2026-08-10,2026-08-10T00:01:39,18,FPO,94085,Keiti Tätte,957,54,184.12,0.02006,0.0,0.0,0.0,0.01877,0.0,227.4,58.1,,
2026-08-10,2026-08-10T00:01:39,18,FPO,96090,Sonja Laine,899,106,36.0,0.0,0.0,0.0,0.0,0.0,0.0,36.0,108.2,,
2026-08-10,2026-08-10T00:01:39,18,FPO,96480,Tori Pasquin,833,172,2.0,0.0,0.0,0.0,0.0,0.0,0.0,2.0,173.0,,
2026-08-10,2026-08-10T00:01:39,18,FPO,97238,Jannicke Hjemli,862,145,9.75,0.0,0.0,0.0,0.0,0.0,0.0,9.8,149.0,,
2026-08-10,2026-08-10T00:01:39,18,FPO,99441,Lykke Lorentzen,923,96,48.0,0.0,0.0,0.0,0.0,0.0,0.0,48.0,97.9,,
2026-08-10,2026-08-10T00:01:39,18,FPO,99455,Kat Mertsch,964,9,1015.42,1.0,1.0,1.0,1.0,0.0,0.0,1357.9,8.9,96415;96416;97344;96417;96418;96419,
2026-08-10,2026-08-10T00:01:39,18,FPO,101949,Ratana McMahon,885,59,129.75,0.0,0.0,0.0,0.0,0.0,0.0,129.8,71.1,,
2026-08-10,2026-08-10T00:01:39,18,FPO,102024,Danielle Keen,896,179,0.0,0.0,0.0,0.0,0.0,0.0,0.0,0.0,202.0,,
2026-08-10,2026-08-10T00:01:39,18,FPO,103743,Karen Martel,926,137,15.0,0.0,0.0,0.0,0.0,0.0,0.0,27.9,126.4,97344,
2026-08-10,2026-08-10T00:01:39,18,FPO,104187,Macie Velediaz,957,43,294.67,0.07511,3e-05,1.0,0.39687,0.05811,0.0,551.6,37.6,97344;96417;96418,
2026-08-10,2026-08-10T00:01:39,18,FPO,104314,Violet Main,945,41,317.0,0.00939,0.0,1.0,0.04198,0.00658,0.0,429.9,43.5,97344;96417;96418,
2026-08-10,2026-08-10T00:01:39,18,FPO,104814,Ellie Bryant,904,119,23.75,0.0,0.0,0.0,0.0,0.0,0.0,28.2,116.5,96415,
2026-08-10,2026-08-10T00:01:39,18,FPO,105126,Aria Castruita,949,98,46.5,0.0,0.0,0.0,0.0,0.0,0.0,46.5,99.8,,
2026-08-10,2026-08-10T00:01:39,18,FPO,106489,Anna Pinter,875,124,21.75,0.0,0.0,0.0,0.0,0.0,0.0,21.8,127.5,,
2026-08-10,2026-08-10T00:01:39,18,FPO,107297,Maria Liivamägi,857,117,24.0,0.0,0.0,0.0,0.0,0.0,0.0,24.0,121.3,,
2026-08-10,2026-08-10T00:01:39,18,FPO,107335,Silva Saarinen,991,2,1695.17,1.0,1.0,1.0,1.0,0.0,0.32327,2126.9,2.0,96416;97344;96418;96419,
2026-08-10,2026-08-10T00:01:39,18,FPO,107780,Shelbi Dutton,932,191,0.0,0.0,0.0,0.0,0.0,0.0,0.0,0.0,209.0,,
2026-08-10,2026-08-10T00:01:39,18,FPO,108871,Brook Johnson,905,116,24.0,0.0,0.0,0.0,0.0,0.0,0.0,26.7,118.1,97344,
2026-08-10,2026-08-10T00:01:39,18,FPO,109337,Cathy Kuhn,860,178,0.0,0.0,0.0,0.0,0.0,0.0,0.0,0.0,205.0,,
2026-08-10,2026-08-10T00:01:39,18,FPO,109996,Anniken Kristiansen Steen,964,20,700.29,0.2717,0.15598,1.0,1.0,0.11396,0.0,914.0,21.3,97344;96418;96419,
2026-08-10,2026-08-10T00:01:39,18,FPO,111487,Emily Weatherman,958,14,843.83,0.9944,0.9944,1.0,1.0,0.0,0.0,1166.0,13.3,96415;96416;97344;96417;96418;96419,
2026-08-10,2026-08-10T00:01:39,18,FPO,112647,Hanna Huynh,962,19,709.33,0.95856,0.95822,1.0,1.0,0.00031,0.0,1138.0,14.1,96415;96416;97344;96417;96418;96419,
2026-08-10,2026-08-10T00:01:39,18,FPO,115503,Olivia Kindstedt,946,53,189.0,0.00793,0.0,0.12547,0.00081,0.00711,0.0,291.2,53.1,97344,
2026-08-10,2026-08-10T00:01:39,18,FPO,116694,Kristi Unt,925,99,45.0,0.0,0.0,0.0,0.0,0.0,0.0,45.0,100.9,,
2026-08-10,2026-08-10T00:01:39,18,FPO,120770,Jami Gust,884,203,0.0,0.0,0.0,0.0,0.0,0.0,0.0,2.0,181.9,97344,
2026-08-10,2026-08-10T00:01:39,18,FPO,121554,Elina Rydberg,898,120,23.25,0.0,0.0,0.0,0.0,0.0,0.0,23.2,122.9,,
2026-08-10,2026-08-10T00:01:39,18,FPO,124064,Shelby Cowen,914,58,135.0,0.0,0.0,1e-05,0.0,0.0,0.0,180.0,62.0,96415;96417,
2026-08-10,2026-08-10T00:01:39,18,FPO,126226,Kati Chachere,843,171,2.0,0.0,0.0,0.0,0.0,0.0,0.0,2.0,171.0,,
2026-08-10,2026-08-10T00:01:39,18,FPO,128395,Michelle Saggboy,894,157,2.0,0.0,0.0,0.0,0.0,0.0,0.0,2.0,158.7,,
2026-08-10,2026-08-10T00:01:39,18,FPO,128532,Maarja Soasepp,905,100,42.0,0.0,0.0,0.0,0.0,0.0,0.0,42.0,102.4,,
2026-08-10,2026-08-10T00:01:39,18,FPO,130187,Kat Johnson,910,205,0.0,0.0,0.0,0.0,0.0,0.0,0.0,3.6,176.2,97344,
2026-08-10,2026-08-10T00:01:39,18,FPO,130342,Chantel Budinsky,957,57,136.5,0.0624,0.0,0.44931,0.01902,0.04525,0.0,380.9,47.0,97344;96417,
2026-08-10,2026-08-10T00:01:39,18,FPO,130822,Hannah Manis,932,201,0.0,1e-05,0.0,1e-05,0.0,0.0,0.0,20.5,149.4,97344,
2026-08-10,2026-08-10T00:01:39,18,FPO,131583,Hannah Lengel,954,86,66.0,0.00943,0.0,0.0,0.0,0.00076,0.0,127.1,72.9,96417,
2026-08-10,2026-08-10T00:01:39,18,FPO,132291,Ashley Phelps,904,121,23.0,0.0,0.0,0.0,0.0,0.0,0.0,23.0,123.9,,
2026-08-10,2026-08-10T00:01:39,18,FPO,132627,Jenn Cazanov-Diggs,905,154,2.0,0.0,0.0,0.0,0.0,0.0,0.0,2.0,171.3,,
2026-08-10,2026-08-10T00:01:39,18,FPO,133547,Holyn Handley,986,1,1713.67,1.0,1.0,1.0,1.0,0.0,0.1388,2066.2,2.5,96415;96416;97344;96418;96419,
2026-08-10,2026-08-10T00:01:39,18,FPO,133701,Nathalie Ortiz,907,87,64.25,0.0,0.0,0.0,0.0,0.0,0.0,64.2,89.2,,
2026-08-10,2026-08-10T00:01:39,18,FPO,135383,Emma Arp,912,152,5.0,0.0,0.0,0.0,0.0,0.0,0.0,5.0,156.2,,
2026-08-10,2026-08-10T00:01:39,18,FPO,138272,Raven Klein,941,25,518.5,0.01847,0.00037,1.0,0.99757,0.01686,0.0,703.1,30.7,96415;96416;97344;96417;96418,
2026-08-10,2026-08-10T00:01:39,18,FPO,139109,Leah Tsinajinnie,927,74,95.0,0.0,0.0,0.00025,0.0,0.0,0.0,130.4,71.7,96415;97344,
2026-08-10,2026-08-10T00:01:39,18,FPO,139387,Hanna Jansson,903,94,50.25,0.0,0.0,0.0,0.0,0.0,0.0,50.2,95.6,,
2026-08-10,2026-08-10T00:01:39,18,FPO,139738,Megan Dophal,908,209,0.0,0.0,0.0,0.0,0.0,0.0,0.0,3.2,189.5,97344,
2026-08-10,2026-08-10T00:01:39,18,FPO,140660,María Eldey Kristínardóttir,916,77,91.5,0.0,0.0,0.0,0.0,0.0,0.0,91.5,81.5,,
2026-08-10,2026-08-10T00:01:39,18,FPO,140947,Nina Bennett,946,62,126.5,0.00867,0.0,0.11092,0.00073,0.00572,0.0,265.9,55.3,97344;96417,
2026-08-10,2026-08-10T00:01:39,18,FPO,142259,Katheryn Maloney,901,206,0.0,0.0,0.0,0.0,0.0,0.0,0.0,2.4,178.0,97344,
2026-08-10,2026-08-10T00:01:39,18,FPO,142354,Alexis Kerman,921,52,197.0,4e-05,0.0,0.44953,2e-05,1e-05,0.0,296.1,52.8,96415;96416;97344;96417;96418,
2026-08-10,2026-08-10T00:01:39,18,FPO,143423,Ember Simonis,916,198,0.0,0.0,0.0,0.0,0.0,0.0,0.0,5.6,178.0,97344,
2026-08-10,2026-08-10T00:01:39,18,FPO,143720,Jessica Kinard,906,192,0.0,0.0,0.0,0.0,0.0,0.0,0.0,22.8,127.5,96416,
2026-08-10,2026-08-10T00:01:39,18,FPO,144112,Ella Hansen,976,5,1421.58,1.0,1.0,1.0,1.0,0.0,0.0001,1772.5,5.2,96415;96416;97344;96418;96419,
2026-08-10,2026-08-10T00:01:39,18,FPO,144791,Emily Yale,893,75,92.0,0.0,0.0,0.0,0.0,0.0,0.0,120.4,73.7,96415;96416;97344,
2026-08-10,2026-08-10T00:01:39,18,FPO,146137,Dani K. Hart,951,27,502.5,0.06401,0.00255,1.0,0.99988,0.05458,0.0,751.4,28.2,96415;96416;97344;96417;96418;96419,
2026-08-10,2026-08-10T00:01:39,18,FPO,146304,MJ Gager,933,36,355.83,0.00075,0.0,1.0,0.03775,0.00049,0.0,450.9,42.1,96415;97344;96417;96418,
2026-08-10,2026-08-10T00:01:39,18,FPO,147050,Ali Smith,946,68,112.5,0.0,0.0,0.0,0.0,0.0,0.0,112.5,75.9,,
2026-08-10,2026-08-10T00:01:39,18,FPO,147393,Sadie Shattuck,866,136,16.0,0.0,0.0,0.0,0.0,0.0,0.0,16.0,140.5,,
2026-08-10,2026-08-10T00:01:39,18,FPO,149548,VicToria Scott,887,212,0.0,0.0,0.0,0.0,0.0,0.0,0.0,2.0,195.9,97344,
2026-08-10,2026-08-10T00:01:39,18,FPO,149803,Candyce Boyce,895,109,33.0,0.0,0.0,0.0,0.0,0.0,0.0,33.0,111.3,,
2026-08-10,2026-08-10T00:01:39,18,FPO,150057,Hailey Huber,932,81,81.0,0.0,0.0,0.0,0.0,0.0,0.0,141.0,69.1,96415,
2026-08-10,2026-08-10T00:01:39,18,FPO,151072,Jennifer Rice,894,131,18.0,0.0,0.0,0.0,0.0,0.0,0.0,18.0,134.7,,
2026-08-10,2026-08-10T00:01:39,18,FPO,152191,Kelley Foster,933,35,367.5,0.00215,0.0,1.0,0.25036,0.00171,0.0,511.3,38.7,96415;96416;96417;96418,
2026-08-10,2026-08-10T00:01:39,18,FPO,154098,Ariel Walker,943,101,40.25,0.00022,0.0,0.00025,0.0,0.0001,0.0,83.5,86.4,97344,
2026-08-10,2026-08-10T00:01:39,18,FPO,155026,Amanda Lennartsson,947,33,409.0,0.0097,0.0,1.0,0.06239,0.00893,0.0,465.6,41.5,96418,
2026-08-10,2026-08-10T00:01:39,18,FPO,156259,Ella Tejler,898,85,73.5,0.0,0.0,0.0,0.0,0.0,0.0,73.5,87.9,,
2026-08-10,2026-08-10T00:01:39,18,FPO,156781,Audrey Wicklander,891,194,0.0,0.0,0.0,0.0,0.0,0.0,0.0,2.1,188.6,97344,
2026-08-10,2026-08-10T00:01:39,18,FPO,157471,Nid Ovathanasin,936,133,17.67,2e-05,0.0,2e-05,0.0,0.0,0.0,45.0,109.3,97344,
2026-08-10,2026-08-10T00:01:39,18,FPO,158385,Destyne Martinez,865,153,2.0,0.0,0.0,0.0,0.0,0.0,0.0,2.0,162.6,,
2026-08-10,2026-08-10T00:01:39,18,FPO,158461,Shiru Liu,914,88,63.5,0.0,0.0,0.0,0.0,0.0,0.0,63.5,90.3,,
2026-08-10,2026-08-10T00:01:39,18,FPO,160103,Jacquelyn DeLude,877,202,0.0,0.0,0.0,0.0,0.0,0.0,0.0,2.0,182.7,97344,
2026-08-10,2026-08-10T00:01:39,18,FPO,161231,Sarah May,856,167,2.0,0.0,0.0,0.0,0.0,0.0,0.0,2.0,175.0,,
2026-08-10,2026-08-10T00:01:39,18,FPO,161918,Addison Woodard,950,40,317.08,0.05276,0.00079,1.0,0.9308,0.04604,0.0,681.9,31.7,96415;96416;97344;96417;96418,
2026-08-10,2026-08-10T00:01:39,18,FPO,162735,Eden Fornoff,922,175,1.33,0.0,0.0,0.0,0.0,0.0,0.0,43.6,101.4,96415;96416,
2026-08-10,2026-08-10T00:01:39,18,FPO,162896,Therese Cuevas,937,49,231.5,0.00127,0.0,0.20098,0.00026,0.00117,0.0,290.1,53.3,97344;96418,
2026-08-10,2026-08-10T00:01:39,18,FPO,164788,Alecia Hinkson,930,67,113.83,0.00022,0.0,0.00369,0.0,1e-05,0.0,166.3,64.9,97344;96417,
2026-08-10,2026-08-10T00:01:39,18,FPO,165652,Ceci Vollbrecht,899,195,0.0,0.0,0.0,0.0,0.0,0.0,0.0,2.3,188.4,97344,
2026-08-10,2026-08-10T00:01:39,18,FPO,166082,Ashton Webberley,904,158,2.0,0.0,0.0,0.0,0.0,0.0,0.0,2.0,163.0,,
2026-08-10,2026-08-10T00:01:39,18,FPO,166749,Mackenzie Morris,884,146,9.0,0.0,0.0,0.0,0.0,0.0,0.0,9.0,150.0,,
2026-08-10,2026-08-10T00:01:39,18,FPO,167255,AK Kaestner,820,174,2.0,0.0,0.0,0.0,0.0,0.0,0.0,2.0,177.0,,
2026-08-10,2026-08-10T00:01:39,18,FPO,168863,Trinity Bryant,921,48,235.0,6e-05,0.0,0.811,0.00015,2e-05,0.0,316.1,51.0,96416;97344;96417;96418,
2026-08-10,2026-08-10T00:01:39,18,FPO,170182,Rebecca Minnick,865,111,29.0,0.0,0.0,0.0,0.0,0.0,0.0,29.0,113.5,,
2026-08-10,2026-08-10T00:01:39,18,FPO,173601,Marie Kielas,914,92,51.0,0.0,0.0,0.0,0.0,0.0,0.0,51.0,94.6,,
2026-08-10,2026-08-10T00:01:39,18,FPO,176242,Morgan Lynds,931,66,115.75,0.0002,0.0,0.00494,0.0,6e-05,0.0,171.2,64.2,97344;96417,
2026-08-10,2026-08-10T00:01:39,18,FPO,176243,Jordan Lynds,945,56,145.25,0.00824,0.0,0.15624,0.00097,0.00566,0.0,284.9,53.7,97344;96417,
2026-08-10,2026-08-10T00:01:39,18,FPO,176481,Karissa Dedmon,917,89,59.0,0.0,0.0,0.0,0.0,0.0,0.0,65.0,90.0,97344,
2026-08-10,2026-08-10T00:01:39,18,FPO,178707,Joleigh Miller,929,71,102.0,0.0,0.0,0.0,0.0,0.0,0.0,102.0,78.9,,
2026-08-10,2026-08-10T00:01:39,18,FPO,178748,Kendyl Sullivan,887,164,2.0,0.0,0.0,0.0,0.0,0.0,0.0,2.0,176.0,,
2026-08-10,2026-08-10T00:01:39,18,FPO,179200,Jamie Williams,863,183,0.0,0.0,0.0,0.0,0.0,0.0,0.0,0.0,199.0,,
2026-08-10,2026-08-10T00:01:39,18,FPO,179873,Jenny Larsson,921,91,54.0,0.0,0.0,0.0,0.0,0.0,0.0,54.0,92.4,,
2026-08-10,2026-08-10T00:01:39,18,FPO,181772,Ida Emilie Nesse,948,34,400.0,0.04494,0.00177,1.0,0.98939,0.0393,0.0,717.4,30.0,96415;96416;97344;96417;96418,
2026-08-10,2026-08-10T00:01:39,18,FPO,182450,Kajsa Wahl,893,105,36.75,0.0,0.0,0.0,0.0,0.0,0.0,36.8,106.8,,
2026-08-10,2026-08-10T00:01:39,18,FPO,184609,Elva-Kate Preston,908,64,118.25,0.0,0.0,2e-05,0.0,0.0,0.0,149.2,66.7,96415;97344,
2026-08-10,2026-08-10T00:01:39,18,FPO,184736,Jennifer Smiley,934,37,337.75,0.00132,0.0,1.0,0.07791,0.00094,0.0,458.8,41.7,96415;96416;97344;96417;96418,
2026-08-10,2026-08-10T00:01:39,18,FPO,185057,Josefine Johansson,934,80,81.0,4e-05,0.0,0.00026,0.0,2e-05,0.0,105.2,78.4,97344,
2026-08-10,2026-08-10T00:01:39,18,FPO,185534,Sofia Donnecke,961,24,547.5,0.15478,0.00022,1.0,0.99262,0.14947,0.0,710.0,30.4,96418,
2026-08-10,2026-08-10T00:01:39,18,FPO,185627,Athena Cuevas,866,138,14.0,0.0,0.0,0.0,0.0,0.0,0.0,14.0,141.9,,
2026-08-10,2026-08-10T00:01:39,18,FPO,186277,Kassandra Fog Wichmann,871,150,6.0,0.0,0.0,0.0,0.0,0.0,0.0,6.0,154.2,,
2026-08-10,2026-08-10T00:01:39,18,FPO,186629,Sanne Dalseth,880,140,13.5,0.0,0.0,0.0,0.0,0.0,0.0,13.5,143.4,,
2026-08-10,2026-08-10T00:01:39,18,FPO,188837,JJ Sun,883,186,0.0,0.0,0.0,0.0,0.0,0.0,0.0,0.0,198.0,,
2026-08-10,2026-08-10T00:01:39,18,FPO,189702,Taylor Chocek,947,16,805.95,0.27208,0.2643,1.0,1.0,0.00778,0.0,960.4,19.6,96415;96416;96418;96419,
2026-08-10,2026-08-10T00:01:39,18,FPO,193215,Lexi Marx,929,90,57.5,1e-05,0.0,0.00014,0.0,0.0,0.0,101.7,78.9,96415;97344,
2026-08-10,2026-08-10T00:01:39,18,FPO,195549,Kylie Kohut,933,38,331.0,0.00061,0.0,1.0,0.03293,0.00056,0.0,453.1,41.8,96415;96416;96418,
2026-08-10,2026-08-10T00:01:39,18,FPO,195550,Peyton Kohut,913,69,108.5,0.0,0.0,0.00013,0.0,0.0,0.0,178.7,62.2,96415;96416,
2026-08-10,2026-08-10T00:01:39,18,FPO,196237,Kaire Tekku,923,83,78.75,0.0,0.0,0.0,0.0,0.0,0.0,78.8,85.8,,
2026-08-10,2026-08-10T00:01:39,18,FPO,197689,Isabella Parker,877,130,18.0,0.0,0.0,0.0,0.0,0.0,0.0,18.0,135.6,,
2026-08-10,2026-08-10T00:01:39,18,FPO,198446,Eliezra Midtlyng,948,13,851.58,0.57013,0.56777,1.0,1.0,0.00222,0.0,1006.5,18.1,96416;97344;96417;96418;96419,
2026-08-10,2026-08-10T00:01:39,18,FPO,198721,Hannah Kellar,898,103,38.0,0.0,0.0,0.0,0.0,0.0,0.0,38.0,104.9,,
2026-08-10,2026-08-10T00:01:39,18,FPO,202571,Elizabete Pēkšena,932,50,205.5,0.00031,0.0,0.04355,1e-05,0.00028,0.0,247.1,56.3,97344;96418,
2026-08-10,2026-08-10T00:01:39,18,FPO,208576,Rebecca Don,961,10,937.99,0.99985,0.99985,1.0,1.0,0.0,0.0,1215.3,12.0,96415;96416;97344;96418;96419,
2026-08-10,2026-08-10T00:01:39,18,FPO,209432,Eden Fletcher,905,104,38.0,0.0,0.0,0.0,0.0,0.0,0.0,38.0,105.8,,
2026-08-10,2026-08-10T00:01:39,18,FPO,209462,Erika Apple,854,173,2.0,0.0,0.0,0.0,0.0,0.0,0.0,2.0,174.0,,
2026-08-10,2026-08-10T00:01:39,18,FPO,210287,Mara Neal,864,166,2.0,0.0,0.0,0.0,0.0,0.0,0.0,2.0,166.0,,
2026-08-10,2026-08-10T00:01:39,18,FPO,210972,Kristýna Jurčíková,970,39,331.0,0.2744,0.00094,1.0,0.6868,0.24807,0.0,653.0,32.9,97344;96418,
2026-08-10,2026-08-10T00:01:39,18,FPO,214417,Fleur Verberk,899,199,0.0,0.0,0.0,0.0,0.0,0.0,0.0,2.3,184.7,97344,
2026-08-10,2026-08-10T00:01:39,18,FPO,215439,Sheliemae Lai,946,76,92.0,0.0,0.0,0.0,0.0,0.0,0.0,92.0,80.5,,
2026-08-10,2026-08-10T00:01:39,18,FPO,215495,Kelsey Martin,877,207,0.0,0.0,0.0,0.0,0.0,0.0,0.0,2.0,178.3,97344,
2026-08-10,2026-08-10T00:01:39,18,FPO,216558,Iida Lehtomäki,963,31,430.25,0.11874,1e-05,1.0,0.43859,0.1076,0.0,574.8,36.4,97344;96418,
2026-08-10,2026-08-10T00:01:39,18,FPO,217892,Katie Tews,892,115,25.5,0.0,0.0,0.0,0.0,0.0,0.0,25.5,119.7,,
2026-08-10,2026-08-10T00:01:39,18,FPO,218760,Sarah Duran,865,143,11.0,0.0,0.0,0.0,0.0,0.0,0.0,11.0,147.0,,
2026-08-10,2026-08-10T00:01:39,18,FPO,218779,Amanda Brightwell,831,169,2.0,0.0,0.0,0.0,0.0,0.0,0.0,2.0,170.0,,
2026-08-10,2026-08-10T00:01:39,18,FPO,219693,Anna Damberga,864,126,21.0,0.0,0.0,0.0,0.0,0.0,0.0,21.0,129.1,,
2026-08-10,2026-08-10T00:01:39,18,FPO,221583,Evie Lou Ramey,894,189,0.0,0.0,0.0,0.0,0.0,0.0,0.0,0.0,210.0,,
2026-08-10,2026-08-10T00:01:39,18,FPO,222693,Tanisha Platero,856,160,2.0,0.0,0.0,0.0,0.0,0.0,0.0,2.0,161.0,,
2026-08-10,2026-08-10T00:01:39,18,FPO,222973,Martje Sumowski,913,110,33.0,0.0,0.0,0.0,0.0,0.0,0.0,33.0,112.3,,
2026-08-10,2026-08-10T00:01:39,18,FPO,223975,Laura Tatiana Niño Carranza,875,155,2.0,0.0,0.0,0.0,0.0,0.0,0.0,4.0,157.3,97344,
2026-08-10,2026-08-10T00:01:39,18,FPO,224238,Julia Fors,962,32,428.5,0.15672,0.00153,1.0,0.88894,0.14509,0.0,688.4,31.3,97344;96418,
2026-08-10,2026-08-10T00:01:39,18,FPO,225016,Naomi Suyat,869,185,0.0,0.0,0.0,0.0,0.0,0.0,0.0,0.0,200.0,,
2026-08-10,2026-08-10T00:01:39,18,FPO,227315,Sarah Wadsworth,901,190,0.0,0.0,0.0,0.0,0.0,0.0,0.0,18.0,135.2,96415,
2026-08-10,2026-08-10T00:01:39,18,FPO,228486,Stefani Ewell,857,144,10.0,0.0,0.0,0.0,0.0,0.0,0.0,10.0,148.0,,
2026-08-10,2026-08-10T00:01:39,18,FPO,229526,Sintija Klezberga,955,15,815.5,0.87049,0.87016,1.0,1.0,0.0003,0.0,1061.2,16.4,96415;97344;96417;96418;96419,
2026-08-10,2026-08-10T00:01:39,18,FPO,231650,Tailey Rowley,911,65,117.25,0.0,0.0,1e-05,0.0,0.0,0.0,148.9,66.7,96415;97344,
2026-08-10,2026-08-10T00:01:39,18,FPO,232666,Rebecka Hoppe,850,151,6.0,0.0,0.0,0.0,0.0,0.0,0.0,6.0,153.6,,
2026-08-10,2026-08-10T00:01:39,18,FPO,232722,Julia Hauch,911,204,0.0,0.0,0.0,0.0,0.0,0.0,0.0,3.9,176.4,97344,
2026-08-10,2026-08-10T00:01:39,18,FPO,235368,Madalyn Payton,896,176,0.0,0.0,0.0,0.0,0.0,0.0,0.0,0.0,207.0,,
2026-08-10,2026-08-10T00:01:39,18,FPO,238187,Ann Deputy,918,82,80.25,0.0,0.0,0.0,0.0,0.0,0.0,86.9,83.4,97344,
2026-08-10,2026-08-10T00:01:39,18,FPO,240590,Amelia Saechao,873,118,24.0,0.0,0.0,0.0,0.0,0.0,0.0,24.0,121.3,,
2026-08-10,2026-08-10T00:01:39,18,FPO,242116,Eva Lutsenko,924,123,21.75,0.0,0.0,0.0,0.0,0.0,0.0,21.8,127.5,,
2026-08-10,2026-08-10T00:01:39,18,FPO,242331,Ida Kennmark,867,139,13.5,0.0,0.0,0.0,0.0,0.0,0.0,13.5,143.4,,
2026-08-10,2026-08-10T00:01:39,18,FPO,245180,Chelsea Sutton,859,170,2.0,0.0,0.0,0.0,0.0,0.0,0.0,2.0,172.0,,
2026-08-10,2026-08-10T00:01:39,18,FPO,245306,Netta Leppäaho,945,70,105.75,0.0,0.0,0.0,0.0,0.0,0.0,105.8,77.5,,
2026-08-10,2026-08-10T00:01:39,18,FPO,245317,Sophi Stephenson,859,141,12.0,0.0,0.0,0.0,0.0,0.0,0.0,12.0,144.9,,
2026-08-10,2026-08-10T00:01:39,18,FPO,254333,Jess Zilch,874,128,19.5,0.0,0.0,0.0,0.0,0.0,0.0,19.5,131.1,,
2026-08-10,2026-08-10T00:01:39,18,FPO,255962,Samantha Zaborowski,901,211,0.0,0.0,0.0,0.0,0.0,0.0,0.0,2.4,193.6,97344,
2026-08-10,2026-08-10T00:01:39,18,FPO,256846,Lea Tomas,888,208,0.0,0.0,0.0,0.0,0.0,0.0,0.0,2.0,195.8,97344,
2026-08-10,2026-08-10T00:01:39,18,FPO,259972,Marion Mattsson,858,142,11.25,0.0,0.0,0.0,0.0,0.0,0.0,11.2,146.0,,
2026-08-10,2026-08-10T00:01:39,18,FPO,261058,Jessica Erickson,891,95,49.0,0.0,0.0,0.0,0.0,0.0,0.0,49.0,96.6,,
2026-08-10,2026-08-10T00:01:39,18,FPO,261216,Victoria Christensen,863,134,17.25,0.0,0.0,0.0,0.0,0.0,0.0,17.2,137.9,,
2026-08-10,2026-08-10T00:01:39,18,FPO,268900,Natalie Berg,883,127,19.5,0.0,0.0,0.0,0.0,0.0,0.0,19.5,131.1,,
2026-08-10,2026-08-10T00:01:39,18,FPO,269838,Daisy Kelly,882,184,0.0,0.0,0.0,0.0,0.0,0.0,0.0,0.0,208.0,,
2026-08-10,2026-08-10T00:01:39,18,FPO,277832,Chandler Reigh,939,26,511.25,0.01356,7e-05,1.0,0.99712,0.01268,0.0,677.9,32.1,96415;96416;97344;96417;96418,
2026-08-10,2026-08-10T00:01:39,18,FPO,278450,Brit Hamburg-Kiin,854,113,28.5,0.0,0.0,0.0,0.0,0.0,0.0,28.5,115.1,,
2026-08-10,2026-08-10T00:01:39,18,FPO,279466,Gry Nagel,820,132,18.0,0.0,0.0,0.0,0.0,0.0,0.0,18.0,133.3,,
2026-08-10,2026-08-10T00:01:39,18,FPO,281626,Una Lokmane,878,112,28.5,0.0,0.0,0.0,0.0,0.0,0.0,28.5,115.0,,
2026-08-10,2026-08-10T00:01:39,18,FPO,284553,Katherine Aydelott,861,149,6.0,0.0,0.0,0.0,0.0,0.0,0.0,6.0,154.5,,
2026-08-10,2026-08-10T00:01:39,18,FPO,286978,Michelle Southworth,800,168,2.0,0.0,0.0,0.0,0.0,0.0,0.0,2.0,169.0,,
2026-08-10,2026-08-10T00:01:39,18,FPO,288014,Jordan Coomes,840,129,18.0,0.0,0.0,0.0,0.0,0.0,0.0,18.0,135.3,,
2026-08-10,2026-08-10T00:01:39,18,FPO,297287,Marta Villa,856,165,2.0,0.0,0.0,0.0,0.0,0.0,0.0,2.0,165.0,,
2026-08-10,2026-08-10T00:01:39,18,FPO,302765,Grace Wilson,891,200,0.0,0.0,0.0,0.0,0.0,0.0,0.0,2.1,185.5,97344,
2026-08-10,2026-08-10T00:01:39,18,FPO,308525,Saga Dahlstedt,917,60,127.5,0.0,0.0,0.0,0.0,0.0,0.0,127.5,72.3,,
2026-08-10,2026-08-10T00:01:39,18,FPO,311218,Mina Alme,902,107,35.25,0.0,0.0,0.0,0.0,0.0,0.0,35.2,109.2,,
2026-08-11,2026-08-11T11:52:55,19,FPO,3024,Chris O'Cleary,914,195,0.0,0.0,0.0,0.0,0.0,0.0,0.0,4.2,183.4,97344,
2026-08-11,2026-08-11T11:52:55,19,FPO,3090,Elaine King,892,196,0.0,0.0,0.0,0.0,0.0,0.0,0.0,2.1,187.8,97344,
2026-08-11,2026-08-11T11:52:55,19,FPO,8803,Ruth Steele,867,165,2.0,0.0,0.0,0.0,0.0,0.0,0.0,2.0,165.0,,
2026-08-11,2026-08-11T11:52:55,19,FPO,15354,Jennifer Allen,966,42,313.0,0.18402,5e-05,0.99988,0.48811,0.16702,0.0,585.9,35.7,97344;96418,
2026-08-11,2026-08-11T11:52:55,19,FPO,27832,Kona Star Montgomery,950,23,638.75,0.09075,0.04463,1.0,1.0,0.0423,0.0,870.0,23.1,96416;97344;96417;96418;96419,
2026-08-11,2026-08-11T11:52:55,19,FPO,29190,Paige Pierce,963,18,796.67,0.82821,0.82384,1.0,1.0,0.00437,0.0,1083.4,16.0,96416;97344;96418;96419,
2026-08-11,2026-08-11T11:52:55,19,FPO,29947,Stephanie Vincent,927,115,28.0,0.0,0.0,0.0,0.0,0.0,0.0,28.0,117.2,,
2026-08-11,2026-08-11T11:52:55,19,FPO,31041,Sheila Teves,883,183,0.0,0.0,0.0,0.0,0.0,0.0,0.0,0.0,207.0,,
2026-08-11,2026-08-11T11:52:55,19,FPO,32654,Lisa Fajkus,959,21,671.33,0.50817,0.47699,1.0,1.0,0.0278,0.0,1007.4,18.5,96416;97344;96417;96418;96419,
2026-08-11,2026-08-11T11:52:55,19,FPO,32917,Rebecca Cox,949,29,502.5,0.05475,0.00447,1.0,0.9997,0.04549,0.0,761.3,27.6,96416;97344;96417;96418;96419,
2026-08-11,2026-08-11T11:52:55,19,FPO,32925,Lindsay Fish,888,158,2.0,0.0,0.0,0.0,0.0,0.0,0.0,2.0,162.8,,
2026-08-11,2026-08-11T11:52:55,19,FPO,34563,Sarah Hokom,947,56,163.75,0.0131,0.0,0.69434,0.02299,0.00947,0.0,373.5,47.2,96416;97344;96417;96418,
2026-08-11,2026-08-11T11:52:55,19,FPO,35321,Sofie Björlycke,936,81,83.25,0.0,0.0,0.0,0.0,0.0,0.0,83.2,83.0,,
2026-08-11,2026-08-11T11:52:55,19,FPO,35774,Camilla Jernberg,873,150,7.5,0.0,0.0,0.0,0.0,0.0,0.0,7.5,152.1,,
2026-08-11,2026-08-11T11:52:55,19,FPO,36307,Amanda Branch,887,192,0.0,0.0,0.0,0.0,0.0,0.0,0.0,2.0,177.9,97344,
2026-08-11,2026-08-11T11:52:55,19,FPO,39504,Zoe AnDyke,930,85,77.0,0.0,0.0,0.0,0.0,0.0,0.0,77.0,86.4,,
2026-08-11,2026-08-11T11:52:55,19,FPO,43995,Taylor Foth,900,181,0.0,0.0,0.0,0.0,0.0,0.0,0.0,0.0,204.0,,
2026-08-11,2026-08-11T11:52:55,19,FPO,44184,Catrina Allen,968,7,1170.25,1.0,1.0,1.0,1.0,0.0,0.0,1458.6,7.7,96416;97344;96417;96418;96419,
2026-08-11,2026-08-11T11:52:55,19,FPO,45407,Brittney Armentrout,860,161,2.0,0.0,0.0,0.0,0.0,0.0,0.0,2.0,162.0,,
2026-08-11,2026-08-11T11:52:55,19,FPO,48199,Alison Blakeman,866,188,0.0,0.0,0.0,0.0,0.0,0.0,0.0,0.0,200.0,,
2026-08-11,2026-08-11T11:52:55,19,FPO,48976,Ohn Scoggins,989,3,1673.33,1.0,1.0,1.0,1.0,0.0,0.49737,2156.0,1.7,96416;97344;96417;96418;96419,
2026-08-11,2026-08-11T11:52:55,19,FPO,50656,Jessica Gurthie,956,17,800.5,1.0,0.83785,1.0,1.0,0.00152,0.0,1085.9,15.9,96416;97344;96417;96418;96419,
2026-08-11,2026-08-11T11:52:55,19,FPO,51277,Holly Finley,937,46,265.0,0.00193,0.0,0.93189,0.006,0.00123,0.0,356.9,48.1,97344;96417;96418,
2026-08-11,2026-08-11T11:52:55,19,FPO,58303,Sai Ananda,959,75,102.0,0.03208,0.0,0.04502,0.00158,0.02748,0.0,236.4,59.7,97344,
2026-08-11,2026-08-11T11:52:55,19,FPO,59227,Henna Blomroos,968,9,1036.67,1.0,0.99996,1.0,1.0,0.0,0.0,1251.6,11.2,97344;96418;96419,
2026-08-11,2026-08-11T11:52:55,19,FPO,59431,Madison Walker,953,22,652.83,0.10111,0.03217,1.0,1.0,0.06245,0.0,858.8,23.5,96416;97344;96417;96418;96419,
2026-08-11,2026-08-11T11:52:55,19,FPO,60798,Madison Tomaino,923,80,83.5,0.0,0.0,0.0,0.0,0.0,0.0,117.6,74.6,96416,
2026-08-11,2026-08-11T11:52:55,19,FPO,61144,Emily Beach,901,178,0.0,0.0,0.0,0.0,0.0,0.0,0.0,0.0,205.0,,
2026-08-11,2026-08-11T11:52:55,19,FPO,61990,Katka Boďová,916,97,48.0,0.0,0.0,0.0,0.0,0.0,0.0,48.0,97.8,,
2026-08-11,2026-08-11T11:52:55,19,FPO,62879,Valerie Mandujano,972,12,985.66,1.0,1.0,1.0,1.0,0.0,0.0,1399.7,8.4,96416;97344;96417;96418;96419,
2026-08-11,2026-08-11T11:52:55,19,FPO,62880,Alexis Mandujano,960,30,480.5,0.2071,0.07729,1.0,1.0,0.11263,0.0,869.0,23.3,96416;97344;96417;96418;96419,
2026-08-11,2026-08-11T11:52:55,19,FPO,63257,Maria Oliva,920,47,246.0,3e-05,0.0,0.83111,8e-05,0.0,0.0,314.9,51.3,96416;97344;96417;96418,
2026-08-11,2026-08-11T11:52:55,19,FPO,64927,Eveliina Salonen,988,6,1364.67,1.0,1.0,1.0,1.0,0.0,1e-05,1726.6,5.6,97344;96418;96419,
2026-08-11,2026-08-11T11:52:55,19,FPO,65489,Lauren Butler,912,55,166.58,0.0,0.0,0.00055,0.0,0.0,0.0,191.3,60.9,97344;96417,
2026-08-11,2026-08-11T11:52:55,19,FPO,66063,Ashlee Johnson,860,182,0.0,0.0,0.0,0.0,0.0,0.0,0.0,0.0,203.0,,
2026-08-11,2026-08-11T11:52:55,19,FPO,66599,Heidi Laine,963,10,1015.75,0.99978,0.99978,1.0,1.0,0.0,0.0,1230.8,11.7,96416;97344;96418;96419,
2026-08-11,2026-08-11T11:52:55,19,FPO,69584,Danielle Weigandt,853,164,2.0,0.0,0.0,0.0,0.0,0.0,0.0,2.0,168.0,,
2026-08-11,2026-08-11T11:52:55,19,FPO,71262,Erika Stinchcomb,922,44,288.75,9e-05,0.0,0.9892,0.00052,3e-05,0.0,341.1,49.0,96416;97344;96417;96418,
2026-08-11,2026-08-11T11:52:55,19,FPO,72635,Kersti Miller,890,108,34.5,0.0,0.0,0.0,0.0,0.0,0.0,34.5,109.7,,
2026-08-11,2026-08-11T11:52:55,19,FPO,74708,Casey Pennington,903,102,39.5,0.0,0.0,0.0,0.0,0.0,0.0,39.5,103.3,,
2026-08-11,2026-08-11T11:52:55,19,FPO,75029,Cynthia Ricciotti,923,65,132.08,6e-05,0.0,0.00588,1e-05,1e-05,0.0,196.8,60.9,96416;97344;96417,
2026-08-11,2026-08-11T11:52:55,19,FPO,76009,Virginia Polkinghorne,885,189,0.0,0.0,0.0,0.0,0.0,0.0,0.0,0.0,209.0,,
2026-08-11,2026-08-11T11:52:55,19,FPO,77385,Matilda Ringbom,947,45,274.0,0.00984,0.0,0.10788,0.00045,0.00916,0.0,329.5,50.4,96418,
2026-08-11,2026-08-11T11:52:55,19,FPO,78232,Tiger Borth,899,125,21.0,0.0,0.0,0.0,0.0,0.0,0.0,23.2,123.9,97344,
2026-08-11,2026-08-11T11:52:55,19,FPO,79233,Cadence Burge,966,57,162.75,0.21435,0.00016,0.97315,0.41815,0.16554,0.0,568.9,36.6,96416;97344;96417;96418,
2026-08-11,2026-08-11T11:52:55,19,FPO,80935,Lindsey Maas,905,93,50.25,0.0,0.0,0.0,0.0,0.0,0.0,52.8,92.7,97344,
2026-08-11,2026-08-11T11:52:55,19,FPO,82809,Alex von Stade,893,122,22.0,0.0,0.0,0.0,0.0,0.0,0.0,22.0,125.6,,
2026-08-11,2026-08-11T11:52:55,19,FPO,83376,Cassandra Lioi,890,149,8.0,0.0,0.0,0.0,0.0,0.0,0.0,8.0,151.1,,
2026-08-11,2026-08-11T11:52:55,19,FPO,84279,Kaidi Allsalu,953,52,203.62,0.02824,0.0,0.0,0.0,0.02649,0.0,281.2,53.8,,
2026-08-11,2026-08-11T11:52:55,19,FPO,85189,Samantha Bonacci,870,137,16.5,0.0,0.0,0.0,0.0,0.0,0.0,16.5,139.3,,
2026-08-11,2026-08-11T11:52:55,19,FPO,85484,Anneli Tõugjas-Männiste,959,24,554.0,0.15785,0.01345,1.0,0.99997,0.12518,0.0,800.9,25.9,97344;96417;96418;96419,
2026-08-11,2026-08-11T11:52:55,19,FPO,85942,Missy Gannon,986,4,1518.66,1.0,1.0,1.0,1.0,0.0,0.00521,1890.0,4.1,96416;97344;96417;96418;96419,
2026-08-11,2026-08-11T11:52:55,19,FPO,87094,Rose Shertick,921,209,0.0,0.0,0.0,0.0,0.0,0.0,0.0,7.4,179.0,97344,
2026-08-11,2026-08-11T11:52:55,19,FPO,87443,Andrea Cammack,878,163,2.0,0.0,0.0,0.0,0.0,0.0,0.0,2.0,163.0,,
2026-08-11,2026-08-11T11:52:55,19,FPO,94085,Keiti Tätte,953,54,184.12,0.00743,0.0,0.0,0.0,0.00706,0.0,205.0,60.1,,
2026-08-11,2026-08-11T11:52:55,19,FPO,96090,Sonja Laine,905,106,36.0,0.0,0.0,0.0,0.0,0.0,0.0,36.0,107.6,,
2026-08-11,2026-08-11T11:52:55,19,FPO,96480,Tori Pasquin,831,174,2.0,0.0,0.0,0.0,0.0,0.0,0.0,2.0,174.0,,
2026-08-11,2026-08-11T11:52:55,19,FPO,97238,Jannicke Hjemli,875,147,9.75,0.0,0.0,0.0,0.0,0.0,0.0,9.8,149.0,,
2026-08-11,2026-08-11T11:52:55,19,FPO,99441,Lykke Lorentzen,921,96,48.0,0.0,0.0,0.0,0.0,0.0,0.0,48.0,97.3,,
2026-08-11,2026-08-11T11:52:55,19,FPO,99455,Kat Mertsch,965,8,1100.67,1.0,1.0,1.0,1.0,0.0,0.0,1364.9,8.9,96416;97344;96417;96418;96419,
2026-08-11,2026-08-11T11:52:55,19,FPO,101949,Ratana McMahon,885,66,129.75,0.0,0.0,0.0,0.0,0.0,0.0,129.8,71.8,,
2026-08-11,2026-08-11T11:52:55,19,FPO,102024,Danielle Keen,896,180,0.0,0.0,0.0,0.0,0.0,0.0,0.0,0.0,201.0,,
2026-08-11,2026-08-11T11:52:55,19,FPO,103743,Karen Martel,923,139,15.0,0.0,0.0,0.0,0.0,0.0,0.0,23.8,130.3,97344,
2026-08-11,2026-08-11T11:52:55,19,FPO,104187,Macie Velediaz,952,43,294.67,0.03635,1e-05,0.99988,0.23414,0.02813,0.0,494.5,39.9,97344;96417;96418,
2026-08-11,2026-08-11T11:52:55,19,FPO,104314,Violet Main,940,41,317.0,0.00355,0.0,0.99998,0.01764,0.00231,0.0,400.5,45.0,97344;96417;96418,
2026-08-11,2026-08-11T11:52:55,19,FPO,104814,Ellie Bryant,895,114,28.25,0.0,0.0,0.0,0.0,0.0,0.0,28.2,116.2,,
2026-08-11,2026-08-11T11:52:55,19,FPO,105126,Aria Castruita,943,98,46.5,0.0,0.0,0.0,0.0,0.0,0.0,46.5,99.1,,
2026-08-11,2026-08-11T11:52:55,19,FPO,106489,Anna Pinter,875,124,21.75,0.0,0.0,0.0,0.0,0.0,0.0,21.8,126.6,,
2026-08-11,2026-08-11T11:52:55,19,FPO,107297,Maria Liivamägi,857,118,24.0,0.0,0.0,0.0,0.0,0.0,0.0,24.0,121.5,,
2026-08-11,2026-08-11T11:52:55,19,FPO,107335,Silva Saarinen,991,2,1695.17,1.0,1.0,1.0,1.0,0.0,0.37876,2133.5,1.9,96416;97344;96418;96419,
2026-08-11,2026-08-11T11:52:55,19,FPO,108871,Brook Johnson,905,117,24.0,0.0,0.0,0.0,0.0,0.0,0.0,24.0,120.0,,
2026-08-11,2026-08-11T11:52:55,19,FPO,109337,Cathy Kuhn,856,179,0.0,0.0,0.0,0.0,0.0,0.0,0.0,0.0,202.0,,
2026-08-11,2026-08-11T11:52:55,19,FPO,109996,Anniken Kristiansen Steen,966,20,700.29,0.31442,0.16601,1.0,1.0,0.14515,0.0,928.0,21.1,97344;96418;96419,
2026-08-11,2026-08-11T11:52:55,19,FPO,111487,Emily Weatherman,960,13,932.33,0.99144,0.99144,1.0,1.0,0.0,0.0,1182.8,13.0,96416;97344;96417;96418;96419,
2026-08-11,2026-08-11T11:52:55,19,FPO,112647,Hanna Huynh,961,19,776.83,0.90576,0.90416,1.0,1.0,0.00147,0.0,1122.0,14.8,96416;97344;96417;96418;96419,
2026-08-11,2026-08-11T11:52:55,19,FPO,115503,Olivia Kindstedt,949,53,189.0,0.01394,0.0,0.15782,0.00221,0.01268,0.0,304.3,52.2,97344,
2026-08-11,2026-08-11T11:52:55,19,FPO,116694,Kristi Unt,925,99,45.0,0.0,0.0,0.0,0.0,0.0,0.0,45.0,100.2,,
2026-08-11,2026-08-11T11:52:55,19,FPO,120770,Jami Gust,884,202,0.0,0.0,0.0,0.0,0.0,0.0,0.0,2.0,182.6,97344,
2026-08-11,2026-08-11T11:52:55,19,FPO,121554,Elina Rydberg,901,120,23.25,0.0,0.0,0.0,0.0,0.0,0.0,23.2,122.6,,
2026-08-11,2026-08-11T11:52:55,19,FPO,124064,Shelby Cowen,917,58,158.25,1e-05,0.0,2e-05,0.0,0.0,0.0,181.0,62.6,96417,
2026-08-11,2026-08-11T11:52:55,19,FPO,126226,Kati Chachere,828,173,2.0,0.0,0.0,0.0,0.0,0.0,0.0,2.0,173.0,,
2026-08-11,2026-08-11T11:52:55,19,FPO,128395,Michelle Saggboy,891,159,2.0,0.0,0.0,0.0,0.0,0.0,0.0,2.0,171.5,,
2026-08-11,2026-08-11T11:52:55,19,FPO,128532,Maarja Soasepp,905,100,42.0,0.0,0.0,0.0,0.0,0.0,0.0,42.0,102.1,,
2026-08-11,2026-08-11T11:52:55,19,FPO,130187,Kat Johnson,915,204,0.0,0.0,0.0,0.0,0.0,0.0,0.0,4.6,175.0,97344,
2026-08-11,2026-08-11T11:52:55,19,FPO,130342,Chantel Budinsky,956,64,136.5,0.05344,0.0,0.38254,0.01808,0.03777,0.0,363.2,48.2,97344;96417,
2026-08-11,2026-08-11T11:52:55,19,FPO,130822,Hannah Manis,932,200,0.0,0.0,0.0,0.0,0.0,0.0,0.0,18.3,154.4,97344,
2026-08-11,2026-08-11T11:52:55,19,FPO,131583,Hannah Lengel,953,87,66.0,0.00771,0.0,0.0,0.0,0.00034,0.0,124.0,73.6,96417,
2026-08-11,2026-08-11T11:52:55,19,FPO,132291,Ashley Phelps,907,121,23.0,0.0,0.0,0.0,0.0,0.0,0.0,23.0,124.1,,
2026-08-11,2026-08-11T11:52:55,19,FPO,132627,Jenn Cazanov-Diggs,904,156,2.0,0.0,0.0,0.0,0.0,0.0,0.0,2.0,158.8,,
2026-08-11,2026-08-11T11:52:55,19,FPO,133547,Holyn Handley,984,1,1713.67,1.0,1.0,1.0,1.0,0.0,0.11842,2050.5,2.7,96416;97344;96418;96419,
2026-08-11,2026-08-11T11:52:55,19,FPO,133701,Nathalie Ortiz,908,88,64.25,0.0,0.0,0.0,0.0,0.0,0.0,64.2,88.7,,
2026-08-11,2026-08-11T11:52:55,19,FPO,135383,Emma Arp,907,154,5.0,0.0,0.0,0.0,0.0,0.0,0.0,5.0,156.2,,
2026-08-11,2026-08-11T11:52:55,19,FPO,138272,Raven Klein,942,27,535.0,0.02231,0.00029,1.0,0.999,0.02037,0.0,705.0,30.3,96416;97344;96417;96418;96419,
2026-08-11,2026-08-11T11:52:55,19,FPO,139109,Leah Tsinajinnie,926,69,116.0,0.0,0.0,0.00105,0.0,0.0,0.0,154.3,67.1,96416;97344,
2026-08-11,2026-08-11T11:52:55,19,FPO,139387,Hanna Jansson,906,94,50.25,0.0,0.0,0.0,0.0,0.0,0.0,50.2,95.0,,
2026-08-11,2026-08-11T11:52:55,19,FPO,139738,Megan Dophal,908,208,0.0,0.0,0.0,0.0,0.0,0.0,0.0,2.9,192.3,97344,
2026-08-11,2026-08-11T11:52:55,19,FPO,140660,María Eldey Kristínardóttir,923,78,91.5,0.0,0.0,0.0,0.0,0.0,0.0,91.5,81.1,,
2026-08-11,2026-08-11T11:52:55,19,FPO,140947,Nina Bennett,949,68,126.5,0.01597,0.0,0.14754,0.00239,0.01105,0.0,282.7,54.2,97344;96417,
2026-08-11,2026-08-11T11:52:55,19,FPO,142259,Katheryn Maloney,901,205,0.0,0.0,0.0,0.0,0.0,0.0,0.0,2.3,179.2,97344,
2026-08-11,2026-08-11T11:52:55,19,FPO,142354,Alexis Kerman,926,49,233.75,0.00018,0.0,0.51302,9e-05,8e-05,0.0,304.0,52.3,96416;97344;96417;96418,
2026-08-11,2026-08-11T11:52:55,19,FPO,143423,Ember Simonis,916,197,0.0,0.0,0.0,0.0,0.0,0.0,0.0,4.9,180.0,97344,
2026-08-11,2026-08-11T11:52:55,19,FPO,143720,Jessica Kinard,906,191,0.0,0.0,0.0,0.0,0.0,0.0,0.0,20.2,131.8,96416,
2026-08-11,2026-08-11T11:52:55,19,FPO,144112,Ella Hansen,977,5,1508.58,1.0,1.0,1.0,1.0,0.0,0.00023,1780.4,5.1,96416;97344;96418;96419,
2026-08-11,2026-08-11T11:52:55,19,FPO,144791,Emily Yale,898,76,98.0,0.0,0.0,0.0,0.0,0.0,0.0,119.5,73.9,96416;97344,
2026-08-11,2026-08-11T11:52:55,19,FPO,146137,Dani K. Hart,947,28,525.75,0.04228,0.00046,1.0,0.99985,0.0381,0.0,719.5,29.6,96416;97344;96417;96418;96419,
2026-08-11,2026-08-11T11:52:55,19,FPO,146304,MJ Gager,948,37,392.58,0.02167,0.0,1.0,0.32458,0.01723,0.0,519.6,38.4,97344;96417;96418,
2026-08-11,2026-08-11T11:52:55,19,FPO,147050,Ali Smith,946,72,112.5,0.0,0.0,0.0,0.0,0.0,0.0,112.5,75.6,,
2026-08-11,2026-08-11T11:52:55,19,FPO,147393,Sadie Shattuck,866,138,16.0,0.0,0.0,0.0,0.0,0.0,0.0,16.0,140.3,,
2026-08-11,2026-08-11T11:52:55,19,FPO,149548,VicToria Scott,889,211,0.0,0.0,0.0,0.0,0.0,0.0,0.0,2.0,194.9,97344,
2026-08-11,2026-08-11T11:52:55,19,FPO,149803,Candyce Boyce,894,109,33.0,0.0,0.0,0.0,0.0,0.0,0.0,33.0,111.5,,
2026-08-11,2026-08-11T11:52:55,19,FPO,150057,Hailey Huber,939,63,141.0,0.0,0.0,0.0,0.0,0.0,0.0,141.0,69.4,,
2026-08-11,2026-08-11T11:52:55,19,FPO,151072,Jennifer Rice,895,132,18.0,0.0,0.0,0.0,0.0,0.0,0.0,18.0,133.2,,
2026-08-11,2026-08-11T11:52:55,19,FPO,152191,Kelley Foster,936,34,412.5,0.00419,0.0,1.0,0.34868,0.00354,0.0,518.7,38.1,96416;96417;96418,
2026-08-11,2026-08-11T11:52:55,19,FPO,154098,Ariel Walker,927,101,40.25,0.0,0.0,1e-05,0.0,0.0,0.0,52.5,96.8,97344,
2026-08-11,2026-08-11T11:52:55,19,FPO,155026,Amanda Lennartsson,942,35,409.0,0.00388,0.0,1.0,0.04691,0.00367,0.0,449.1,42.0,96418,
2026-08-11,2026-08-11T11:52:55,19,FPO,156259,Ella Tejler,901,86,73.5,0.0,0.0,0.0,0.0,0.0,0.0,73.5,87.5,,
2026-08-11,2026-08-11T11:52:55,19,FPO,156781,Audrey Wicklander,894,193,0.0,0.0,0.0,0.0,0.0,0.0,0.0,2.1,190.0,97344,
2026-08-11,2026-08-11T11:52:55,19,FPO,157471,Nid Ovathanasin,933,135,17.67,1e-05,0.0,1e-05,0.0,0.0,0.0,37.6,114.3,97344,
2026-08-11,2026-08-11T11:52:55,19,FPO,158385,Destyne Martinez,868,155,2.0,0.0,0.0,0.0,0.0,0.0,0.0,2.0,185.7,,
2026-08-11,2026-08-11T11:52:55,19,FPO,158461,Shiru Liu,907,89,63.5,0.0,0.0,0.0,0.0,0.0,0.0,63.5,89.8,,
2026-08-11,2026-08-11T11:52:55,19,FPO,160103,Jacquelyn DeLude,877,201,0.0,0.0,0.0,0.0,0.0,0.0,0.0,2.0,183.6,97344,
2026-08-11,2026-08-11T11:52:55,19,FPO,161231,Sarah May,855,169,2.0,0.0,0.0,0.0,0.0,0.0,0.0,2.0,169.0,,
2026-08-11,2026-08-11T11:52:55,19,FPO,161918,Addison Woodard,956,38,380.08,0.11473,0.00406,1.0,0.97878,0.09656,0.0,734.8,28.9,96416;97344;96417;96418,
2026-08-11,2026-08-11T11:52:55,19,FPO,162735,Eden Fornoff,922,127,20.83,0.0,0.0,0.0,0.0,0.0,0.0,41.1,103.4,96416,
2026-08-11,2026-08-11T11:52:55,19,FPO,162896,Therese Cuevas,939,50,231.5,0.00243,0.0,0.21053,0.00066,0.00215,0.0,294.8,53.0,97344;96418,
2026-08-11,2026-08-11T11:52:55,19,FPO,164788,Alecia Hinkson,926,71,113.83,0.00011,0.0,0.00118,0.0,1e-05,0.0,153.6,67.2,97344;96417,
2026-08-11,2026-08-11T11:52:55,19,FPO,165652,Ceci Vollbrecht,896,194,0.0,0.0,0.0,0.0,0.0,0.0,0.0,2.1,188.4,97344,
2026-08-11,2026-08-11T11:52:55,19,FPO,166082,Ashton Webberley,894,160,2.0,0.0,0.0,0.0,0.0,0.0,0.0,2.0,161.0,,
2026-08-11,2026-08-11T11:52:55,19,FPO,166749,Mackenzie Morris,896,148,9.0,0.0,0.0,0.0,0.0,0.0,0.0,9.0,150.0,,
2026-08-11,2026-08-11T11:52:55,19,FPO,167255,AK Kaestner,816,176,2.0,0.0,0.0,0.0,0.0,0.0,0.0,2.0,177.0,,
2026-08-11,2026-08-11T11:52:55,19,FPO,168863,Trinity Bryant,925,48,235.0,0.00013,0.0,0.82846,0.0004,7e-05,0.0,324.0,50.5,96416;97344;96417;96418,
2026-08-11,2026-08-11T11:52:55,19,FPO,170182,Rebecca Minnick,866,111,29.0,0.0,0.0,0.0,0.0,0.0,0.0,29.0,113.2,,
2026-08-11,2026-08-11T11:52:55,19,FPO,173601,Marie Kielas,917,92,51.0,0.0,0.0,0.0,0.0,0.0,0.0,51.0,93.9,,
2026-08-11,2026-08-11T11:52:55,19,FPO,176242,Morgan Lynds,934,70,115.75,0.00055,0.0,0.00845,1e-05,0.00013,0.0,177.0,64.1,97344;96417,
2026-08-11,2026-08-11T11:52:55,19,FPO,176243,Jordan Lynds,942,61,145.25,0.00438,0.0,0.0915,0.00039,0.00263,0.0,256.3,56.1,97344;96417,
2026-08-11,2026-08-11T11:52:55,19,FPO,176481,Karissa Dedmon,921,90,59.0,0.0,0.0,0.0,0.0,0.0,0.0,66.4,89.1,97344,
2026-08-11,2026-08-11T11:52:55,19,FPO,178707,Joleigh Miller,938,74,102.0,0.0,0.0,0.0,0.0,0.0,0.0,102.0,78.5,,
2026-08-11,2026-08-11T11:52:55,19,FPO,178748,Kendyl Sullivan,873,166,2.0,0.0,0.0,0.0,0.0,0.0,0.0,2.0,166.0,,
2026-08-11,2026-08-11T11:52:55,19,FPO,179200,Jamie Williams,863,184,0.0,0.0,0.0,0.0,0.0,0.0,0.0,0.0,208.0,,
2026-08-11,2026-08-11T11:52:55,19,FPO,179873,Jenny Larsson,917,91,54.0,0.0,0.0,0.0,0.0,0.0,0.0,54.0,91.8,,
2026-08-11,2026-08-11T11:52:55,19,FPO,181772,Ida Emilie Nesse,945,31,442.0,0.03243,0.00038,1.0,0.98038,0.02902,0.0,681.7,31.4,96416;97344;96417;96418,
2026-08-11,2026-08-11T11:52:55,19,FPO,182450,Kajsa Wahl,891,105,36.75,0.0,0.0,0.0,0.0,0.0,0.0,36.8,106.4,,
2026-08-11,2026-08-11T11:52:55,19,FPO,184609,Elva-Kate Preston,914,60,146.0,0.0,0.0,6e-05,0.0,0.0,0.0,150.3,66.6,97344,
2026-08-11,2026-08-11T11:52:55,19,FPO,184736,Jennifer Smiley,929,39,348.25,0.0004,0.0,1.0,0.03349,0.00025,0.0,434.5,42.8,96416;97344;96417;96418,
2026-08-11,2026-08-11T11:52:55,19,FPO,185057,Josefine Johansson,930,82,81.0,0.0,0.0,7e-05,0.0,0.0,0.0,96.9,80.3,97344,
2026-08-11,2026-08-11T11:52:55,19,FPO,185534,Sofia Donnecke,962,25,547.5,0.17738,0.00017,1.0,0.99654,0.17141,0.0,714.2,29.8,96418,
2026-08-11,2026-08-11T11:52:55,19,FPO,185627,Athena Cuevas,868,140,14.0,0.0,0.0,0.0,0.0,0.0,0.0,14.0,141.6,,
2026-08-11,2026-08-11T11:52:55,19,FPO,186277,Kassandra Fog Wichmann,871,152,6.0,0.0,0.0,0.0,0.0,0.0,0.0,6.0,154.2,,
2026-08-11,2026-08-11T11:52:55,19,FPO,186629,Sanne Dalseth,872,142,13.5,0.0,0.0,0.0,0.0,0.0,0.0,13.5,143.3,,
2026-08-11,2026-08-11T11:52:55,19,FPO,188837,JJ Sun,883,187,0.0,0.0,0.0,0.0,0.0,0.0,0.0,0.0,211.0,,
2026-08-11,2026-08-11T11:52:55,19,FPO,189702,Taylor Chocek,945,16,812.7,0.16158,0.1506,1.0,1.0,0.01098,0.0,949.2,20.4,96416;96418;96419,
2026-08-11,2026-08-11T11:52:55,19,FPO,193215,Lexi Marx,930,79,85.25,0.0,0.0,9e-05,0.0,0.0,0.0,101.1,78.8,97344,
2026-08-11,2026-08-11T11:52:55,19,FPO,195549,Kylie Kohut,940,36,403.0,0.00303,0.0,1.0,0.09976,0.00282,0.0,470.0,40.6,96416;96418,
2026-08-11,2026-08-11T11:52:55,19,FPO,195550,Peyton Kohut,921,59,150.5,0.0,0.0,0.00035,0.0,0.0,0.0,182.8,62.4,96416,
2026-08-11,2026-08-11T11:52:55,19,FPO,196237,Kaire Tekku,923,84,78.75,0.0,0.0,0.0,0.0,0.0,0.0,78.8,85.4,,
2026-08-11,2026-08-11T11:52:55,19,FPO,197689,Isabella Parker,874,131,18.0,0.0,0.0,0.0,0.0,0.0,0.0,18.0,133.8,,
2026-08-11,2026-08-11T11:52:55,19,FPO,198446,Eliezra Midtlyng,952,15,851.58,0.61497,0.61088,1.0,1.0,0.00388,0.0,1030.7,17.7,96416;97344;96417;96418;96419,
2026-08-11,2026-08-11T11:52:55,19,FPO,198721,Hannah Kellar,899,103,38.0,0.0,0.0,0.0,0.0,0.0,0.0,38.0,104.6,,
2026-08-11,2026-08-11T11:52:55,19,FPO,202571,Elizabete Pēkšena,938,51,205.5,0.00157,0.0,0.07846,0.00012,0.00143,0.0,264.5,55.2,97344;96418,
2026-08-11,2026-08-11T11:52:55,19,FPO,208576,Rebecca Don,962,11,1004.99,0.99943,0.99943,1.0,1.0,0.0,0.0,1222.2,11.9,96416;97344;96418;96419,
2026-08-11,2026-08-11T11:52:55,19,FPO,209432,Eden Fletcher,910,104,38.0,0.0,0.0,0.0,0.0,0.0,0.0,38.0,105.2,,
2026-08-11,2026-08-11T11:52:55,19,FPO,209462,Erika Apple,840,175,2.0,0.0,0.0,0.0,0.0,0.0,0.0,2.0,175.0,,
2026-08-11,2026-08-11T11:52:55,19,FPO,210287,Mara Neal,859,168,2.0,0.0,0.0,0.0,0.0,0.0,0.0,2.0,176.0,,
2026-08-11,2026-08-11T11:52:55,19,FPO,210972,Kristýna Jurčíková,968,40,331.0,0.23654,0.00043,1.0,0.6494,0.21396,0.0,629.7,33.7,97344;96418,
2026-08-11,2026-08-11T11:52:55,19,FPO,214417,Fleur Verberk,907,198,0.0,0.0,0.0,0.0,0.0,0.0,0.0,2.8,184.2,97344,
2026-08-11,2026-08-11T11:52:55,19,FPO,215439,Sheliemae Lai,946,77,92.0,0.0,0.0,0.0,0.0,0.0,0.0,92.0,80.1,,
2026-08-11,2026-08-11T11:52:55,19,FPO,215495,Kelsey Martin,877,206,0.0,0.0,0.0,0.0,0.0,0.0,0.0,2.0,179.9,97344,
2026-08-11,2026-08-11T11:52:55,19,FPO,216558,Iida Lehtomäki,959,32,430.25,0.07773,0.0,1.0,0.38783,0.07082,0.0,547.6,37.2,97344;96418,
2026-08-11,2026-08-11T11:52:55,19,FPO,217892,Katie Tews,901,116,25.5,0.0,0.0,0.0,0.0,0.0,0.0,25.5,118.4,,
2026-08-11,2026-08-11T11:52:55,19,FPO,218760,Sarah Duran,869,145,11.0,0.0,0.0,0.0,0.0,0.0,0.0,11.0,147.0,,
2026-08-11,2026-08-11T11:52:55,19,FPO,218779,Amanda Brightwell,832,171,2.0,0.0,0.0,0.0,0.0,0.0,0.0,2.0,171.0,,
2026-08-11,2026-08-11T11:52:55,19,FPO,219693,Anna Damberga,872,126,21.0,0.0,0.0,0.0,0.0,0.0,0.0,21.0,128.7,,
2026-08-11,2026-08-11T11:52:55,19,FPO,221583,Evie Lou Ramey,901,190,0.0,0.0,0.0,0.0,0.0,0.0,0.0,0.0,210.0,,
2026-08-11,2026-08-11T11:52:55,19,FPO,222693,Tanisha Platero,876,162,2.0,0.0,0.0,0.0,0.0,0.0,0.0,2.0,164.0,,
2026-08-11,2026-08-11T11:52:55,19,FPO,222973,Martje Sumowski,913,110,33.0,0.0,0.0,0.0,0.0,0.0,0.0,33.0,111.6,,
2026-08-11,2026-08-11T11:52:55,19,FPO,223975,Laura Tatiana Niño Carranza,876,157,2.0,0.0,0.0,0.0,0.0,0.0,0.0,4.0,157.3,97344,
2026-08-11,2026-08-11T11:52:55,19,FPO,224238,Julia Fors,966,33,428.5,0.24178,0.00358,1.0,0.94253,0.22188,0.0,724.1,29.4,97344;96418,
2026-08-11,2026-08-11T11:52:55,19,FPO,225016,Naomi Suyat,880,186,0.0,0.0,0.0,0.0,0.0,0.0,0.0,0.0,199.0,,
2026-08-11,2026-08-11T11:52:55,19,FPO,227315,Sarah Wadsworth,912,134,18.0,0.0,0.0,0.0,0.0,0.0,0.0,18.0,135.3,,
2026-08-11,2026-08-11T11:52:55,19,FPO,228486,Stefani Ewell,866,146,10.0,0.0,0.0,0.0,0.0,0.0,0.0,10.0,148.0,,
2026-08-11,2026-08-11T11:52:55,19,FPO,229526,Sintija Klezberga,958,14,865.0,0.85865,0.85744,1.0,1.0,0.00113,0.0,1078.6,16.1,97344;96417;96418;96419,
2026-08-11,2026-08-11T11:52:55,19,FPO,231650,Tailey Rowley,913,62,145.0,0.0,0.0,6e-05,0.0,0.0,0.0,149.0,67.6,97344,
2026-08-11,2026-08-11T11:52:55,19,FPO,232666,Rebecka Hoppe,848,153,6.0,0.0,0.0,0.0,0.0,0.0,0.0,6.0,153.6,,
2026-08-11,2026-08-11T11:52:55,19,FPO,232722,Julia Hauch,917,203,0.0,0.0,0.0,0.0,0.0,0.0,0.0,5.4,174.1,97344,
2026-08-11,2026-08-11T11:52:55,19,FPO,235368,Madalyn Payton,896,177,0.0,0.0,0.0,0.0,0.0,0.0,0.0,0.0,206.0,,
2026-08-11,2026-08-11T11:52:55,19,FPO,238187,Ann Deputy,924,83,80.25,0.0,0.0,2e-05,0.0,0.0,0.0,89.8,82.3,97344,
2026-08-11,2026-08-11T11:52:55,19,FPO,240590,Amelia Saechao,877,119,24.0,0.0,0.0,0.0,0.0,0.0,0.0,24.0,120.0,,
2026-08-11,2026-08-11T11:52:55,19,FPO,242116,Eva Lutsenko,931,123,21.75,0.0,0.0,0.0,0.0,0.0,0.0,21.8,127.6,,
2026-08-11,2026-08-11T11:52:55,19,FPO,242331,Ida Kennmark,876,141,13.5,0.0,0.0,0.0,0.0,0.0,0.0,13.5,142.9,,
2026-08-11,2026-08-11T11:52:55,19,FPO,245180,Chelsea Sutton,854,172,2.0,0.0,0.0,0.0,0.0,0.0,0.0,2.0,172.0,,
2026-08-11,2026-08-11T11:52:55,19,FPO,245306,Netta Leppäaho,948,73,105.75,0.0,0.0,0.0,0.0,0.0,0.0,105.8,77.1,,
2026-08-11,2026-08-11T11:52:55,19,FPO,245317,Sophi Stephenson,862,143,12.0,0.0,0.0,0.0,0.0,0.0,0.0,12.0,144.9,,
2026-08-11,2026-08-11T11:52:55,19,FPO,254333,Jess Zilch,875,129,19.5,0.0,0.0,0.0,0.0,0.0,0.0,19.5,131.3,,
2026-08-11,2026-08-11T11:52:55,19,FPO,255962,Samantha Zaborowski,901,210,0.0,0.0,0.0,0.0,0.0,0.0,0.0,2.3,193.0,97344,
2026-08-11,2026-08-11T11:52:55,19,FPO,256846,Lea Tomas,889,207,0.0,0.0,0.0,0.0,0.0,0.0,0.0,2.0,196.8,97344,
2026-08-11,2026-08-11T11:52:55,19,FPO,259972,Marion Mattsson,862,144,11.25,0.0,0.0,0.0,0.0,0.0,0.0,11.2,146.0,,
2026-08-11,2026-08-11T11:52:55,19,FPO,261058,Jessica Erickson,891,95,49.0,0.0,0.0,0.0,0.0,0.0,0.0,49.0,96.0,,
2026-08-11,2026-08-11T11:52:55,19,FPO,261216,Victoria Christensen,864,136,17.25,0.0,0.0,0.0,0.0,0.0,0.0,17.2,137.6,,
2026-08-11,2026-08-11T11:52:55,19,FPO,268900,Natalie Berg,883,128,19.5,0.0,0.0,0.0,0.0,0.0,0.0,19.5,130.3,,
2026-08-11,2026-08-11T11:52:55,19,FPO,269838,Daisy Kelly,882,185,0.0,0.0,0.0,0.0,0.0,0.0,0.0,0.0,198.0,,
2026-08-11,2026-08-11T11:52:55,19,FPO,277832,Chandler Reigh,939,26,544.25,0.01468,2e-05,1.0,0.99858,0.01375,0.0,675.0,31.8,96416;97344;96417;96418,
2026-08-11,2026-08-11T11:52:55,19,FPO,278450,Brit Hamburg-Kiin,860,113,28.5,0.0,0.0,0.0,0.0,0.0,0.0,28.5,115.2,,
2026-08-11,2026-08-11T11:52:55,19,FPO,279466,Gry Nagel,807,133,18.0,0.0,0.0,0.0,0.0,0.0,0.0,18.0,134.2,,
2026-08-11,2026-08-11T11:52:55,19,FPO,281626,Una Lokmane,885,112,28.5,0.0,0.0,0.0,0.0,0.0,0.0,28.5,114.3,,
2026-08-11,2026-08-11T11:52:55,19,FPO,284553,Katherine Aydelott,872,151,6.0,0.0,0.0,0.0,0.0,0.0,0.0,6.0,154.5,,
2026-08-11,2026-08-11T11:52:55,19,FPO,286978,Michelle Southworth,805,170,2.0,0.0,0.0,0.0,0.0,0.0,0.0,2.0,170.0,,
2026-08-11,2026-08-11T11:52:55,19,FPO,288014,Jordan Coomes,840,130,18.0,0.0,0.0,0.0,0.0,0.0,0.0,18.0,135.9,,
2026-08-11,2026-08-11T11:52:55,19,FPO,297287,Marta Villa,860,167,2.0,0.0,0.0,0.0,0.0,0.0,0.0,2.0,167.0,,
2026-08-11,2026-08-11T11:52:55,19,FPO,302765,Grace Wilson,891,199,0.0,0.0,0.0,0.0,0.0,0.0,0.0,2.0,186.0,97344,
2026-08-11,2026-08-11T11:52:55,19,FPO,308525,Saga Dahlstedt,924,67,127.5,0.0,0.0,0.0,0.0,0.0,0.0,127.5,73.0,,
2026-08-11,2026-08-11T11:52:55,19,FPO,311218,Mina Alme,918,107,35.25,0.0,0.0,0.0,0.0,0.0,0.0,35.2,108.7,,
2026-08-12,2026-08-12T01:20:11,19,FPO,3024,Chris O'Cleary,914,195,0.0,0.0,0.0,0.0,0.0,0.0,0.0,4.3,183.4,97344,
2026-08-12,2026-08-12T01:20:11,19,FPO,3090,Elaine King,892,196,0.0,0.0,0.0,0.0,0.0,0.0,0.0,2.1,187.7,97344,
2026-08-12,2026-08-12T01:20:11,19,FPO,8803,Ruth Steele,867,165,2.0,0.0,0.0,0.0,0.0,0.0,0.0,2.0,165.0,,
2026-08-12,2026-08-12T01:20:11,19,FPO,15354,Jennifer Allen,966,42,313.0,0.18436,0.00016,0.99984,0.4796,0.16794,0.0,585.0,35.8,97344;96418,
2026-08-12,2026-08-12T01:20:11,19,FPO,27832,Kona Star Montgomery,950,23,638.75,0.10069,0.05681,1.0,1.0,0.04032,0.0,872.9,23.0,96416;97344;96417;96418;96419,
2026-08-12,2026-08-12T01:20:11,19,FPO,29190,Paige Pierce,963,18,796.67,0.86306,0.86023,1.0,1.0,0.00283,0.0,1085.4,15.7,96416;97344;96418;96419,
2026-08-12,2026-08-12T01:20:11,19,FPO,29947,Stephanie Vincent,927,115,28.0,0.0,0.0,0.0,0.0,0.0,0.0,28.0,117.3,,
2026-08-12,2026-08-12T01:20:11,19,FPO,31041,Sheila Teves,883,183,0.0,0.0,0.0,0.0,0.0,0.0,0.0,0.0,207.0,,
2026-08-12,2026-08-12T01:20:11,19,FPO,32654,Lisa Fajkus,959,21,671.33,0.41672,0.37249,1.0,1.0,0.03935,0.0,975.7,19.3,97344;96417;96418;96419,
2026-08-12,2026-08-12T01:20:11,19,FPO,32917,Rebecca Cox,949,29,502.5,0.05653,0.00572,1.0,0.99974,0.04637,0.0,764.0,27.5,96416;97344;96417;96418;96419,
2026-08-12,2026-08-12T01:20:11,19,FPO,32925,Lindsay Fish,888,158,2.0,0.0,0.0,0.0,0.0,0.0,0.0,2.0,162.8,,
2026-08-12,2026-08-12T01:20:11,19,FPO,34563,Sarah Hokom,947,56,163.75,0.01402,0.0,0.70147,0.02382,0.00963,0.0,375.7,47.1,96416;97344;96417;96418,
2026-08-12,2026-08-12T01:20:11,19,FPO,35321,Sofie Björlycke,936,81,83.25,0.0,0.0,0.0,0.0,0.0,0.0,83.2,83.0,,
2026-08-12,2026-08-12T01:20:11,19,FPO,35774,Camilla Jernberg,873,150,7.5,0.0,0.0,0.0,0.0,0.0,0.0,7.5,152.1,,
2026-08-12,2026-08-12T01:20:11,19,FPO,36307,Amanda Branch,887,192,0.0,0.0,0.0,0.0,0.0,0.0,0.0,2.0,178.0,97344,
2026-08-12,2026-08-12T01:20:11,19,FPO,39504,Zoe AnDyke,930,85,77.0,0.0,0.0,0.0,0.0,0.0,0.0,77.0,86.4,,
2026-08-12,2026-08-12T01:20:11,19,FPO,43995,Taylor Foth,900,181,0.0,0.0,0.0,0.0,0.0,0.0,0.0,0.0,204.0,,
2026-08-12,2026-08-12T01:20:11,19,FPO,44184,Catrina Allen,968,7,1170.25,1.0,1.0,1.0,1.0,0.0,0.0,1459.8,7.7,96416;97344;96417;96418;96419,
2026-08-12,2026-08-12T01:20:11,19,FPO,45407,Brittney Armentrout,860,161,2.0,0.0,0.0,0.0,0.0,0.0,0.0,2.0,162.0,,
2026-08-12,2026-08-12T01:20:11,19,FPO,48199,Alison Blakeman,866,188,0.0,0.0,0.0,0.0,0.0,0.0,0.0,0.0,200.0,,
2026-08-12,2026-08-12T01:20:11,19,FPO,48976,Ohn Scoggins,989,3,1673.33,1.0,1.0,1.0,1.0,0.0,0.50038,2157.0,1.7,96416;97344;96417;96418;96419,
2026-08-12,2026-08-12T01:20:11,19,FPO,50656,Jessica Gurthie,956,17,800.5,1.0,0.67364,1.0,1.0,0.00594,0.0,1037.0,17.3,97344;96417;96418;96419,
2026-08-12,2026-08-12T01:20:11,19,FPO,51277,Holly Finley,937,46,265.0,0.00207,0.0,0.92099,0.00644,0.00132,0.0,357.3,48.1,97344;96417;96418,
2026-08-12,2026-08-12T01:20:11,19,FPO,58303,Sai Ananda,959,75,102.0,0.03158,0.0,0.04252,0.00167,0.02686,0.0,235.6,59.9,97344,
2026-08-12,2026-08-12T01:20:11,19,FPO,59227,Henna Blomroos,968,9,1036.67,1.0,0.99998,1.0,1.0,0.0,0.0,1252.1,11.1,97344;96418;96419,
2026-08-12,2026-08-12T01:20:11,19,FPO,59431,Madison Walker,953,22,652.83,0.1081,0.04076,1.0,1.0,0.06038,0.0,860.3,23.4,96416;97344;96417;96418;96419,
2026-08-12,2026-08-12T01:20:11,19,FPO,60798,Madison Tomaino,923,80,83.5,0.0,0.0,0.0,0.0,0.0,0.0,120.3,74.1,96416,
2026-08-12,2026-08-12T01:20:11,19,FPO,61144,Emily Beach,901,178,0.0,0.0,0.0,0.0,0.0,0.0,0.0,0.0,205.0,,
2026-08-12,2026-08-12T01:20:11,19,FPO,61990,Katka Boďová,916,97,48.0,0.0,0.0,0.0,0.0,0.0,0.0,48.0,97.9,,
2026-08-12,2026-08-12T01:20:11,19,FPO,62879,Valerie Mandujano,972,12,985.66,1.0,1.0,1.0,1.0,0.0,0.0,1402.0,8.4,96416;97344;96417;96418;96419,
2026-08-12,2026-08-12T01:20:11,19,FPO,62880,Alexis Mandujano,960,30,480.5,0.21441,0.09083,1.0,0.99998,0.10806,0.0,870.7,23.1,96416;97344;96417;96418;96419,
2026-08-12,2026-08-12T01:20:11,19,FPO,63257,Maria Oliva,920,47,246.0,3e-05,0.0,0.85022,0.00018,0.0,0.0,317.6,51.1,96416;97344;96417;96418,
2026-08-12,2026-08-12T01:20:11,19,FPO,64927,Eveliina Salonen,988,6,1364.67,1.0,1.0,1.0,1.0,0.0,0.0,1727.4,5.6,97344;96418;96419,
2026-08-12,2026-08-12T01:20:11,19,FPO,65489,Lauren Butler,912,55,166.58,0.0,0.0,0.00044,0.0,0.0,0.0,191.2,61.0,97344;96417,
2026-08-12,2026-08-12T01:20:11,19,FPO,66063,Ashlee Johnson,860,182,0.0,0.0,0.0,0.0,0.0,0.0,0.0,0.0,203.0,,
2026-08-12,2026-08-12T01:20:11,19,FPO,66599,Heidi Laine,963,10,1015.75,0.99992,0.99992,1.0,1.0,0.0,0.0,1233.1,11.6,96416;97344;96418;96419,
2026-08-12,2026-08-12T01:20:11,19,FPO,69584,Danielle Weigandt,853,164,2.0,0.0,0.0,0.0,0.0,0.0,0.0,2.0,168.0,,
2026-08-12,2026-08-12T01:20:11,19,FPO,71262,Erika Stinchcomb,922,44,288.75,8e-05,0.0,0.99147,0.0004,2e-05,0.0,343.9,48.9,96416;97344;96417;96418,
2026-08-12,2026-08-12T01:20:11,19,FPO,72635,Kersti Miller,890,108,34.5,0.0,0.0,0.0,0.0,0.0,0.0,34.5,110.0,,
2026-08-12,2026-08-12T01:20:11,19,FPO,74708,Casey Pennington,903,102,39.5,0.0,0.0,0.0,0.0,0.0,0.0,39.5,103.5,,
2026-08-12,2026-08-12T01:20:11,19,FPO,75029,Cynthia Ricciotti,923,65,132.08,3e-05,0.0,0.0057,0.0,2e-05,0.0,200.0,60.6,96416;97344;96417,
2026-08-12,2026-08-12T01:20:11,19,FPO,76009,Virginia Polkinghorne,885,189,0.0,0.0,0.0,0.0,0.0,0.0,0.0,0.0,209.0,,
2026-08-12,2026-08-12T01:20:11,19,FPO,77385,Matilda Ringbom,947,45,274.0,0.01008,0.0,0.08291,0.0005,0.00944,0.0,329.5,50.5,96418,
2026-08-12,2026-08-12T01:20:11,19,FPO,78232,Tiger Borth,899,125,21.0,0.0,0.0,0.0,0.0,0.0,0.0,23.2,124.0,97344,
2026-08-12,2026-08-12T01:20:11,19,FPO,79233,Cadence Burge,966,57,162.75,0.21712,0.00026,0.97534,0.42791,0.16778,0.0,572.6,36.5,96416;97344;96417;96418,
2026-08-12,2026-08-12T01:20:11,19,FPO,80935,Lindsey Maas,905,93,50.25,0.0,0.0,0.0,0.0,0.0,0.0,52.8,92.7,97344,
2026-08-12,2026-08-12T01:20:11,19,FPO,82809,Alex von Stade,893,122,22.0,0.0,0.0,0.0,0.0,0.0,0.0,22.0,125.7,,
2026-08-12,2026-08-12T01:20:11,19,FPO,83376,Cassandra Lioi,890,149,8.0,0.0,0.0,0.0,0.0,0.0,0.0,8.0,151.1,,
2026-08-12,2026-08-12T01:20:11,19,FPO,84279,Kaidi Allsalu,953,52,203.62,0.02735,0.0,0.0,0.0,0.0258,0.0,281.3,53.9,,
2026-08-12,2026-08-12T01:20:11,19,FPO,85189,Samantha Bonacci,870,137,16.5,0.0,0.0,0.0,0.0,0.0,0.0,16.5,139.5,,
2026-08-12,2026-08-12T01:20:11,19,FPO,85484,Anneli Tõugjas-Männiste,959,24,554.0,0.15999,0.01666,1.0,1.0,0.12466,0.0,801.5,25.9,97344;96417;96418;96419,
2026-08-12,2026-08-12T01:20:11,19,FPO,85942,Missy Gannon,986,4,1518.66,1.0,1.0,1.0,1.0,0.0,0.00524,1890.6,4.1,96416;97344;96417;96418;96419,
2026-08-12,2026-08-12T01:20:11,19,FPO,87094,Rose Shertick,921,209,0.0,0.0,0.0,0.0,0.0,0.0,0.0,7.4,178.9,97344,
2026-08-12,2026-08-12T01:20:11,19,FPO,87443,Andrea Cammack,878,163,2.0,0.0,0.0,0.0,0.0,0.0,0.0,2.0,163.0,,
2026-08-12,2026-08-12T01:20:11,19,FPO,94085,Keiti Tätte,953,54,184.12,0.00667,0.0,0.0,0.0,0.00633,0.0,202.3,60.4,,
2026-08-12,2026-08-12T01:20:11,19,FPO,96090,Sonja Laine,905,106,36.0,0.0,0.0,0.0,0.0,0.0,0.0,36.0,107.9,,
2026-08-12,2026-08-12T01:20:11,19,FPO,96480,Tori Pasquin,831,174,2.0,0.0,0.0,0.0,0.0,0.0,0.0,2.0,174.0,,
2026-08-12,2026-08-12T01:20:11,19,FPO,97238,Jannicke Hjemli,875,147,9.75,0.0,0.0,0.0,0.0,0.0,0.0,9.8,149.0,,
2026-08-12,2026-08-12T01:20:11,19,FPO,99441,Lykke Lorentzen,921,96,48.0,0.0,0.0,0.0,0.0,0.0,0.0,48.0,97.4,,
2026-08-12,2026-08-12T01:20:11,19,FPO,99455,Kat Mertsch,965,8,1100.67,1.0,1.0,1.0,1.0,0.0,0.0,1365.6,8.9,96416;97344;96417;96418;96419,
2026-08-12,2026-08-12T01:20:11,19,FPO,101949,Ratana McMahon,885,66,129.75,0.0,0.0,0.0,0.0,0.0,0.0,129.8,71.8,,
2026-08-12,2026-08-12T01:20:11,19,FPO,102024,Danielle Keen,896,180,0.0,0.0,0.0,0.0,0.0,0.0,0.0,0.0,201.0,,
2026-08-12,2026-08-12T01:20:11,19,FPO,103743,Karen Martel,923,139,15.0,0.0,0.0,0.0,0.0,0.0,0.0,23.7,130.6,97344,
2026-08-12,2026-08-12T01:20:11,19,FPO,104187,Macie Velediaz,952,43,294.67,0.0352,1e-05,0.99994,0.22679,0.02721,0.0,493.4,40.1,97344;96417;96418,
2026-08-12,2026-08-12T01:20:11,19,FPO,104314,Violet Main,940,41,317.0,0.00367,0.0,0.99997,0.01691,0.00234,0.0,400.6,45.1,97344;96417;96418,
2026-08-12,2026-08-12T01:20:11,19,FPO,104814,Ellie Bryant,895,114,28.25,0.0,0.0,0.0,0.0,0.0,0.0,28.2,116.3,,
2026-08-12,2026-08-12T01:20:11,19,FPO,105126,Aria Castruita,943,98,46.5,0.0,0.0,0.0,0.0,0.0,0.0,46.5,99.2,,
2026-08-12,2026-08-12T01:20:11,19,FPO,106489,Anna Pinter,875,124,21.75,0.0,0.0,0.0,0.0,0.0,0.0,21.8,126.7,,
2026-08-12,2026-08-12T01:20:11,19,FPO,107297,Maria Liivamägi,857,118,24.0,0.0,0.0,0.0,0.0,0.0,0.0,24.0,121.7,,
2026-08-12,2026-08-12T01:20:11,19,FPO,107335,Silva Saarinen,991,2,1695.17,1.0,1.0,1.0,1.0,0.0,0.37729,2134.6,1.9,96416;97344;96418;96419,
2026-08-12,2026-08-12T01:20:11,19,FPO,108871,Brook Johnson,905,117,24.0,0.0,0.0,0.0,0.0,0.0,0.0,24.0,120.1,,
2026-08-12,2026-08-12T01:20:11,19,FPO,109337,Cathy Kuhn,856,179,0.0,0.0,0.0,0.0,0.0,0.0,0.0,0.0,202.0,,
2026-08-12,2026-08-12T01:20:11,19,FPO,109996,Anniken Kristiansen Steen,966,20,700.29,0.33037,0.19082,1.0,1.0,0.13718,0.0,928.0,21.0,97344;96418;96419,
2026-08-12,2026-08-12T01:20:11,19,FPO,111487,Emily Weatherman,960,13,932.33,0.99517,0.99517,1.0,1.0,0.0,0.0,1185.0,12.8,96416;97344;96417;96418;96419,
2026-08-12,2026-08-12T01:20:11,19,FPO,112647,Hanna Huynh,961,19,776.83,0.92938,0.92848,1.0,1.0,0.00081,0.0,1123.6,14.6,96416;97344;96417;96418;96419,
2026-08-12,2026-08-12T01:20:11,19,FPO,115503,Olivia Kindstedt,949,53,189.0,0.01365,0.0,0.15145,0.00218,0.01252,0.0,304.2,52.3,97344,
2026-08-12,2026-08-12T01:20:11,19,FPO,116694,Kristi Unt,925,99,45.0,0.0,0.0,0.0,0.0,0.0,0.0,45.0,100.3,,
2026-08-12,2026-08-12T01:20:11,19,FPO,120770,Jami Gust,884,202,0.0,0.0,0.0,0.0,0.0,0.0,0.0,2.0,182.6,97344,
2026-08-12,2026-08-12T01:20:11,19,FPO,121554,Elina Rydberg,901,120,23.25,0.0,0.0,0.0,0.0,0.0,0.0,23.2,122.7,,
2026-08-12,2026-08-12T01:20:11,19,FPO,124064,Shelby Cowen,917,58,158.25,0.0,0.0,0.0,0.0,0.0,0.0,180.9,62.7,96417,
2026-08-12,2026-08-12T01:20:11,19,FPO,126226,Kati Chachere,828,173,2.0,0.0,0.0,0.0,0.0,0.0,0.0,2.0,173.0,,
2026-08-12,2026-08-12T01:20:11,19,FPO,128395,Michelle Saggboy,891,159,2.0,0.0,0.0,0.0,0.0,0.0,0.0,2.0,171.6,,
2026-08-12,2026-08-12T01:20:11,19,FPO,128532,Maarja Soasepp,905,100,42.0,0.0,0.0,0.0,0.0,0.0,0.0,42.0,102.2,,
2026-08-12,2026-08-12T01:20:11,19,FPO,130187,Kat Johnson,915,204,0.0,0.0,0.0,0.0,0.0,0.0,0.0,4.6,175.0,97344,
2026-08-12,2026-08-12T01:20:11,19,FPO,130342,Chantel Budinsky,956,64,136.5,0.05671,0.0,0.37403,0.01745,0.04183,0.0,363.9,48.2,97344;96417,
2026-08-12,2026-08-12T01:20:11,19,FPO,130822,Hannah Manis,932,200,0.0,0.0,0.0,0.0,0.0,0.0,0.0,18.5,154.2,97344,
2026-08-12,2026-08-12T01:20:11,19,FPO,131583,Hannah Lengel,953,87,66.0,0.00807,0.0,0.0,0.0,0.00041,0.0,123.8,73.8,96417,
2026-08-12,2026-08-12T01:20:11,19,FPO,132291,Ashley Phelps,907,121,23.0,0.0,0.0,0.0,0.0,0.0,0.0,23.0,124.2,,
2026-08-12,2026-08-12T01:20:11,19,FPO,132627,Jenn Cazanov-Diggs,904,156,2.0,0.0,0.0,0.0,0.0,0.0,0.0,2.0,158.8,,
2026-08-12,2026-08-12T01:20:11,19,FPO,133547,Holyn Handley,984,1,1713.67,1.0,1.0,1.0,1.0,0.0,0.11695,2051.0,2.7,96416;97344;96418;96419,
2026-08-12,2026-08-12T01:20:11,19,FPO,133701,Nathalie Ortiz,908,88,64.25,0.0,0.0,0.0,0.0,0.0,0.0,64.2,88.7,,
2026-08-12,2026-08-12T01:20:11,19,FPO,135383,Emma Arp,907,154,5.0,0.0,0.0,0.0,0.0,0.0,0.0,5.0,156.2,,
2026-08-12,2026-08-12T01:20:11,19,FPO,138272,Raven Klein,942,27,535.0,0.02336,0.0006,1.0,0.9991,0.02089,0.0,707.5,30.2,96416;97344;96417;96418;96419,
2026-08-12,2026-08-12T01:20:11,19,FPO,139109,Leah Tsinajinnie,926,69,116.0,3e-05,0.0,0.00112,0.0,1e-05,0.0,157.3,66.7,96416;97344,
2026-08-12,2026-08-12T01:20:11,19,FPO,139387,Hanna Jansson,906,94,50.25,0.0,0.0,0.0,0.0,0.0,0.0,50.2,95.0,,
2026-08-12,2026-08-12T01:20:11,19,FPO,139738,Megan Dophal,908,208,0.0,0.0,0.0,0.0,0.0,0.0,0.0,2.9,192.3,97344,
2026-08-12,2026-08-12T01:20:11,19,FPO,140660,María Eldey Kristínardóttir,923,78,91.5,0.0,0.0,0.0,0.0,0.0,0.0,91.5,81.1,,
2026-08-12,2026-08-12T01:20:11,19,FPO,140947,Nina Bennett,949,68,126.5,0.01631,0.0,0.14046,0.00191,0.0112,0.0,282.1,54.3,97344;96417,
2026-08-12,2026-08-12T01:20:11,19,FPO,142259,Katheryn Maloney,901,205,0.0,0.0,0.0,0.0,0.0,0.0,0.0,2.3,179.2,97344,
2026-08-12,2026-08-12T01:20:11,19,FPO,142354,Alexis Kerman,926,49,233.75,0.00018,0.0,0.54771,0.00014,6e-05,0.0,307.2,52.1,96416;97344;96417;96418,
2026-08-12,2026-08-12T01:20:11,19,FPO,143423,Ember Simonis,916,197,0.0,0.0,0.0,0.0,0.0,0.0,0.0,4.9,179.9,97344,
2026-08-12,2026-08-12T01:20:11,19,FPO,143720,Jessica Kinard,906,191,0.0,0.0,0.0,0.0,0.0,0.0,0.0,23.1,127.0,96416,
2026-08-12,2026-08-12T01:20:11,19,FPO,144112,Ella Hansen,977,5,1508.58,1.0,1.0,1.0,1.0,0.0,0.00014,1780.6,5.1,96416;97344;96418;96419,
2026-08-12,2026-08-12T01:20:11,19,FPO,144791,Emily Yale,898,76,98.0,0.0,0.0,0.0,0.0,0.0,0.0,122.4,73.6,96416;97344,
2026-08-12,2026-08-12T01:20:11,19,FPO,146137,Dani K. Hart,947,28,525.75,0.04291,0.00067,1.0,0.99985,0.03845,0.0,722.4,29.5,96416;97344;96417;96418;96419,
2026-08-12,2026-08-12T01:20:11,19,FPO,146304,MJ Gager,948,37,392.58,0.02232,0.0,1.0,0.31585,0.01753,0.0,519.0,38.5,97344;96417;96418,
2026-08-12,2026-08-12T01:20:11,19,FPO,147050,Ali Smith,946,72,112.5,0.0,0.0,0.0,0.0,0.0,0.0,112.5,75.7,,
2026-08-12,2026-08-12T01:20:11,19,FPO,147393,Sadie Shattuck,866,138,16.0,0.0,0.0,0.0,0.0,0.0,0.0,16.0,140.5,,
2026-08-12,2026-08-12T01:20:11,19,FPO,149548,VicToria Scott,889,211,0.0,0.0,0.0,0.0,0.0,0.0,0.0,2.0,194.9,97344,
2026-08-12,2026-08-12T01:20:11,19,FPO,149803,Candyce Boyce,894,109,33.0,0.0,0.0,0.0,0.0,0.0,0.0,33.0,111.5,,
2026-08-12,2026-08-12T01:20:11,19,FPO,150057,Hailey Huber,939,63,141.0,0.0,0.0,0.0,0.0,0.0,0.0,141.0,69.5,,
2026-08-12,2026-08-12T01:20:11,19,FPO,151072,Jennifer Rice,895,132,18.0,0.0,0.0,0.0,0.0,0.0,0.0,18.0,133.3,,
2026-08-12,2026-08-12T01:20:11,19,FPO,152191,Kelley Foster,936,34,412.5,0.00429,0.0,1.0,0.36856,0.00366,0.0,522.3,38.0,96416;96417;96418,
2026-08-12,2026-08-12T01:20:11,19,FPO,154098,Ariel Walker,927,101,40.25,0.0,0.0,0.0,0.0,0.0,0.0,52.5,96.9,97344,
2026-08-12,2026-08-12T01:20:11,19,FPO,155026,Amanda Lennartsson,942,35,409.0,0.00356,0.0,1.0,0.04746,0.00338,0.0,449.2,42.1,96418,
2026-08-12,2026-08-12T01:20:11,19,FPO,156259,Ella Tejler,901,86,73.5,0.0,0.0,0.0,0.0,0.0,0.0,73.5,87.5,,
2026-08-12,2026-08-12T01:20:11,19,FPO,156781,Audrey Wicklander,894,193,0.0,0.0,0.0,0.0,0.0,0.0,0.0,2.1,190.0,97344,
2026-08-12,2026-08-12T01:20:11,19,FPO,157471,Nid Ovathanasin,933,135,17.67,2e-05,0.0,2e-05,0.0,0.0,0.0,37.6,114.4,97344,
2026-08-12,2026-08-12T01:20:11,19,FPO,158385,Destyne Martinez,868,155,2.0,0.0,0.0,0.0,0.0,0.0,0.0,2.0,185.7,,
2026-08-12,2026-08-12T01:20:11,19,FPO,158461,Shiru Liu,907,89,63.5,0.0,0.0,0.0,0.0,0.0,0.0,63.5,89.8,,
2026-08-12,2026-08-12T01:20:11,19,FPO,160103,Jacquelyn DeLude,877,201,0.0,0.0,0.0,0.0,0.0,0.0,0.0,2.0,183.6,97344,
2026-08-12,2026-08-12T01:20:11,19,FPO,161231,Sarah May,855,169,2.0,0.0,0.0,0.0,0.0,0.0,0.0,2.0,169.0,,
2026-08-12,2026-08-12T01:20:11,19,FPO,161918,Addison Woodard,956,38,380.08,0.11537,0.0055,1.0,0.98006,0.09626,0.0,736.7,28.9,96416;97344;96417;96418,
2026-08-12,2026-08-12T01:20:11,19,FPO,162735,Eden Fornoff,922,127,20.83,0.0,0.0,0.0,0.0,0.0,0.0,44.0,100.9,96416,
2026-08-12,2026-08-12T01:20:11,19,FPO,162896,Therese Cuevas,939,50,231.5,0.00218,0.0,0.20057,0.00064,0.00196,0.0,294.8,53.1,97344;96418,
2026-08-12,2026-08-12T01:20:11,19,FPO,164788,Alecia Hinkson,926,71,113.83,0.0001,0.0,0.00105,0.0,0.0,0.0,153.6,67.3,97344;96417,
2026-08-12,2026-08-12T01:20:11,19,FPO,165652,Ceci Vollbrecht,896,194,0.0,0.0,0.0,0.0,0.0,0.0,0.0,2.1,188.4,97344,
2026-08-12,2026-08-12T01:20:11,19,FPO,166082,Ashton Webberley,894,160,2.0,0.0,0.0,0.0,0.0,0.0,0.0,2.0,161.0,,
2026-08-12,2026-08-12T01:20:11,19,FPO,166749,Mackenzie Morris,896,148,9.0,0.0,0.0,0.0,0.0,0.0,0.0,9.0,150.0,,
2026-08-12,2026-08-12T01:20:11,19,FPO,167255,AK Kaestner,816,176,2.0,0.0,0.0,0.0,0.0,0.0,0.0,2.0,177.0,,
2026-08-12,2026-08-12T01:20:11,19,FPO,168863,Trinity Bryant,925,48,235.0,0.00011,0.0,0.84258,0.00049,6e-05,0.0,326.4,50.4,96416;97344;96417;96418,
2026-08-12,2026-08-12T01:20:11,19,FPO,170182,Rebecca Minnick,866,111,29.0,0.0,0.0,0.0,0.0,0.0,0.0,29.0,113.3,,
2026-08-12,2026-08-12T01:20:11,19,FPO,173601,Marie Kielas,917,92,51.0,0.0,0.0,0.0,0.0,0.0,0.0,51.0,94.0,,
2026-08-12,2026-08-12T01:20:11,19,FPO,176242,Morgan Lynds,934,70,115.75,0.00052,0.0,0.00789,1e-05,0.00015,0.0,176.9,64.2,97344;96417,
2026-08-12,2026-08-12T01:20:11,19,FPO,176243,Jordan Lynds,942,61,145.25,0.00454,0.0,0.08775,0.00054,0.00264,0.0,256.1,56.2,97344;96417,
2026-08-12,2026-08-12T01:20:11,19,FPO,176481,Karissa Dedmon,921,90,59.0,0.0,0.0,1e-05,0.0,0.0,0.0,66.4,89.1,97344,
2026-08-12,2026-08-12T01:20:11,19,FPO,178707,Joleigh Miller,938,74,102.0,0.0,0.0,0.0,0.0,0.0,0.0,102.0,78.5,,
2026-08-12,2026-08-12T01:20:11,19,FPO,178748,Kendyl Sullivan,873,166,2.0,0.0,0.0,0.0,0.0,0.0,0.0,2.0,166.0,,
2026-08-12,2026-08-12T01:20:11,19,FPO,179200,Jamie Williams,863,184,0.0,0.0,0.0,0.0,0.0,0.0,0.0,0.0,208.0,,
2026-08-12,2026-08-12T01:20:11,19,FPO,179873,Jenny Larsson,917,91,54.0,0.0,0.0,0.0,0.0,0.0,0.0,54.0,91.9,,
2026-08-12,2026-08-12T01:20:11,19,FPO,181772,Ida Emilie Nesse,945,31,442.0,0.0326,0.00034,1.0,0.98227,0.02932,0.0,684.5,31.3,96416;97344;96417;96418,
2026-08-12,2026-08-12T01:20:11,19,FPO,182450,Kajsa Wahl,891,105,36.75,0.0,0.0,0.0,0.0,0.0,0.0,36.8,106.6,,
2026-08-12,2026-08-12T01:20:11,19,FPO,184609,Elva-Kate Preston,914,60,146.0,0.0,0.0,5e-05,0.0,0.0,0.0,150.3,66.7,97344,
2026-08-12,2026-08-12T01:20:11,19,FPO,184736,Jennifer Smiley,929,39,348.25,0.0004,0.0,1.0,0.03619,0.00021,0.0,437.3,42.7,96416;97344;96417;96418,
2026-08-12,2026-08-12T01:20:11,19,FPO,185057,Josefine Johansson,930,82,81.0,1e-05,0.0,2e-05,0.0,1e-05,0.0,96.9,80.3,97344,
2026-08-12,2026-08-12T01:20:11,19,FPO,185534,Sofia Donnecke,962,25,547.5,0.17893,0.00028,1.0,0.99621,0.17266,0.0,714.3,29.9,96418,
2026-08-12,2026-08-12T01:20:11,19,FPO,185627,Athena Cuevas,868,140,14.0,0.0,0.0,0.0,0.0,0.0,0.0,14.0,141.9,,
2026-08-12,2026-08-12T01:20:11,19,FPO,186277,Kassandra Fog Wichmann,871,152,6.0,0.0,0.0,0.0,0.0,0.0,0.0,6.0,154.2,,
2026-08-12,2026-08-12T01:20:11,19,FPO,186629,Sanne Dalseth,872,142,13.5,0.0,0.0,0.0,0.0,0.0,0.0,13.5,143.4,,
2026-08-12,2026-08-12T01:20:11,19,FPO,188837,JJ Sun,883,187,0.0,0.0,0.0,0.0,0.0,0.0,0.0,0.0,211.0,,
2026-08-12,2026-08-12T01:20:11,19,FPO,189702,Taylor Chocek,945,16,812.7,0.19692,0.18741,1.0,1.0,0.00951,0.0,950.8,20.2,96416;96418;96419,
2026-08-12,2026-08-12T01:20:11,19,FPO,193215,Lexi Marx,930,79,85.25,3e-05,0.0,0.00011,0.0,0.0,0.0,101.2,78.9,97344,
2026-08-12,2026-08-12T01:20:11,19,FPO,195549,Kylie Kohut,940,36,403.0,0.00307,0.0,1.0,0.10362,0.00291,0.0,472.6,40.5,96416;96418,
2026-08-12,2026-08-12T01:20:11,19,FPO,195550,Peyton Kohut,921,59,150.5,0.0,0.0,0.0003,0.0,0.0,0.0,185.9,62.0,96416,
2026-08-12,2026-08-12T01:20:11,19,FPO,196237,Kaire Tekku,923,84,78.75,0.0,0.0,0.0,0.0,0.0,0.0,78.8,85.4,,
2026-08-12,2026-08-12T01:20:11,19,FPO,197689,Isabella Parker,874,131,18.0,0.0,0.0,0.0,0.0,0.0,0.0,18.0,134.3,,
2026-08-12,2026-08-12T01:20:11,19,FPO,198446,Eliezra Midtlyng,952,15,851.58,0.6831,0.68055,1.0,1.0,0.00242,0.0,1032.9,17.4,96416;97344;96417;96418;96419,
2026-08-12,2026-08-12T01:20:11,19,FPO,198721,Hannah Kellar,899,103,38.0,0.0,0.0,0.0,0.0,0.0,0.0,38.0,105.0,,
2026-08-12,2026-08-12T01:20:11,19,FPO,202571,Elizabete Pēkšena,938,51,205.5,0.00176,0.0,0.07402,0.00023,0.00156,0.0,264.8,55.2,97344;96418,
2026-08-12,2026-08-12T01:20:11,19,FPO,208576,Rebecca Don,962,11,1004.99,0.99979,0.99979,1.0,1.0,0.0,0.0,1224.2,11.8,96416;97344;96418;96419,
2026-08-12,2026-08-12T01:20:11,19,FPO,209432,Eden Fletcher,910,104,38.0,0.0,0.0,0.0,0.0,0.0,0.0,38.0,105.3,,
2026-08-12,2026-08-12T01:20:11,19,FPO,209462,Erika Apple,840,175,2.0,0.0,0.0,0.0,0.0,0.0,0.0,2.0,175.0,,
2026-08-12,2026-08-12T01:20:11,19,FPO,210287,Mara Neal,859,168,2.0,0.0,0.0,0.0,0.0,0.0,0.0,2.0,176.0,,
2026-08-12,2026-08-12T01:20:11,19,FPO,210972,Kristýna Jurčíková,968,40,331.0,0.2374,0.00053,1.0,0.64197,0.21533,0.0,628.5,33.8,97344;96418,
2026-08-12,2026-08-12T01:20:11,19,FPO,214417,Fleur Verberk,907,198,0.0,0.0,0.0,0.0,0.0,0.0,0.0,2.8,184.2,97344,
2026-08-12,2026-08-12T01:20:11,19,FPO,215439,Sheliemae Lai,946,77,92.0,0.0,0.0,0.0,0.0,0.0,0.0,92.0,80.1,,
2026-08-12,2026-08-12T01:20:11,19,FPO,215495,Kelsey Martin,877,206,0.0,0.0,0.0,0.0,0.0,0.0,0.0,2.0,179.9,97344,
2026-08-12,2026-08-12T01:20:11,19,FPO,216558,Iida Lehtomäki,959,32,430.25,0.07572,0.0,1.0,0.38123,0.06915,0.0,547.5,37.3,97344;96418,
2026-08-12,2026-08-12T01:20:11,19,FPO,217892,Katie Tews,901,116,25.5,0.0,0.0,0.0,0.0,0.0,0.0,25.5,118.5,,
2026-08-12,2026-08-12T01:20:11,19,FPO,218760,Sarah Duran,869,145,11.0,0.0,0.0,0.0,0.0,0.0,0.0,11.0,147.0,,
2026-08-12,2026-08-12T01:20:11,19,FPO,218779,Amanda Brightwell,832,171,2.0,0.0,0.0,0.0,0.0,0.0,0.0,2.0,171.0,,
2026-08-12,2026-08-12T01:20:11,19,FPO,219693,Anna Damberga,872,126,21.0,0.0,0.0,0.0,0.0,0.0,0.0,21.0,128.9,,
2026-08-12,2026-08-12T01:20:11,19,FPO,221583,Evie Lou Ramey,901,190,0.0,0.0,0.0,0.0,0.0,0.0,0.0,0.0,210.0,,
2026-08-12,2026-08-12T01:20:11,19,FPO,222693,Tanisha Platero,876,162,2.0,0.0,0.0,0.0,0.0,0.0,0.0,2.0,164.0,,
2026-08-12,2026-08-12T01:20:11,19,FPO,222973,Martje Sumowski,913,110,33.0,0.0,0.0,0.0,0.0,0.0,0.0,33.0,111.6,,
2026-08-12,2026-08-12T01:20:11,19,FPO,223975,Laura Tatiana Niño Carranza,876,157,2.0,0.0,0.0,0.0,0.0,0.0,0.0,4.0,157.3,97344,
2026-08-12,2026-08-12T01:20:11,19,FPO,224238,Julia Fors,966,33,428.5,0.24144,0.00423,1.0,0.94141,0.22064,0.0,724.0,29.4,97344;96418,
2026-08-12,2026-08-12T01:20:11,19,FPO,225016,Naomi Suyat,880,186,0.0,0.0,0.0,0.0,0.0,0.0,0.0,0.0,199.0,,
2026-08-12,2026-08-12T01:20:11,19,FPO,227315,Sarah Wadsworth,912,134,18.0,0.0,0.0,0.0,0.0,0.0,0.0,18.0,135.3,,
2026-08-12,2026-08-12T01:20:11,19,FPO,228486,Stefani Ewell,866,146,10.0,0.0,0.0,0.0,0.0,0.0,0.0,10.0,148.0,,
2026-08-12,2026-08-12T01:20:11,19,FPO,229526,Sintija Klezberga,958,14,865.0,0.88864,0.88807,1.0,1.0,0.00056,0.0,1078.5,15.9,97344;96417;96418;96419,
2026-08-12,2026-08-12T01:20:11,19,FPO,231650,Tailey Rowley,913,62,145.0,0.0,0.0,3e-05,0.0,0.0,0.0,149.0,67.6,97344,
2026-08-12,2026-08-12T01:20:11,19,FPO,232666,Rebecka Hoppe,848,153,6.0,0.0,0.0,0.0,0.0,0.0,0.0,6.0,153.6,,
2026-08-12,2026-08-12T01:20:11,19,FPO,232722,Julia Hauch,917,203,0.0,0.0,0.0,0.0,0.0,0.0,0.0,5.4,174.1,97344,
2026-08-12,2026-08-12T01:20:11,19,FPO,235368,Madalyn Payton,896,177,0.0,0.0,0.0,0.0,0.0,0.0,0.0,0.0,206.0,,
2026-08-12,2026-08-12T01:20:11,19,FPO,238187,Ann Deputy,924,83,80.25,1e-05,0.0,2e-05,0.0,0.0,0.0,89.9,82.3,97344,
2026-08-12,2026-08-12T01:20:11,19,FPO,240590,Amelia Saechao,877,119,24.0,0.0,0.0,0.0,0.0,0.0,0.0,24.0,120.1,,
2026-08-12,2026-08-12T01:20:11,19,FPO,242116,Eva Lutsenko,931,123,21.75,0.0,0.0,0.0,0.0,0.0,0.0,21.8,127.7,,
2026-08-12,2026-08-12T01:20:11,19,FPO,242331,Ida Kennmark,876,141,13.5,0.0,0.0,0.0,0.0,0.0,0.0,13.5,143.4,,
2026-08-12,2026-08-12T01:20:11,19,FPO,245180,Chelsea Sutton,854,172,2.0,0.0,0.0,0.0,0.0,0.0,0.0,2.0,172.0,,
2026-08-12,2026-08-12T01:20:11,19,FPO,245306,Netta Leppäaho,948,73,105.75,0.0,0.0,0.0,0.0,0.0,0.0,105.8,77.2,,
2026-08-12,2026-08-12T01:20:11,19,FPO,245317,Sophi Stephenson,862,143,12.0,0.0,0.0,0.0,0.0,0.0,0.0,12.0,144.9,,
2026-08-12,2026-08-12T01:20:11,19,FPO,254333,Jess Zilch,875,129,19.5,0.0,0.0,0.0,0.0,0.0,0.0,19.5,131.5,,
2026-08-12,2026-08-12T01:20:11,19,FPO,255962,Samantha Zaborowski,901,210,0.0,0.0,0.0,0.0,0.0,0.0,0.0,2.3,192.9,97344,
2026-08-12,2026-08-12T01:20:11,19,FPO,256846,Lea Tomas,889,207,0.0,0.0,0.0,0.0,0.0,0.0,0.0,2.0,196.8,97344,
2026-08-12,2026-08-12T01:20:11,19,FPO,259972,Marion Mattsson,862,144,11.25,0.0,0.0,0.0,0.0,0.0,0.0,11.2,146.0,,
2026-08-12,2026-08-12T01:20:11,19,FPO,261058,Jessica Erickson,891,95,49.0,0.0,0.0,0.0,0.0,0.0,0.0,49.0,96.1,,
2026-08-12,2026-08-12T01:20:11,19,FPO,261216,Victoria Christensen,864,136,17.25,0.0,0.0,0.0,0.0,0.0,0.0,17.2,137.8,,
2026-08-12,2026-08-12T01:20:11,19,FPO,268900,Natalie Berg,883,128,19.5,0.0,0.0,0.0,0.0,0.0,0.0,19.5,130.5,,
2026-08-12,2026-08-12T01:20:11,19,FPO,269838,Daisy Kelly,882,185,0.0,0.0,0.0,0.0,0.0,0.0,0.0,0.0,198.0,,
2026-08-12,2026-08-12T01:20:11,19,FPO,277832,Chandler Reigh,939,26,544.25,0.01523,9e-05,1.0,0.99869,0.01412,0.0,677.4,31.8,96416;97344;96417;96418,
2026-08-12,2026-08-12T01:20:11,19,FPO,278450,Brit Hamburg-Kiin,860,113,28.5,0.0,0.0,0.0,0.0,0.0,0.0,28.5,115.3,,
2026-08-12,2026-08-12T01:20:11,19,FPO,279466,Gry Nagel,807,133,18.0,0.0,0.0,0.0,0.0,0.0,0.0,18.0,134.3,,
2026-08-12,2026-08-12T01:20:11,19,FPO,281626,Una Lokmane,885,112,28.5,0.0,0.0,0.0,0.0,0.0,0.0,28.5,114.3,,
2026-08-12,2026-08-12T01:20:11,19,FPO,284553,Katherine Aydelott,872,151,6.0,0.0,0.0,0.0,0.0,0.0,0.0,6.0,154.5,,
2026-08-12,2026-08-12T01:20:11,19,FPO,286978,Michelle Southworth,805,170,2.0,0.0,0.0,0.0,0.0,0.0,0.0,2.0,170.0,,
2026-08-12,2026-08-12T01:20:11,19,FPO,288014,Jordan Coomes,840,130,18.0,0.0,0.0,0.0,0.0,0.0,0.0,18.0,136.3,,
2026-08-12,2026-08-12T01:20:11,19,FPO,297287,Marta Villa,860,167,2.0,0.0,0.0,0.0,0.0,0.0,0.0,2.0,167.0,,
2026-08-12,2026-08-12T01:20:11,19,FPO,302765,Grace Wilson,891,199,0.0,0.0,0.0,0.0,0.0,0.0,0.0,2.0,186.0,97344,
2026-08-12,2026-08-12T01:20:11,19,FPO,308525,Saga Dahlstedt,924,67,127.5,0.0,0.0,0.0,0.0,0.0,0.0,127.5,73.1,,
2026-08-12,2026-08-12T01:20:11,19,FPO,311218,Mina Alme,918,107,35.25,0.0,0.0,0.0,0.0,0.0,0.0,35.2,109.0,,
2026-08-14,2026-08-14T02:24:31,19,FPO,3024,Chris O'Cleary,914,195,0.0,0.0,0.0,0.0,0.0,0.0,0.0,4.2,183.5,97344,
2026-08-14,2026-08-14T02:24:31,19,FPO,3090,Elaine King,892,196,0.0,0.0,0.0,0.0,0.0,0.0,0.0,2.0,187.8,97344,
2026-08-14,2026-08-14T02:24:31,19,FPO,8803,Ruth Steele,867,165,2.0,0.0,0.0,0.0,0.0,0.0,0.0,2.0,165.0,,
2026-08-14,2026-08-14T02:24:31,19,FPO,15354,Jennifer Allen,966,42,313.0,0.18415,0.00011,0.99974,0.48112,0.16731,0.0,585.0,35.8,97344;96418,
2026-08-14,2026-08-14T02:24:31,19,FPO,27832,Kona Star Montgomery,950,23,638.75,0.10089,0.05718,1.0,1.0,0.03991,0.0,873.3,23.0,96416;97344;96417;96418;96419,
2026-08-14,2026-08-14T02:24:31,19,FPO,29190,Paige Pierce,963,18,796.67,0.86346,0.8607,1.0,1.0,0.00276,0.0,1085.0,15.7,96416;97344;96418;96419,
2026-08-14,2026-08-14T02:24:31,19,FPO,29947,Stephanie Vincent,927,115,28.0,0.0,0.0,0.0,0.0,0.0,0.0,28.0,117.3,,
2026-08-14,2026-08-14T02:24:31,19,FPO,31041,Sheila Teves,883,183,0.0,0.0,0.0,0.0,0.0,0.0,0.0,0.0,207.0,,
2026-08-14,2026-08-14T02:24:31,19,FPO,32654,Lisa Fajkus,959,21,671.33,0.41744,0.37287,1.0,1.0,0.03978,0.0,975.9,19.3,97344;96417;96418;96419,
2026-08-14,2026-08-14T02:24:31,19,FPO,32917,Rebecca Cox,949,29,502.5,0.05679,0.00569,1.0,0.99972,0.04662,0.0,763.5,27.6,96416;97344;96417;96418;96419,
2026-08-14,2026-08-14T02:24:31,19,FPO,32925,Lindsay Fish,888,158,2.0,0.0,0.0,0.0,0.0,0.0,0.0,2.0,162.8,,
2026-08-14,2026-08-14T02:24:31,19,FPO,34563,Sarah Hokom,947,56,163.75,0.01444,0.0,0.7017,0.02407,0.01015,0.0,375.8,47.1,96416;97344;96417;96418,
2026-08-14,2026-08-14T02:24:31,19,FPO,35321,Sofie Björlycke,936,81,83.25,0.0,0.0,0.0,0.0,0.0,0.0,83.2,83.0,,
2026-08-14,2026-08-14T02:24:31,19,FPO,35774,Camilla Jernberg,873,150,7.5,0.0,0.0,0.0,0.0,0.0,0.0,7.5,152.1,,
2026-08-14,2026-08-14T02:24:31,19,FPO,36307,Amanda Branch,887,192,0.0,0.0,0.0,0.0,0.0,0.0,0.0,2.0,177.9,97344,
2026-08-14,2026-08-14T02:24:31,19,FPO,39504,Zoe AnDyke,930,85,77.0,0.0,0.0,0.0,0.0,0.0,0.0,77.0,86.4,,
2026-08-14,2026-08-14T02:24:31,19,FPO,43995,Taylor Foth,900,181,0.0,0.0,0.0,0.0,0.0,0.0,0.0,0.0,204.0,,
2026-08-14,2026-08-14T02:24:31,19,FPO,44184,Catrina Allen,968,7,1170.25,1.0,1.0,1.0,1.0,0.0,0.0,1459.6,7.7,96416;97344;96417;96418;96419,
2026-08-14,2026-08-14T02:24:31,19,FPO,45407,Brittney Armentrout,860,161,2.0,0.0,0.0,0.0,0.0,0.0,0.0,2.0,162.0,,
2026-08-14,2026-08-14T02:24:31,19,FPO,48199,Alison Blakeman,866,188,0.0,0.0,0.0,0.0,0.0,0.0,0.0,0.0,200.0,,
2026-08-14,2026-08-14T02:24:31,19,FPO,48976,Ohn Scoggins,989,3,1673.33,1.0,1.0,1.0,1.0,0.0,0.49721,2156.8,1.7,96416;97344;96417;96418;96419,
2026-08-14,2026-08-14T02:24:31,19,FPO,50656,Jessica Gurthie,956,17,800.5,1.0,0.67694,1.0,1.0,0.00536,0.0,1037.5,17.2,97344;96417;96418;96419,
2026-08-14,2026-08-14T02:24:31,19,FPO,51277,Holly Finley,937,46,265.0,0.00195,0.0,0.92109,0.00603,0.00125,0.0,356.9,48.2,97344;96417;96418,
2026-08-14,2026-08-14T02:24:31,19,FPO,58303,Sai Ananda,959,75,102.0,0.0326,0.0,0.04357,0.00173,0.02813,0.0,236.4,59.8,97344,
2026-08-14,2026-08-14T02:24:31,19,FPO,59227,Henna Blomroos,968,9,1036.67,1.0,0.99999,1.0,1.0,0.0,0.0,1251.5,11.1,97344;96418;96419,
2026-08-14,2026-08-14T02:24:31,19,FPO,59431,Madison Walker,953,22,652.83,0.10635,0.03968,1.0,1.0,0.06032,0.0,859.9,23.5,96416;97344;96417;96418;96419,
2026-08-14,2026-08-14T02:24:31,19,FPO,60798,Madison Tomaino,923,80,83.5,0.0,0.0,0.0,0.0,0.0,0.0,120.2,74.1,96416,
2026-08-14,2026-08-14T02:24:31,19,FPO,61144,Emily Beach,901,178,0.0,0.0,0.0,0.0,0.0,0.0,0.0,0.0,205.0,,
2026-08-14,2026-08-14T02:24:31,19,FPO,61990,Katka Boďová,916,97,48.0,0.0,0.0,0.0,0.0,0.0,0.0,48.0,97.9,,
2026-08-14,2026-08-14T02:24:31,19,FPO,62879,Valerie Mandujano,972,12,985.66,1.0,1.0,1.0,1.0,0.0,0.0,1402.3,8.4,96416;97344;96417;96418;96419,
2026-08-14,2026-08-14T02:24:31,19,FPO,62880,Alexis Mandujano,960,30,480.5,0.21617,0.09236,1.0,0.99999,0.10855,0.0,871.5,23.1,96416;97344;96417;96418;96419,
2026-08-14,2026-08-14T02:24:31,19,FPO,63257,Maria Oliva,920,47,246.0,2e-05,0.0,0.84957,0.00015,2e-05,0.0,317.6,51.1,96416;97344;96417;96418,
2026-08-14,2026-08-14T02:24:31,19,FPO,64927,Eveliina Salonen,988,6,1364.67,1.0,1.0,1.0,1.0,0.0,1e-05,1727.0,5.6,97344;96418;96419,
2026-08-14,2026-08-14T02:24:31,19,FPO,65489,Lauren Butler,912,55,166.58,1e-05,0.0,0.00048,0.0,0.0,0.0,191.3,61.0,97344;96417,
2026-08-14,2026-08-14T02:24:31,19,FPO,66063,Ashlee Johnson,860,182,0.0,0.0,0.0,0.0,0.0,0.0,0.0,0.0,203.0,,
2026-08-14,2026-08-14T02:24:31,19,FPO,66599,Heidi Laine,963,10,1015.75,0.99991,0.99991,1.0,1.0,0.0,0.0,1232.7,11.6,96416;97344;96418;96419,
2026-08-14,2026-08-14T02:24:31,19,FPO,69584,Danielle Weigandt,853,164,2.0,0.0,0.0,0.0,0.0,0.0,0.0,2.0,168.0,,
2026-08-14,2026-08-14T02:24:31,19,FPO,71262,Erika Stinchcomb,922,44,288.75,2e-05,0.0,0.99095,0.00054,1e-05,0.0,343.8,48.9,96416;97344;96417;96418,
2026-08-14,2026-08-14T02:24:31,19,FPO,72635,Kersti Miller,890,108,34.5,0.0,0.0,0.0,0.0,0.0,0.0,34.5,110.0,,
2026-08-14,2026-08-14T02:24:31,19,FPO,74708,Casey Pennington,903,102,39.5,0.0,0.0,0.0,0.0,0.0,0.0,39.5,103.5,,
2026-08-14,2026-08-14T02:24:31,19,FPO,75029,Cynthia Ricciotti,923,65,132.08,1e-05,0.0,0.00618,0.0,0.0,0.0,200.2,60.5,96416;97344;96417,
2026-08-14,2026-08-14T02:24:31,19,FPO,76009,Virginia Polkinghorne,885,189,0.0,0.0,0.0,0.0,0.0,0.0,0.0,0.0,209.0,,
2026-08-14,2026-08-14T02:24:31,19,FPO,77385,Matilda Ringbom,947,45,274.0,0.00971,0.0,0.08068,0.00042,0.00909,0.0,329.6,50.5,96418,
2026-08-14,2026-08-14T02:24:31,19,FPO,78232,Tiger Borth,899,125,21.0,0.0,0.0,0.0,0.0,0.0,0.0,23.2,124.0,97344,
2026-08-14,2026-08-14T02:24:31,19,FPO,79233,Cadence Burge,966,57,162.75,0.21545,0.00021,0.9761,0.42497,0.16685,0.0,571.7,36.5,96416;97344;96417;96418,
2026-08-14,2026-08-14T02:24:31,19,FPO,80935,Lindsey Maas,905,93,50.25,0.0,0.0,0.0,0.0,0.0,0.0,52.8,92.8,97344,
2026-08-14,2026-08-14T02:24:31,19,FPO,82809,Alex von Stade,893,122,22.0,0.0,0.0,0.0,0.0,0.0,0.0,22.0,125.7,,
2026-08-14,2026-08-14T02:24:31,19,FPO,83376,Cassandra Lioi,890,149,8.0,0.0,0.0,0.0,0.0,0.0,0.0,8.0,151.1,,
2026-08-14,2026-08-14T02:24:31,19,FPO,84279,Kaidi Allsalu,953,52,203.62,0.02811,0.0,0.0,0.0,0.02672,0.0,281.4,53.8,,
2026-08-14,2026-08-14T02:24:31,19,FPO,85189,Samantha Bonacci,870,137,16.5,0.0,0.0,0.0,0.0,0.0,0.0,16.5,139.5,,
2026-08-14,2026-08-14T02:24:31,19,FPO,85484,Anneli Tõugjas-Männiste,959,24,554.0,0.15878,0.01674,1.0,0.99999,0.12283,0.0,801.1,25.9,97344;96417;96418;96419,
2026-08-14,2026-08-14T02:24:31,19,FPO,85942,Missy Gannon,986,4,1518.66,1.0,1.0,1.0,1.0,0.0,0.00536,1890.6,4.1,96416;97344;96417;96418;96419,
2026-08-14,2026-08-14T02:24:31,19,FPO,87094,Rose Shertick,921,209,0.0,0.0,0.0,0.0,0.0,0.0,0.0,7.4,178.9,97344,
2026-08-14,2026-08-14T02:24:31,19,FPO,87443,Andrea Cammack,878,163,2.0,0.0,0.0,0.0,0.0,0.0,0.0,2.0,163.0,,
2026-08-14,2026-08-14T02:24:31,19,FPO,94085,Keiti Tätte,953,54,184.12,0.00643,0.0,0.0,0.0,0.00607,0.0,202.3,60.4,,
2026-08-14,2026-08-14T02:24:31,19,FPO,96090,Sonja Laine,905,106,36.0,0.0,0.0,0.0,0.0,0.0,0.0,36.0,107.9,,
2026-08-14,2026-08-14T02:24:31,19,FPO,96480,Tori Pasquin,831,174,2.0,0.0,0.0,0.0,0.0,0.0,0.0,2.0,174.0,,
2026-08-14,2026-08-14T02:24:31,19,FPO,97238,Jannicke Hjemli,875,147,9.75,0.0,0.0,0.0,0.0,0.0,0.0,9.8,149.0,,
2026-08-14,2026-08-14T02:24:31,19,FPO,99441,Lykke Lorentzen,921,96,48.0,0.0,0.0,0.0,0.0,0.0,0.0,48.0,97.4,,
2026-08-14,2026-08-14T02:24:31,19,FPO,99455,Kat Mertsch,965,8,1100.67,1.0,1.0,1.0,1.0,0.0,0.0,1366.6,8.9,96416;97344;96417;96418;96419,
2026-08-14,2026-08-14T02:24:31,19,FPO,101949,Ratana McMahon,885,66,129.75,0.0,0.0,0.0,0.0,0.0,0.0,129.8,71.8,,
2026-08-14,2026-08-14T02:24:31,19,FPO,102024,Danielle Keen,896,180,0.0,0.0,0.0,0.0,0.0,0.0,0.0,0.0,201.0,,
2026-08-14,2026-08-14T02:24:31,19,FPO,103743,Karen Martel,923,139,15.0,0.0,0.0,0.0,0.0,0.0,0.0,23.9,130.5,97344,
2026-08-14,2026-08-14T02:24:31,19,FPO,104187,Macie Velediaz,952,43,294.67,0.03655,0.0,0.99993,0.22679,0.02785,0.0,494.0,40.0,97344;96417;96418,
2026-08-14,2026-08-14T02:24:31,19,FPO,104314,Violet Main,940,41,317.0,0.00332,0.0,0.99997,0.01716,0.00213,0.0,400.4,45.1,97344;96417;96418,
2026-08-14,2026-08-14T02:24:31,19,FPO,104814,Ellie Bryant,895,114,28.25,0.0,0.0,0.0,0.0,0.0,0.0,28.2,116.3,,
2026-08-14,2026-08-14T02:24:31,19,FPO,105126,Aria Castruita,943,98,46.5,0.0,0.0,0.0,0.0,0.0,0.0,46.5,99.2,,
2026-08-14,2026-08-14T02:24:31,19,FPO,106489,Anna Pinter,875,124,21.75,0.0,0.0,0.0,0.0,0.0,0.0,21.8,126.7,,
2026-08-14,2026-08-14T02:24:31,19,FPO,107297,Maria Liivamägi,857,118,24.0,0.0,0.0,0.0,0.0,0.0,0.0,24.0,121.7,,
2026-08-14,2026-08-14T02:24:31,19,FPO,107335,Silva Saarinen,991,2,1695.17,1.0,1.0,1.0,1.0,0.0,0.38068,2134.8,1.9,96416;97344;96418;96419,
2026-08-14,2026-08-14T02:24:31,19,FPO,108871,Brook Johnson,905,117,24.0,0.0,0.0,0.0,0.0,0.0,0.0,24.0,120.1,,
2026-08-14,2026-08-14T02:24:31,19,FPO,109337,Cathy Kuhn,856,179,0.0,0.0,0.0,0.0,0.0,0.0,0.0,0.0,202.0,,
2026-08-14,2026-08-14T02:24:31,19,FPO,109996,Anniken Kristiansen Steen,966,20,700.29,0.32931,0.18974,1.0,1.0,0.13687,0.0,928.3,21.0,97344;96418;96419,
2026-08-14,2026-08-14T02:24:31,19,FPO,111487,Emily Weatherman,960,13,932.33,0.99488,0.99487,1.0,1.0,1e-05,0.0,1184.7,12.8,96416;97344;96417;96418;96419,
2026-08-14,2026-08-14T02:24:31,19,FPO,112647,Hanna Huynh,961,19,776.83,0.92998,0.9291,1.0,1.0,0.00085,0.0,1124.3,14.6,96416;97344;96417;96418;96419,
2026-08-14,2026-08-14T02:24:31,19,FPO,115503,Olivia Kindstedt,949,53,189.0,0.01387,0.0,0.15126,0.00221,0.01259,0.0,304.0,52.3,97344,
2026-08-14,2026-08-14T02:24:31,19,FPO,116694,Kristi Unt,925,99,45.0,0.0,0.0,0.0,0.0,0.0,0.0,45.0,100.3,,
2026-08-14,2026-08-14T02:24:31,19,FPO,120770,Jami Gust,884,202,0.0,0.0,0.0,0.0,0.0,0.0,0.0,2.0,182.6,97344,
2026-08-14,2026-08-14T02:24:31,19,FPO,121554,Elina Rydberg,901,120,23.25,0.0,0.0,0.0,0.0,0.0,0.0,23.2,122.7,,
2026-08-14,2026-08-14T02:24:31,19,FPO,124064,Shelby Cowen,917,58,158.25,0.0,0.0,0.0,0.0,0.0,0.0,180.8,62.7,96417,
2026-08-14,2026-08-14T02:24:31,19,FPO,126226,Kati Chachere,828,173,2.0,0.0,0.0,0.0,0.0,0.0,0.0,2.0,173.0,,
2026-08-14,2026-08-14T02:24:31,19,FPO,128395,Michelle Saggboy,891,159,2.0,0.0,0.0,0.0,0.0,0.0,0.0,2.0,171.5,,
2026-08-14,2026-08-14T02:24:31,19,FPO,128532,Maarja Soasepp,905,100,42.0,0.0,0.0,0.0,0.0,0.0,0.0,42.0,102.3,,
2026-08-14,2026-08-14T02:24:31,19,FPO,130187,Kat Johnson,915,204,0.0,0.0,0.0,0.0,0.0,0.0,0.0,4.6,175.0,97344,
2026-08-14,2026-08-14T02:24:31,19,FPO,130342,Chantel Budinsky,956,64,136.5,0.05631,0.0,0.37251,0.01729,0.04019,0.0,363.4,48.3,97344;96417,
2026-08-14,2026-08-14T02:24:31,19,FPO,130822,Hannah Manis,932,200,0.0,0.0,0.0,0.0,0.0,0.0,0.0,18.6,154.0,97344,
2026-08-14,2026-08-14T02:24:31,19,FPO,131583,Hannah Lengel,953,87,66.0,0.00737,0.0,0.0,0.0,0.00044,0.0,124.0,73.7,96417,
2026-08-14,2026-08-14T02:24:31,19,FPO,132291,Ashley Phelps,907,121,23.0,0.0,0.0,0.0,0.0,0.0,0.0,23.0,124.2,,
2026-08-14,2026-08-14T02:24:31,19,FPO,132627,Jenn Cazanov-Diggs,904,156,2.0,0.0,0.0,0.0,0.0,0.0,0.0,2.0,158.8,,
2026-08-14,2026-08-14T02:24:31,19,FPO,133547,Holyn Handley,984,1,1713.67,1.0,1.0,1.0,1.0,0.0,0.11663,2051.5,2.7,96416;97344;96418;96419,
2026-08-14,2026-08-14T02:24:31,19,FPO,133701,Nathalie Ortiz,908,88,64.25,0.0,0.0,0.0,0.0,0.0,0.0,64.2,88.7,,
2026-08-14,2026-08-14T02:24:31,19,FPO,135383,Emma Arp,907,154,5.0,0.0,0.0,0.0,0.0,0.0,0.0,5.0,156.2,,
2026-08-14,2026-08-14T02:24:31,19,FPO,138272,Raven Klein,942,27,535.0,0.02298,0.00056,1.0,0.99926,0.02074,0.0,707.0,30.3,96416;97344;96417;96418;96419,
2026-08-14,2026-08-14T02:24:31,19,FPO,139109,Leah Tsinajinnie,926,69,116.0,1e-05,0.0,0.00119,0.0,0.0,0.0,157.2,66.7,96416;97344,
2026-08-14,2026-08-14T02:24:31,19,FPO,139387,Hanna Jansson,906,94,50.25,0.0,0.0,0.0,0.0,0.0,0.0,50.2,95.0,,
2026-08-14,2026-08-14T02:24:31,19,FPO,139738,Megan Dophal,908,208,0.0,0.0,0.0,0.0,0.0,0.0,0.0,2.9,192.3,97344,
2026-08-14,2026-08-14T02:24:31,19,FPO,140660,María Eldey Kristínardóttir,923,78,91.5,0.0,0.0,0.0,0.0,0.0,0.0,91.5,81.1,,
2026-08-14,2026-08-14T02:24:31,19,FPO,140947,Nina Bennett,949,68,126.5,0.01647,0.0,0.13845,0.00203,0.01096,0.0,282.0,54.3,97344;96417,
2026-08-14,2026-08-14T02:24:31,19,FPO,142259,Katheryn Maloney,901,205,0.0,0.0,0.0,0.0,0.0,0.0,0.0,2.3,179.2,97344,
2026-08-14,2026-08-14T02:24:31,19,FPO,142354,Alexis Kerman,926,49,233.75,0.00012,0.0,0.5454,0.00019,9e-05,0.0,306.9,52.1,96416;97344;96417;96418,
2026-08-14,2026-08-14T02:24:31,19,FPO,143423,Ember Simonis,916,197,0.0,0.0,0.0,0.0,0.0,0.0,0.0,4.9,180.0,97344,
2026-08-14,2026-08-14T02:24:31,19,FPO,143720,Jessica Kinard,906,191,0.0,0.0,0.0,0.0,0.0,0.0,0.0,23.2,127.0,96416,
2026-08-14,2026-08-14T02:24:31,19,FPO,144112,Ella Hansen,977,5,1508.58,1.0,1.0,1.0,1.0,0.0,0.00011,1780.6,5.1,96416;97344;96418;96419,
2026-08-14,2026-08-14T02:24:31,19,FPO,144791,Emily Yale,898,76,98.0,0.0,0.0,0.0,0.0,0.0,0.0,122.4,73.6,96416;97344,
2026-08-14,2026-08-14T02:24:31,19,FPO,146137,Dani K. Hart,947,28,525.75,0.04356,0.00059,1.0,0.99982,0.03917,0.0,722.5,29.5,96416;97344;96417;96418;96419,
2026-08-14,2026-08-14T02:24:31,19,FPO,146304,MJ Gager,948,37,392.58,0.02246,0.0,1.0,0.31847,0.01789,0.0,519.2,38.5,97344;96417;96418,
2026-08-14,2026-08-14T02:24:31,19,FPO,147050,Ali Smith,946,72,112.5,0.0,0.0,0.0,0.0,0.0,0.0,112.5,75.7,,
2026-08-14,2026-08-14T02:24:31,19,FPO,147393,Sadie Shattuck,866,138,16.0,0.0,0.0,0.0,0.0,0.0,0.0,16.0,140.5,,
2026-08-14,2026-08-14T02:24:31,19,FPO,149548,VicToria Scott,889,211,0.0,0.0,0.0,0.0,0.0,0.0,0.0,2.0,194.9,97344,
2026-08-14,2026-08-14T02:24:31,19,FPO,149803,Candyce Boyce,894,109,33.0,0.0,0.0,0.0,0.0,0.0,0.0,33.0,111.5,,
2026-08-14,2026-08-14T02:24:31,19,FPO,150057,Hailey Huber,939,63,141.0,0.0,0.0,0.0,0.0,0.0,0.0,141.0,69.5,,
2026-08-14,2026-08-14T02:24:31,19,FPO,151072,Jennifer Rice,895,132,18.0,0.0,0.0,0.0,0.0,0.0,0.0,18.0,133.3,,
2026-08-14,2026-08-14T02:24:31,19,FPO,152191,Kelley Foster,936,34,412.5,0.00429,0.0,1.0,0.37038,0.00371,0.0,522.4,38.0,96416;96417;96418,
2026-08-14,2026-08-14T02:24:31,19,FPO,154098,Ariel Walker,927,101,40.25,1e-05,0.0,1e-05,0.0,0.0,0.0,52.5,96.9,97344,
2026-08-14,2026-08-14T02:24:31,19,FPO,155026,Amanda Lennartsson,942,35,409.0,0.00375,0.0,1.0,0.04697,0.00343,0.0,449.1,42.1,96418,
2026-08-14,2026-08-14T02:24:31,19,FPO,156259,Ella Tejler,901,86,73.5,0.0,0.0,0.0,0.0,0.0,0.0,73.5,87.5,,
2026-08-14,2026-08-14T02:24:31,19,FPO,156781,Audrey Wicklander,894,193,0.0,0.0,0.0,0.0,0.0,0.0,0.0,2.1,190.0,97344,
2026-08-14,2026-08-14T02:24:31,19,FPO,157471,Nid Ovathanasin,933,135,17.67,1e-05,0.0,1e-05,0.0,0.0,0.0,37.7,114.3,97344,
2026-08-14,2026-08-14T02:24:31,19,FPO,158385,Destyne Martinez,868,155,2.0,0.0,0.0,0.0,0.0,0.0,0.0,2.0,185.7,,
2026-08-14,2026-08-14T02:24:31,19,FPO,158461,Shiru Liu,907,89,63.5,0.0,0.0,0.0,0.0,0.0,0.0,63.5,89.8,,
2026-08-14,2026-08-14T02:24:31,19,FPO,160103,Jacquelyn DeLude,877,201,0.0,0.0,0.0,0.0,0.0,0.0,0.0,2.0,183.6,97344,
2026-08-14,2026-08-14T02:24:31,19,FPO,161231,Sarah May,855,169,2.0,0.0,0.0,0.0,0.0,0.0,0.0,2.0,169.0,,
2026-08-14,2026-08-14T02:24:31,19,FPO,161918,Addison Woodard,956,38,380.08,0.11428,0.00517,1.0,0.97998,0.095,0.0,736.8,28.8,96416;97344;96417;96418,
2026-08-14,2026-08-14T02:24:31,19,FPO,162735,Eden Fornoff,922,127,20.83,0.0,0.0,0.0,0.0,0.0,0.0,44.0,100.8,96416,
2026-08-14,2026-08-14T02:24:31,19,FPO,162896,Therese Cuevas,939,50,231.5,0.00213,0.0,0.20412,0.0006,0.00196,0.0,295.1,53.0,97344;96418,
2026-08-14,2026-08-14T02:24:31,19,FPO,164788,Alecia Hinkson,926,71,113.83,0.00011,0.0,0.00122,0.0,0.0,0.0,153.6,67.4,97344;96417,
2026-08-14,2026-08-14T02:24:31,19,FPO,165652,Ceci Vollbrecht,896,194,0.0,0.0,0.0,0.0,0.0,0.0,0.0,2.1,188.4,97344,
2026-08-14,2026-08-14T02:24:31,19,FPO,166082,Ashton Webberley,894,160,2.0,0.0,0.0,0.0,0.0,0.0,0.0,2.0,161.0,,
2026-08-14,2026-08-14T02:24:31,19,FPO,166749,Mackenzie Morris,896,148,9.0,0.0,0.0,0.0,0.0,0.0,0.0,9.0,150.0,,
2026-08-14,2026-08-14T02:24:31,19,FPO,167255,AK Kaestner,816,176,2.0,0.0,0.0,0.0,0.0,0.0,0.0,2.0,177.0,,
2026-08-14,2026-08-14T02:24:31,19,FPO,168863,Trinity Bryant,925,48,235.0,0.00015,0.0,0.84544,0.00059,9e-05,0.0,326.7,50.4,96416;97344;96417;96418,
2026-08-14,2026-08-14T02:24:31,19,FPO,170182,Rebecca Minnick,866,111,29.0,0.0,0.0,0.0,0.0,0.0,0.0,29.0,113.3,,
2026-08-14,2026-08-14T02:24:31,19,FPO,173601,Marie Kielas,917,92,51.0,0.0,0.0,0.0,0.0,0.0,0.0,51.0,94.0,,
2026-08-14,2026-08-14T02:24:31,19,FPO,176242,Morgan Lynds,934,70,115.75,0.00053,0.0,0.00764,0.0,0.00011,0.0,176.9,64.2,97344;96417,
2026-08-14,2026-08-14T02:24:31,19,FPO,176243,Jordan Lynds,942,61,145.25,0.00428,0.0,0.08787,0.00045,0.00245,0.0,255.9,56.2,97344;96417,
2026-08-14,2026-08-14T02:24:31,19,FPO,176481,Karissa Dedmon,921,90,59.0,0.0,0.0,0.0,0.0,0.0,0.0,66.4,89.1,97344,
2026-08-14,2026-08-14T02:24:31,19,FPO,178707,Joleigh Miller,938,74,102.0,0.0,0.0,0.0,0.0,0.0,0.0,102.0,78.5,,
2026-08-14,2026-08-14T02:24:31,19,FPO,178748,Kendyl Sullivan,873,166,2.0,0.0,0.0,0.0,0.0,0.0,0.0,2.0,166.0,,
2026-08-14,2026-08-14T02:24:31,19,FPO,179200,Jamie Williams,863,184,0.0,0.0,0.0,0.0,0.0,0.0,0.0,0.0,208.0,,
2026-08-14,2026-08-14T02:24:31,19,FPO,179873,Jenny Larsson,917,91,54.0,0.0,0.0,0.0,0.0,0.0,0.0,54.0,91.9,,
2026-08-14,2026-08-14T02:24:31,19,FPO,181772,Ida Emilie Nesse,945,31,442.0,0.03283,0.00044,1.0,0.98344,0.02959,0.0,684.7,31.3,96416;97344;96417;96418,
2026-08-14,2026-08-14T02:24:31,19,FPO,182450,Kajsa Wahl,891,105,36.75,0.0,0.0,0.0,0.0,0.0,0.0,36.8,106.6,,
2026-08-14,2026-08-14T02:24:31,19,FPO,184609,Elva-Kate Preston,914,60,146.0,0.0,0.0,0.00012,0.0,0.0,0.0,150.3,66.7,97344,
2026-08-14,2026-08-14T02:24:31,19,FPO,184736,Jennifer Smiley,929,39,348.25,0.00035,0.0,1.0,0.0353,0.00021,0.0,437.4,42.7,96416;97344;96417;96418,
2026-08-14,2026-08-14T02:24:31,19,FPO,185057,Josefine Johansson,930,82,81.0,0.0,0.0,7e-05,0.0,0.0,0.0,96.8,80.3,97344,
2026-08-14,2026-08-14T02:24:31,19,FPO,185534,Sofia Donnecke,962,25,547.5,0.17956,0.00023,1.0,0.99593,0.17358,0.0,714.5,29.9,96418,
2026-08-14,2026-08-14T02:24:31,19,FPO,185627,Athena Cuevas,868,140,14.0,0.0,0.0,0.0,0.0,0.0,0.0,14.0,141.9,,
2026-08-14,2026-08-14T02:24:31,19,FPO,186277,Kassandra Fog Wichmann,871,152,6.0,0.0,0.0,0.0,0.0,0.0,0.0,6.0,154.2,,
2026-08-14,2026-08-14T02:24:31,19,FPO,186629,Sanne Dalseth,872,142,13.5,0.0,0.0,0.0,0.0,0.0,0.0,13.5,143.4,,
2026-08-14,2026-08-14T02:24:31,19,FPO,188837,JJ Sun,883,187,0.0,0.0,0.0,0.0,0.0,0.0,0.0,0.0,211.0,,
2026-08-14,2026-08-14T02:24:31,19,FPO,189702,Taylor Chocek,945,16,812.7,0.19579,0.18627,1.0,1.0,0.00952,0.0,950.7,20.2,96416;96418;96419,
2026-08-14,2026-08-14T02:24:31,19,FPO,193215,Lexi Marx,930,79,85.25,0.0,0.0,9e-05,0.0,0.0,0.0,101.1,78.9,97344,
2026-08-14,2026-08-14T02:24:31,19,FPO,195549,Kylie Kohut,940,36,403.0,0.00286,0.0,1.0,0.10218,0.0026,0.0,472.2,40.5,96416;96418,
2026-08-14,2026-08-14T02:24:31,19,FPO,195550,Peyton Kohut,921,59,150.5,1e-05,0.0,0.0003,0.0,0.0,0.0,185.9,62.0,96416,
2026-08-14,2026-08-14T02:24:31,19,FPO,196237,Kaire Tekku,923,84,78.75,0.0,0.0,0.0,0.0,0.0,0.0,78.8,85.4,,
2026-08-14,2026-08-14T02:24:31,19,FPO,197689,Isabella Parker,874,131,18.0,0.0,0.0,0.0,0.0,0.0,0.0,18.0,134.3,,
2026-08-14,2026-08-14T02:24:31,19,FPO,198446,Eliezra Midtlyng,952,15,851.58,0.68083,0.67856,1.0,1.0,0.00214,0.0,1032.4,17.4,96416;97344;96417;96418;96419,
2026-08-14,2026-08-14T02:24:31,19,FPO,198721,Hannah Kellar,899,103,38.0,0.0,0.0,0.0,0.0,0.0,0.0,38.0,105.0,,
2026-08-14,2026-08-14T02:24:31,19,FPO,202571,Elizabete Pēkšena,938,51,205.5,0.00172,0.0,0.07427,0.00013,0.00158,0.0,264.6,55.2,97344;96418,
2026-08-14,2026-08-14T02:24:31,19,FPO,208576,Rebecca Don,962,11,1004.99,0.9998,0.9998,1.0,1.0,0.0,0.0,1224.6,11.8,96416;97344;96418;96419,
2026-08-14,2026-08-14T02:24:31,19,FPO,209432,Eden Fletcher,910,104,38.0,0.0,0.0,0.0,0.0,0.0,0.0,38.0,105.3,,
2026-08-14,2026-08-14T02:24:31,19,FPO,209462,Erika Apple,840,175,2.0,0.0,0.0,0.0,0.0,0.0,0.0,2.0,175.0,,
2026-08-14,2026-08-14T02:24:31,19,FPO,210287,Mara Neal,859,168,2.0,0.0,0.0,0.0,0.0,0.0,0.0,2.0,176.0,,
2026-08-14,2026-08-14T02:24:31,19,FPO,210972,Kristýna Jurčíková,968,40,331.0,0.23677,0.0005,0.99999,0.64427,0.21526,0.0,629.0,33.8,97344;96418,
2026-08-14,2026-08-14T02:24:31,19,FPO,214417,Fleur Verberk,907,198,0.0,0.0,0.0,0.0,0.0,0.0,0.0,2.8,184.3,97344,
2026-08-14,2026-08-14T02:24:31,19,FPO,215439,Sheliemae Lai,946,77,92.0,0.0,0.0,0.0,0.0,0.0,0.0,92.0,80.0,,
2026-08-14,2026-08-14T02:24:31,19,FPO,215495,Kelsey Martin,877,206,0.0,0.0,0.0,0.0,0.0,0.0,0.0,2.0,179.9,97344,
2026-08-14,2026-08-14T02:24:31,19,FPO,216558,Iida Lehtomäki,959,32,430.25,0.07617,0.0,1.0,0.37906,0.06959,0.0,547.0,37.3,97344;96418,
2026-08-14,2026-08-14T02:24:31,19,FPO,217892,Katie Tews,901,116,25.5,0.0,0.0,0.0,0.0,0.0,0.0,25.5,118.5,,
2026-08-14,2026-08-14T02:24:31,19,FPO,218760,Sarah Duran,869,145,11.0,0.0,0.0,0.0,0.0,0.0,0.0,11.0,147.0,,
2026-08-14,2026-08-14T02:24:31,19,FPO,218779,Amanda Brightwell,832,171,2.0,0.0,0.0,0.0,0.0,0.0,0.0,2.0,171.0,,
2026-08-14,2026-08-14T02:24:31,19,FPO,219693,Anna Damberga,872,126,21.0,0.0,0.0,0.0,0.0,0.0,0.0,21.0,128.9,,
2026-08-14,2026-08-14T02:24:31,19,FPO,221583,Evie Lou Ramey,901,190,0.0,0.0,0.0,0.0,0.0,0.0,0.0,0.0,210.0,,
2026-08-14,2026-08-14T02:24:31,19,FPO,222693,Tanisha Platero,876,162,2.0,0.0,0.0,0.0,0.0,0.0,0.0,2.0,164.0,,
2026-08-14,2026-08-14T02:24:31,19,FPO,222973,Martje Sumowski,913,110,33.0,0.0,0.0,0.0,0.0,0.0,0.0,33.0,111.6,,
2026-08-14,2026-08-14T02:24:31,19,FPO,223975,Laura Tatiana Niño Carranza,876,157,2.0,0.0,0.0,0.0,0.0,0.0,0.0,4.0,157.3,97344,
2026-08-14,2026-08-14T02:24:31,19,FPO,224238,Julia Fors,966,33,428.5,0.24379,0.0042,1.0,0.94019,0.22352,0.0,724.0,29.4,97344;96418,
2026-08-14,2026-08-14T02:24:31,19,FPO,225016,Naomi Suyat,880,186,0.0,0.0,0.0,0.0,0.0,0.0,0.0,0.0,199.0,,
2026-08-14,2026-08-14T02:24:31,19,FPO,227315,Sarah Wadsworth,912,134,18.0,0.0,0.0,0.0,0.0,0.0,0.0,18.0,135.3,,
2026-08-14,2026-08-14T02:24:31,19,FPO,228486,Stefani Ewell,866,146,10.0,0.0,0.0,0.0,0.0,0.0,0.0,10.0,148.0,,
2026-08-14,2026-08-14T02:24:31,19,FPO,229526,Sintija Klezberga,958,14,865.0,0.88802,0.88756,1.0,1.0,0.00045,0.0,1077.9,15.9,97344;96417;96418;96419,
2026-08-14,2026-08-14T02:24:31,19,FPO,231650,Tailey Rowley,913,62,145.0,0.0,0.0,6e-05,0.0,0.0,0.0,149.1,67.6,97344,
2026-08-14,2026-08-14T02:24:31,19,FPO,232666,Rebecka Hoppe,848,153,6.0,0.0,0.0,0.0,0.0,0.0,0.0,6.0,153.6,,
2026-08-14,2026-08-14T02:24:31,19,FPO,232722,Julia Hauch,917,203,0.0,0.0,0.0,0.0,0.0,0.0,0.0,5.3,174.3,97344,
2026-08-14,2026-08-14T02:24:31,19,FPO,235368,Madalyn Payton,896,177,0.0,0.0,0.0,0.0,0.0,0.0,0.0,0.0,206.0,,
2026-08-14,2026-08-14T02:24:31,19,FPO,238187,Ann Deputy,924,83,80.25,0.0,0.0,2e-05,0.0,0.0,0.0,89.9,82.3,97344,
2026-08-14,2026-08-14T02:24:31,19,FPO,240590,Amelia Saechao,877,119,24.0,0.0,0.0,0.0,0.0,0.0,0.0,24.0,120.1,,
2026-08-14,2026-08-14T02:24:31,19,FPO,242116,Eva Lutsenko,931,123,21.75,0.0,0.0,0.0,0.0,0.0,0.0,21.8,127.7,,
2026-08-14,2026-08-14T02:24:31,19,FPO,242331,Ida Kennmark,876,141,13.5,0.0,0.0,0.0,0.0,0.0,0.0,13.5,143.4,,
2026-08-14,2026-08-14T02:24:31,19,FPO,245180,Chelsea Sutton,854,172,2.0,0.0,0.0,0.0,0.0,0.0,0.0,2.0,172.0,,
2026-08-14,2026-08-14T02:24:31,19,FPO,245306,Netta Leppäaho,948,73,105.75,0.0,0.0,0.0,0.0,0.0,0.0,105.8,77.2,,
2026-08-14,2026-08-14T02:24:31,19,FPO,245317,Sophi Stephenson,862,143,12.0,0.0,0.0,0.0,0.0,0.0,0.0,12.0,144.9,,
2026-08-14,2026-08-14T02:24:31,19,FPO,254333,Jess Zilch,875,129,19.5,0.0,0.0,0.0,0.0,0.0,0.0,19.5,131.5,,
2026-08-14,2026-08-14T02:24:31,19,FPO,255962,Samantha Zaborowski,901,210,0.0,0.0,0.0,0.0,0.0,0.0,0.0,2.3,193.0,97344,
2026-08-14,2026-08-14T02:24:31,19,FPO,256846,Lea Tomas,889,207,0.0,0.0,0.0,0.0,0.0,0.0,0.0,2.0,196.8,97344,
2026-08-14,2026-08-14T02:24:31,19,FPO,259972,Marion Mattsson,862,144,11.25,0.0,0.0,0.0,0.0,0.0,0.0,11.2,146.0,,
2026-08-14,2026-08-14T02:24:31,19,FPO,261058,Jessica Erickson,891,95,49.0,0.0,0.0,0.0,0.0,0.0,0.0,49.0,96.1,,
2026-08-14,2026-08-14T02:24:31,19,FPO,261216,Victoria Christensen,864,136,17.25,0.0,0.0,0.0,0.0,0.0,0.0,17.2,137.8,,
2026-08-14,2026-08-14T02:24:31,19,FPO,268900,Natalie Berg,883,128,19.5,0.0,0.0,0.0,0.0,0.0,0.0,19.5,130.5,,
2026-08-14,2026-08-14T02:24:31,19,FPO,269838,Daisy Kelly,882,185,0.0,0.0,0.0,0.0,0.0,0.0,0.0,0.0,198.0,,
2026-08-14,2026-08-14T02:24:31,19,FPO,277832,Chandler Reigh,939,26,544.25,0.01473,3e-05,1.0,0.99858,0.0137,0.0,677.4,31.8,96416;97344;96417;96418,
2026-08-14,2026-08-14T02:24:31,19,FPO,278450,Brit Hamburg-Kiin,860,113,28.5,0.0,0.0,0.0,0.0,0.0,0.0,28.5,115.3,,
2026-08-14,2026-08-14T02:24:31,19,FPO,279466,Gry Nagel,807,133,18.0,0.0,0.0,0.0,0.0,0.0,0.0,18.0,134.3,,
2026-08-14,2026-08-14T02:24:31,19,FPO,281626,Una Lokmane,885,112,28.5,0.0,0.0,0.0,0.0,0.0,0.0,28.5,114.3,,
2026-08-14,2026-08-14T02:24:31,19,FPO,284553,Katherine Aydelott,872,151,6.0,0.0,0.0,0.0,0.0,0.0,0.0,6.0,154.5,,
2026-08-14,2026-08-14T02:24:31,19,FPO,286978,Michelle Southworth,805,170,2.0,0.0,0.0,0.0,0.0,0.0,0.0,2.0,170.0,,
2026-08-14,2026-08-14T02:24:31,19,FPO,288014,Jordan Coomes,840,130,18.0,0.0,0.0,0.0,0.0,0.0,0.0,18.0,136.3,,
2026-08-14,2026-08-14T02:24:31,19,FPO,297287,Marta Villa,860,167,2.0,0.0,0.0,0.0,0.0,0.0,0.0,2.0,167.0,,
2026-08-14,2026-08-14T02:24:31,19,FPO,302765,Grace Wilson,891,199,0.0,0.0,0.0,0.0,0.0,0.0,0.0,2.0,186.1,97344,
2026-08-14,2026-08-14T02:24:31,19,FPO,308525,Saga Dahlstedt,924,67,127.5,0.0,0.0,0.0,0.0,0.0,0.0,127.5,73.1,,
2026-08-14,2026-08-14T02:24:31,19,FPO,311218,Mina Alme,918,107,35.25,0.0,0.0,0.0,0.0,0.0,0.0,35.2,109.0,,
2026-08-15,2026-08-15T00:26:18,19,FPO,3024,Chris O'Cleary,914,195,0.0,0.0,0.0,0.0,0.0,0.0,0.0,4.2,183.5,97344,
2026-08-15,2026-08-15T00:26:18,19,FPO,3090,Elaine King,892,196,0.0,0.0,0.0,0.0,0.0,0.0,0.0,2.0,187.8,97344,
2026-08-15,2026-08-15T00:26:18,19,FPO,8803,Ruth Steele,867,165,2.0,0.0,0.0,0.0,0.0,0.0,0.0,2.0,165.0,,
2026-08-15,2026-08-15T00:26:18,19,FPO,15354,Jennifer Allen,966,42,313.0,0.18376,8e-05,0.99975,0.49002,0.16694,0.0,585.3,35.7,97344;96418,
2026-08-15,2026-08-15T00:26:18,19,FPO,27832,Kona Star Montgomery,950,23,638.75,0.10263,0.06001,1.0,1.0,0.03891,0.0,878.7,22.7,96416;97344;96417;96418;96419,
2026-08-15,2026-08-15T00:26:18,19,FPO,29190,Paige Pierce,963,18,796.67,0.87051,0.86808,1.0,1.0,0.00243,0.0,1089.1,15.7,96416;97344;96418;96419,
2026-08-15,2026-08-15T00:26:18,19,FPO,29947,Stephanie Vincent,927,115,28.0,0.0,0.0,0.0,0.0,0.0,0.0,28.0,117.8,,
2026-08-15,2026-08-15T00:26:18,19,FPO,31041,Sheila Teves,883,183,0.0,0.0,0.0,0.0,0.0,0.0,0.0,0.0,207.0,,
2026-08-15,2026-08-15T00:26:18,19,FPO,32654,Lisa Fajkus,959,21,671.33,0.4068,0.36151,1.0,1.0,0.04033,0.0,976.2,19.4,97344;96417;96418;96419,
2026-08-15,2026-08-15T00:26:18,19,FPO,32917,Rebecca Cox,949,29,502.5,0.05616,0.00551,1.0,0.99988,0.0462,0.0,766.6,27.3,96416;97344;96417;96418;96419,
2026-08-15,2026-08-15T00:26:18,19,FPO,32925,Lindsay Fish,888,158,2.0,0.0,0.0,0.0,0.0,0.0,0.0,2.0,162.8,,
2026-08-15,2026-08-15T00:26:18,19,FPO,34563,Sarah Hokom,947,56,163.75,0.01443,0.0,0.65636,0.01933,0.0101,0.0,369.1,47.6,96416;97344;96417;96418,
2026-08-15,2026-08-15T00:26:18,19,FPO,35321,Sofie Björlycke,936,81,83.25,0.0,0.0,0.0,0.0,0.0,0.0,83.2,83.2,,
2026-08-15,2026-08-15T00:26:18,19,FPO,35774,Camilla Jernberg,873,150,7.5,0.0,0.0,0.0,0.0,0.0,0.0,7.5,152.1,,
2026-08-15,2026-08-15T00:26:18,19,FPO,36307,Amanda Branch,887,192,0.0,0.0,0.0,0.0,0.0,0.0,0.0,2.0,177.9,97344,
2026-08-15,2026-08-15T00:26:18,19,FPO,39504,Zoe AnDyke,930,85,77.0,0.0,0.0,0.0,0.0,0.0,0.0,77.0,86.7,,
2026-08-15,2026-08-15T00:26:18,19,FPO,43995,Taylor Foth,900,181,0.0,0.0,0.0,0.0,0.0,0.0,0.0,0.0,204.0,,
2026-08-15,2026-08-15T00:26:18,19,FPO,44184,Catrina Allen,968,7,1170.25,1.0,1.0,1.0,1.0,0.0,0.0,1452.6,7.7,96416;97344;96417;96418;96419,
2026-08-15,2026-08-15T00:26:18,19,FPO,45407,Brittney Armentrout,860,161,2.0,0.0,0.0,0.0,0.0,0.0,0.0,2.0,162.0,,
2026-08-15,2026-08-15T00:26:18,19,FPO,48199,Alison Blakeman,866,188,0.0,0.0,0.0,0.0,0.0,0.0,0.0,0.0,200.0,,
2026-08-15,2026-08-15T00:26:18,19,FPO,48976,Ohn Scoggins,989,3,1673.33,1.0,1.0,1.0,1.0,0.0,0.53074,2163.5,1.6,96416;97344;96417;96418;96419,
2026-08-15,2026-08-15T00:26:18,19,FPO,50656,Jessica Gurthie,956,17,800.5,1.0,0.66458,1.0,1.0,0.00555,0.0,1037.8,17.3,97344;96417;96418;96419,
2026-08-15,2026-08-15T00:26:18,19,FPO,51277,Holly Finley,937,46,265.0,0.00202,0.0,0.91883,0.00644,0.0013,0.0,357.3,48.1,97344;96417;96418,
2026-08-15,2026-08-15T00:26:18,19,FPO,58303,Sai Ananda,959,75,102.0,0.03249,0.0,0.04282,0.00177,0.02804,0.0,236.6,59.8,97344,
2026-08-15,2026-08-15T00:26:18,19,FPO,59227,Henna Blomroos,968,9,1036.67,1.0,0.99998,1.0,1.0,0.0,0.0,1251.5,11.1,97344;96418;96419,
2026-08-15,2026-08-15T00:26:18,19,FPO,59431,Madison Walker,953,22,652.83,0.09968,0.03146,1.0,1.0,0.06153,0.0,854.2,23.6,96416;97344;96417;96418;96419,
2026-08-15,2026-08-15T00:26:18,19,FPO,60798,Madison Tomaino,923,80,83.5,0.0,0.0,0.0,0.0,0.0,0.0,114.6,75.4,96416,
2026-08-15,2026-08-15T00:26:18,19,FPO,61144,Emily Beach,901,178,0.0,0.0,0.0,0.0,0.0,0.0,0.0,0.0,205.0,,
2026-08-15,2026-08-15T00:26:18,19,FPO,61990,Katka Boďová,916,97,48.0,0.0,0.0,0.0,0.0,0.0,0.0,48.0,98.1,,
2026-08-15,2026-08-15T00:26:18,19,FPO,62879,Valerie Mandujano,972,12,985.66,1.0,1.0,1.0,1.0,0.0,0.0,1385.1,8.6,96416;97344;96417;96418;96419,
2026-08-15,2026-08-15T00:26:18,19,FPO,62880,Alexis Mandujano,960,30,480.5,0.19674,0.06343,1.0,0.99997,0.11655,0.0,854.4,23.8,96416;97344;96417;96418;96419,
2026-08-15,2026-08-15T00:26:18,19,FPO,63257,Maria Oliva,920,47,246.0,1e-05,0.0,0.90397,0.00014,1e-05,0.0,323.0,50.7,96416;97344;96417;96418,
2026-08-15,2026-08-15T00:26:18,19,FPO,64927,Eveliina Salonen,988,6,1364.67,1.0,1.0,1.0,1.0,0.0,1e-05,1727.0,5.6,97344;96418;96419,
2026-08-15,2026-08-15T00:26:18,19,FPO,65489,Lauren Butler,912,55,166.58,1e-05,0.0,0.00045,0.0,0.0,0.0,191.5,60.9,97344;96417,
2026-08-15,2026-08-15T00:26:18,19,FPO,66063,Ashlee Johnson,860,182,0.0,0.0,0.0,0.0,0.0,0.0,0.0,0.0,203.0,,
2026-08-15,2026-08-15T00:26:18,19,FPO,66599,Heidi Laine,963,10,1015.75,0.99994,0.99994,1.0,1.0,0.0,0.0,1235.1,11.5,96416;97344;96418;96419,
2026-08-15,2026-08-15T00:26:18,19,FPO,69584,Danielle Weigandt,853,164,2.0,0.0,0.0,0.0,0.0,0.0,0.0,2.0,168.0,,
2026-08-15,2026-08-15T00:26:18,19,FPO,71262,Erika Stinchcomb,922,44,288.75,2e-05,0.0,0.98735,0.0003,1e-05,0.0,337.4,49.3,96416;97344;96417;96418,
2026-08-15,2026-08-15T00:26:18,19,FPO,72635,Kersti Miller,890,108,34.5,0.0,0.0,0.0,0.0,0.0,0.0,34.5,110.6,,
2026-08-15,2026-08-15T00:26:18,19,FPO,74708,Casey Pennington,903,102,39.5,0.0,0.0,0.0,0.0,0.0,0.0,39.5,103.9,,
2026-08-15,2026-08-15T00:26:18,19,FPO,75029,Cynthia Ricciotti,923,65,132.08,3e-05,0.0,0.00728,0.0,1e-05,0.0,205.8,59.9,96416;97344;96417,
2026-08-15,2026-08-15T00:26:18,19,FPO,76009,Virginia Polkinghorne,885,189,0.0,0.0,0.0,0.0,0.0,0.0,0.0,0.0,209.0,,
2026-08-15,2026-08-15T00:26:18,19,FPO,77385,Matilda Ringbom,947,45,274.0,0.00975,0.0,0.08287,0.00043,0.00913,0.0,329.6,50.5,96418,
2026-08-15,2026-08-15T00:26:18,19,FPO,78232,Tiger Borth,899,125,21.0,0.0,0.0,0.0,0.0,0.0,0.0,23.2,124.3,97344,
2026-08-15,2026-08-15T00:26:18,19,FPO,79233,Cadence Burge,966,57,162.75,0.21468,0.00019,0.97752,0.42905,0.16596,0.0,571.2,36.4,96416;97344;96417;96418,
2026-08-15,2026-08-15T00:26:18,19,FPO,80935,Lindsey Maas,905,93,50.25,0.0,0.0,0.0,0.0,0.0,0.0,52.8,93.1,97344,
2026-08-15,2026-08-15T00:26:18,19,FPO,82809,Alex von Stade,893,122,22.0,0.0,0.0,0.0,0.0,0.0,0.0,22.0,126.1,,
2026-08-15,2026-08-15T00:26:18,19,FPO,83376,Cassandra Lioi,890,149,8.0,0.0,0.0,0.0,0.0,0.0,0.0,8.0,151.1,,
2026-08-15,2026-08-15T00:26:18,19,FPO,84279,Kaidi Allsalu,953,52,203.62,0.02778,0.0,0.0,0.0,0.02639,0.0,281.6,53.8,,
2026-08-15,2026-08-15T00:26:18,19,FPO,85189,Samantha Bonacci,870,137,16.5,0.0,0.0,0.0,0.0,0.0,0.0,16.5,139.4,,
2026-08-15,2026-08-15T00:26:18,19,FPO,85484,Anneli Tõugjas-Männiste,959,24,554.0,0.15756,0.01586,1.0,0.99999,0.12239,0.0,801.4,25.8,97344;96417;96418;96419,
2026-08-15,2026-08-15T00:26:18,19,FPO,85942,Missy Gannon,986,4,1518.66,1.0,1.0,1.0,1.0,0.0,0.0052,1891.6,4.1,96416;97344;96417;96418;96419,
2026-08-15,2026-08-15T00:26:18,19,FPO,87094,Rose Shertick,921,209,0.0,0.0,0.0,0.0,0.0,0.0,0.0,7.4,179.0,97344,
2026-08-15,2026-08-15T00:26:18,19,FPO,87443,Andrea Cammack,878,163,2.0,0.0,0.0,0.0,0.0,0.0,0.0,2.0,163.0,,
2026-08-15,2026-08-15T00:26:18,19,FPO,94085,Keiti Tätte,953,54,184.12,0.0067,0.0,0.0,0.0,0.00632,0.0,203.2,60.3,,
2026-08-15,2026-08-15T00:26:18,19,FPO,96090,Sonja Laine,905,106,36.0,0.0,0.0,0.0,0.0,0.0,0.0,36.0,108.5,,
2026-08-15,2026-08-15T00:26:18,19,FPO,96480,Tori Pasquin,831,174,2.0,0.0,0.0,0.0,0.0,0.0,0.0,2.0,174.0,,
2026-08-15,2026-08-15T00:26:18,19,FPO,97238,Jannicke Hjemli,875,147,9.75,0.0,0.0,0.0,0.0,0.0,0.0,9.8,149.0,,
2026-08-15,2026-08-15T00:26:18,19,FPO,99441,Lykke Lorentzen,921,96,48.0,0.0,0.0,0.0,0.0,0.0,0.0,48.0,97.9,,
2026-08-15,2026-08-15T00:26:18,19,FPO,99455,Kat Mertsch,965,8,1100.67,1.0,1.0,1.0,1.0,0.0,0.0,1359.4,8.9,96416;97344;96417;96418;96419,
2026-08-15,2026-08-15T00:26:18,19,FPO,101949,Ratana McMahon,885,66,129.75,0.0,0.0,0.0,0.0,0.0,0.0,129.8,71.7,,
2026-08-15,2026-08-15T00:26:18,19,FPO,102024,Danielle Keen,896,180,0.0,0.0,0.0,0.0,0.0,0.0,0.0,0.0,201.0,,
2026-08-15,2026-08-15T00:26:18,19,FPO,103743,Karen Martel,923,139,15.0,0.0,0.0,0.0,0.0,0.0,0.0,23.9,130.4,97344,
2026-08-15,2026-08-15T00:26:18,19,FPO,104187,Macie Velediaz,952,43,294.67,0.03671,0.0,0.99993,0.23557,0.02796,0.0,494.7,39.9,97344;96417;96418,
2026-08-15,2026-08-15T00:26:18,19,FPO,104314,Violet Main,940,41,317.0,0.00337,0.0,0.99998,0.01815,0.00217,0.0,400.8,45.0,97344;96417;96418,
2026-08-15,2026-08-15T00:26:18,19,FPO,104814,Ellie Bryant,895,114,28.25,0.0,0.0,0.0,0.0,0.0,0.0,28.2,116.8,,
2026-08-15,2026-08-15T00:26:18,19,FPO,105126,Aria Castruita,943,98,46.5,0.0,0.0,0.0,0.0,0.0,0.0,46.5,99.5,,
2026-08-15,2026-08-15T00:26:18,19,FPO,106489,Anna Pinter,875,124,21.75,0.0,0.0,0.0,0.0,0.0,0.0,21.8,127.1,,
2026-08-15,2026-08-15T00:26:18,19,FPO,107297,Maria Liivamägi,857,118,24.0,0.0,0.0,0.0,0.0,0.0,0.0,24.0,122.1,,
2026-08-15,2026-08-15T00:26:18,19,FPO,107335,Silva Saarinen,991,2,1695.17,1.0,1.0,1.0,1.0,0.0,0.33643,2127.2,1.9,96416;97344;96418;96419,
2026-08-15,2026-08-15T00:26:18,19,FPO,108871,Brook Johnson,905,117,24.0,0.0,0.0,0.0,0.0,0.0,0.0,24.0,120.5,,
2026-08-15,2026-08-15T00:26:18,19,FPO,109337,Cathy Kuhn,856,179,0.0,0.0,0.0,0.0,0.0,0.0,0.0,0.0,202.0,,
2026-08-15,2026-08-15T00:26:18,19,FPO,109996,Anniken Kristiansen Steen,966,20,700.29,0.32341,0.1814,1.0,1.0,0.13902,0.0,928.2,21.0,97344;96418;96419,
2026-08-15,2026-08-15T00:26:18,19,FPO,111487,Emily Weatherman,960,13,932.33,0.99608,0.99607,1.0,1.0,1e-05,0.0,1194.7,12.6,96416;97344;96417;96418;96419,
2026-08-15,2026-08-15T00:26:18,19,FPO,112647,Hanna Huynh,961,19,776.83,0.91638,0.91523,1.0,1.0,0.00109,0.0,1117.6,14.8,96416;97344;96417;96418;96419,
2026-08-15,2026-08-15T00:26:18,19,FPO,115503,Olivia Kindstedt,949,53,189.0,0.01384,0.0,0.14974,0.00235,0.01256,0.0,304.1,52.3,97344,
2026-08-15,2026-08-15T00:26:18,19,FPO,116694,Kristi Unt,925,99,45.0,0.0,0.0,0.0,0.0,0.0,0.0,45.0,100.7,,
2026-08-15,2026-08-15T00:26:18,19,FPO,120770,Jami Gust,884,202,0.0,0.0,0.0,0.0,0.0,0.0,0.0,2.0,182.6,97344,
2026-08-15,2026-08-15T00:26:18,19,FPO,121554,Elina Rydberg,901,120,23.25,0.0,0.0,0.0,0.0,0.0,0.0,23.2,123.1,,
2026-08-15,2026-08-15T00:26:18,19,FPO,124064,Shelby Cowen,917,58,158.25,0.0,0.0,1e-05,0.0,0.0,0.0,181.1,62.7,96417,
2026-08-15,2026-08-15T00:26:18,19,FPO,126226,Kati Chachere,828,173,2.0,0.0,0.0,0.0,0.0,0.0,0.0,2.0,173.0,,
2026-08-15,2026-08-15T00:26:18,19,FPO,128395,Michelle Saggboy,891,159,2.0,0.0,0.0,0.0,0.0,0.0,0.0,2.0,171.5,,
2026-08-15,2026-08-15T00:26:18,19,FPO,128532,Maarja Soasepp,905,100,42.0,0.0,0.0,0.0,0.0,0.0,0.0,42.0,102.6,,
2026-08-15,2026-08-15T00:26:18,19,FPO,130187,Kat Johnson,915,204,0.0,0.0,0.0,0.0,0.0,0.0,0.0,4.6,175.0,97344,
2026-08-15,2026-08-15T00:26:18,19,FPO,130342,Chantel Budinsky,956,64,136.5,0.05632,0.0,0.37175,0.01822,0.04019,0.0,364.0,48.2,97344;96417,
2026-08-15,2026-08-15T00:26:18,19,FPO,130822,Hannah Manis,932,200,0.0,0.0,0.0,0.0,0.0,0.0,0.0,18.6,154.1,97344,
2026-08-15,2026-08-15T00:26:18,19,FPO,131583,Hannah Lengel,953,87,66.0,0.00741,0.0,0.0,0.0,0.00046,0.0,124.3,73.7,96417,
2026-08-15,2026-08-15T00:26:18,19,FPO,132291,Ashley Phelps,907,121,23.0,0.0,0.0,0.0,0.0,0.0,0.0,23.0,124.6,,
2026-08-15,2026-08-15T00:26:18,19,FPO,132627,Jenn Cazanov-Diggs,904,156,2.0,0.0,0.0,0.0,0.0,0.0,0.0,2.0,158.8,,
2026-08-15,2026-08-15T00:26:18,19,FPO,133547,Holyn Handley,984,1,1713.67,1.0,1.0,1.0,1.0,0.0,0.12748,2057.7,2.6,96416;97344;96418;96419,
2026-08-15,2026-08-15T00:26:18,19,FPO,133701,Nathalie Ortiz,908,88,64.25,0.0,0.0,0.0,0.0,0.0,0.0,64.2,89.0,,
2026-08-15,2026-08-15T00:26:18,19,FPO,135383,Emma Arp,907,154,5.0,0.0,0.0,0.0,0.0,0.0,0.0,5.0,156.2,,
2026-08-15,2026-08-15T00:26:18,19,FPO,138272,Raven Klein,942,27,535.0,0.0229,0.00065,1.0,0.99977,0.02055,0.0,716.6,29.6,96416;97344;96417;96418;96419,
2026-08-15,2026-08-15T00:26:18,19,FPO,139109,Leah Tsinajinnie,926,69,116.0,1e-05,0.0,0.00133,0.0,0.0,0.0,161.7,65.8,96416;97344,
2026-08-15,2026-08-15T00:26:18,19,FPO,139387,Hanna Jansson,906,94,50.25,0.0,0.0,0.0,0.0,0.0,0.0,50.2,95.3,,
2026-08-15,2026-08-15T00:26:18,19,FPO,139738,Megan Dophal,908,208,0.0,0.0,0.0,0.0,0.0,0.0,0.0,2.9,192.3,97344,
2026-08-15,2026-08-15T00:26:18,19,FPO,140660,María Eldey Kristínardóttir,923,78,91.5,0.0,0.0,0.0,0.0,0.0,0.0,91.5,81.2,,
2026-08-15,2026-08-15T00:26:18,19,FPO,140947,Nina Bennett,949,68,126.5,0.01667,0.0,0.13793,0.00225,0.01113,0.0,282.6,54.3,97344;96417,
2026-08-15,2026-08-15T00:26:18,19,FPO,142259,Katheryn Maloney,901,205,0.0,0.0,0.0,0.0,0.0,0.0,0.0,2.3,179.2,97344,
2026-08-15,2026-08-15T00:26:18,19,FPO,142354,Alexis Kerman,926,49,233.75,0.00011,0.0,0.52415,0.00018,8e-05,0.0,306.1,52.2,96416;97344;96417;96418,
2026-08-15,2026-08-15T00:26:18,19,FPO,143423,Ember Simonis,916,197,0.0,0.0,0.0,0.0,0.0,0.0,0.0,4.9,180.0,97344,
2026-08-15,2026-08-15T00:26:18,19,FPO,143720,Jessica Kinard,906,191,0.0,0.0,0.0,0.0,0.0,0.0,0.0,19.9,132.2,96416,
2026-08-15,2026-08-15T00:26:18,19,FPO,144112,Ella Hansen,977,5,1508.58,1.0,1.0,1.0,1.0,0.0,0.00014,1784.2,5.1,96416;97344;96418;96419,
2026-08-15,2026-08-15T00:26:18,19,FPO,144791,Emily Yale,898,76,98.0,0.0,0.0,0.0,0.0,0.0,0.0,121.3,73.8,96416;97344,
2026-08-15,2026-08-15T00:26:18,19,FPO,146137,Dani K. Hart,947,28,525.75,0.04296,0.00038,1.0,0.99979,0.03874,0.0,717.2,29.6,96416;97344;96417;96418;96419,
2026-08-15,2026-08-15T00:26:18,19,FPO,146304,MJ Gager,948,37,392.58,0.02246,0.0,1.0,0.33114,0.01788,0.0,520.0,38.3,97344;96417;96418,
2026-08-15,2026-08-15T00:26:18,19,FPO,147050,Ali Smith,946,72,112.5,0.0,0.0,0.0,0.0,0.0,0.0,112.5,75.7,,
2026-08-15,2026-08-15T00:26:18,19,FPO,147393,Sadie Shattuck,866,138,16.0,0.0,0.0,0.0,0.0,0.0,0.0,16.0,140.4,,
2026-08-15,2026-08-15T00:26:18,19,FPO,149548,VicToria Scott,889,211,0.0,0.0,0.0,0.0,0.0,0.0,0.0,2.0,194.9,97344,
2026-08-15,2026-08-15T00:26:18,19,FPO,149803,Candyce Boyce,894,109,33.0,0.0,0.0,0.0,0.0,0.0,0.0,33.0,112.2,,
2026-08-15,2026-08-15T00:26:18,19,FPO,150057,Hailey Huber,939,63,141.0,0.0,0.0,0.0,0.0,0.0,0.0,141.0,69.6,,
2026-08-15,2026-08-15T00:26:18,19,FPO,151072,Jennifer Rice,895,132,18.0,0.0,0.0,0.0,0.0,0.0,0.0,18.0,133.3,,
2026-08-15,2026-08-15T00:26:18,19,FPO,152191,Kelley Foster,936,34,412.5,0.00452,0.0,1.0,0.39853,0.00394,0.0,524.8,37.8,96416;96417;96418,
2026-08-15,2026-08-15T00:26:18,19,FPO,154098,Ariel Walker,927,101,40.25,1e-05,0.0,1e-05,0.0,0.0,0.0,52.5,97.2,97344,
2026-08-15,2026-08-15T00:26:18,19,FPO,155026,Amanda Lennartsson,942,35,409.0,0.00373,0.0,1.0,0.04907,0.00341,0.0,449.1,42.0,96418,
2026-08-15,2026-08-15T00:26:18,19,FPO,156259,Ella Tejler,901,86,73.5,0.0,0.0,0.0,0.0,0.0,0.0,73.5,87.8,,
2026-08-15,2026-08-15T00:26:18,19,FPO,156781,Audrey Wicklander,894,193,0.0,0.0,0.0,0.0,0.0,0.0,0.0,2.1,190.0,97344,
2026-08-15,2026-08-15T00:26:18,19,FPO,157471,Nid Ovathanasin,933,135,17.67,0.00029,0.0,8e-05,0.0,0.0,0.0,71.3,90.0,97344;96417,
2026-08-15,2026-08-15T00:26:18,19,FPO,158385,Destyne Martinez,868,155,2.0,0.0,0.0,0.0,0.0,0.0,0.0,2.0,185.7,,
2026-08-15,2026-08-15T00:26:18,19,FPO,158461,Shiru Liu,907,89,63.5,0.0,0.0,0.0,0.0,0.0,0.0,63.5,90.0,,
2026-08-15,2026-08-15T00:26:18,19,FPO,160103,Jacquelyn DeLude,877,201,0.0,0.0,0.0,0.0,0.0,0.0,0.0,2.0,183.6,97344,
2026-08-15,2026-08-15T00:26:18,19,FPO,161231,Sarah May,855,169,2.0,0.0,0.0,0.0,0.0,0.0,0.0,2.0,169.0,,
2026-08-15,2026-08-15T00:26:18,19,FPO,161918,Addison Woodard,956,38,380.08,0.11508,0.00696,1.0,0.99137,0.09411,0.0,753.5,28.0,96416;97344;96417;96418,
2026-08-15,2026-08-15T00:26:18,19,FPO,162735,Eden Fornoff,922,127,20.83,0.0,0.0,0.0,0.0,0.0,0.0,40.7,103.6,96416,
2026-08-15,2026-08-15T00:26:18,19,FPO,162896,Therese Cuevas,939,50,231.5,0.00211,0.0,0.20127,0.00061,0.00194,0.0,295.1,53.1,97344;96418,
2026-08-15,2026-08-15T00:26:18,19,FPO,164788,Alecia Hinkson,926,71,113.83,0.00011,0.0,0.00118,0.0,0.0,0.0,153.8,67.3,97344;96417,
2026-08-15,2026-08-15T00:26:18,19,FPO,165652,Ceci Vollbrecht,896,194,0.0,0.0,0.0,0.0,0.0,0.0,0.0,2.1,188.4,97344,
2026-08-15,2026-08-15T00:26:18,19,FPO,166082,Ashton Webberley,894,160,2.0,0.0,0.0,0.0,0.0,0.0,0.0,2.0,161.0,,
2026-08-15,2026-08-15T00:26:18,19,FPO,166749,Mackenzie Morris,896,148,9.0,0.0,0.0,0.0,0.0,0.0,0.0,9.0,150.0,,
2026-08-15,2026-08-15T00:26:18,19,FPO,167255,AK Kaestner,816,176,2.0,0.0,0.0,0.0,0.0,0.0,0.0,2.0,177.0,,
2026-08-15,2026-08-15T00:26:18,19,FPO,168863,Trinity Bryant,925,48,235.0,0.00015,0.0,0.86682,0.00048,9e-05,0.0,327.3,50.3,96416;97344;96417;96418,
2026-08-15,2026-08-15T00:26:18,19,FPO,170182,Rebecca Minnick,866,111,29.0,0.0,0.0,0.0,0.0,0.0,0.0,29.0,113.8,,
2026-08-15,2026-08-15T00:26:18,19,FPO,173601,Marie Kielas,917,92,51.0,0.0,0.0,0.0,0.0,0.0,0.0,51.0,94.3,,
2026-08-15,2026-08-15T00:26:18,19,FPO,176242,Morgan Lynds,934,70,115.75,0.00051,0.0,0.00773,0.0,0.0001,0.0,177.2,64.1,97344;96417,
2026-08-15,2026-08-15T00:26:18,19,FPO,176243,Jordan Lynds,942,61,145.25,0.00431,0.0,0.08767,0.00052,0.0025,0.0,256.5,56.1,97344;96417,
2026-08-15,2026-08-15T00:26:18,19,FPO,176481,Karissa Dedmon,921,90,59.0,0.0,0.0,0.0,0.0,0.0,0.0,66.4,89.4,97344,
2026-08-15,2026-08-15T00:26:18,19,FPO,178707,Joleigh Miller,938,74,102.0,0.0,0.0,0.0,0.0,0.0,0.0,102.0,78.7,,
2026-08-15,2026-08-15T00:26:18,19,FPO,178748,Kendyl Sullivan,873,166,2.0,0.0,0.0,0.0,0.0,0.0,0.0,2.0,166.0,,
2026-08-15,2026-08-15T00:26:18,19,FPO,179200,Jamie Williams,863,184,0.0,0.0,0.0,0.0,0.0,0.0,0.0,0.0,208.0,,
2026-08-15,2026-08-15T00:26:18,19,FPO,179873,Jenny Larsson,917,91,54.0,0.0,0.0,0.0,0.0,0.0,0.0,54.0,92.2,,
2026-08-15,2026-08-15T00:26:18,19,FPO,181772,Ida Emilie Nesse,945,31,442.0,0.02779,5e-05,1.0,0.9061,0.02727,0.0,633.7,33.5,96416;97344;96418,
2026-08-15,2026-08-15T00:26:18,19,FPO,182450,Kajsa Wahl,891,105,36.75,0.0,0.0,0.0,0.0,0.0,0.0,36.8,107.0,,
2026-08-15,2026-08-15T00:26:18,19,FPO,184609,Elva-Kate Preston,914,60,146.0,0.0,0.0,0.0001,0.0,0.0,0.0,150.3,66.8,97344,
2026-08-15,2026-08-15T00:26:18,19,FPO,184736,Jennifer Smiley,929,39,348.25,0.00033,0.0,1.0,0.03775,0.00019,0.0,438.7,42.5,96416;97344;96417;96418,
2026-08-15,2026-08-15T00:26:18,19,FPO,185057,Josefine Johansson,930,82,81.0,0.0,0.0,7e-05,0.0,0.0,0.0,96.8,80.5,97344,
2026-08-15,2026-08-15T00:26:18,19,FPO,185534,Sofia Donnecke,962,25,547.5,0.17822,0.00022,1.0,0.99675,0.17227,0.0,714.5,29.7,96418,
2026-08-15,2026-08-15T00:26:18,19,FPO,185627,Athena Cuevas,868,140,14.0,0.0,0.0,0.0,0.0,0.0,0.0,14.0,141.9,,
2026-08-15,2026-08-15T00:26:18,19,FPO,186277,Kassandra Fog Wichmann,871,152,6.0,0.0,0.0,0.0,0.0,0.0,0.0,6.0,154.2,,
2026-08-15,2026-08-15T00:26:18,19,FPO,186629,Sanne Dalseth,872,142,13.5,0.0,0.0,0.0,0.0,0.0,0.0,13.5,143.4,,
2026-08-15,2026-08-15T00:26:18,19,FPO,188837,JJ Sun,883,187,0.0,0.0,0.0,0.0,0.0,0.0,0.0,0.0,211.0,,
2026-08-15,2026-08-15T00:26:18,19,FPO,189702,Taylor Chocek,945,16,812.7,0.23042,0.22246,1.0,1.0,0.00796,0.0,962.3,19.8,96416;96418;96419,
2026-08-15,2026-08-15T00:26:18,19,FPO,193215,Lexi Marx,930,79,85.25,0.0,0.0,9e-05,0.0,0.0,0.0,101.1,79.0,97344,
2026-08-15,2026-08-15T00:26:18,19,FPO,195549,Kylie Kohut,940,36,403.0,0.00257,0.0,1.0,0.07803,0.00231,0.0,464.4,40.9,96416;96418,
2026-08-15,2026-08-15T00:26:18,19,FPO,195550,Peyton Kohut,921,59,150.5,0.0,0.0,1e-05,0.0,0.0,0.0,177.3,63.2,96416,
2026-08-15,2026-08-15T00:26:18,19,FPO,196237,Kaire Tekku,923,84,78.75,0.0,0.0,0.0,0.0,0.0,0.0,78.8,85.6,,
2026-08-15,2026-08-15T00:26:18,19,FPO,197689,Isabella Parker,874,131,18.0,0.0,0.0,0.0,0.0,0.0,0.0,18.0,134.0,,
2026-08-15,2026-08-15T00:26:18,19,FPO,198446,Eliezra Midtlyng,952,15,851.58,0.7242,0.72262,1.0,1.0,0.00148,0.0,1042.6,17.1,96416;97344;96417;96418;96419,
2026-08-15,2026-08-15T00:26:18,19,FPO,198721,Hannah Kellar,899,103,38.0,0.0,0.0,0.0,0.0,0.0,0.0,38.0,105.4,,
2026-08-15,2026-08-15T00:26:18,19,FPO,202571,Elizabete Pēkšena,938,51,205.5,0.00169,0.0,0.07288,0.00013,0.00155,0.0,264.6,55.2,97344;96418,
2026-08-15,2026-08-15T00:26:18,19,FPO,208576,Rebecca Don,962,11,1004.99,0.9998,0.9998,1.0,1.0,0.0,0.0,1224.5,11.8,96416;97344;96418;96419,
2026-08-15,2026-08-15T00:26:18,19,FPO,209432,Eden Fletcher,910,104,38.0,0.0,0.0,0.0,0.0,0.0,0.0,38.0,105.6,,
2026-08-15,2026-08-15T00:26:18,19,FPO,209462,Erika Apple,840,175,2.0,0.0,0.0,0.0,0.0,0.0,0.0,2.0,175.0,,
2026-08-15,2026-08-15T00:26:18,19,FPO,210287,Mara Neal,859,168,2.0,0.0,0.0,0.0,0.0,0.0,0.0,2.0,176.0,,
2026-08-15,2026-08-15T00:26:18,19,FPO,210972,Kristýna Jurčíková,968,40,331.0,0.23631,0.00045,1.0,0.65249,0.21474,0.0,629.3,33.6,97344;96418,
2026-08-15,2026-08-15T00:26:18,19,FPO,214417,Fleur Verberk,907,198,0.0,0.0,0.0,0.0,0.0,0.0,0.0,2.8,184.3,97344,
2026-08-15,2026-08-15T00:26:18,19,FPO,215439,Sheliemae Lai,946,77,92.0,0.0,0.0,0.0,0.0,0.0,0.0,92.0,80.2,,
2026-08-15,2026-08-15T00:26:18,19,FPO,215495,Kelsey Martin,877,206,0.0,0.0,0.0,0.0,0.0,0.0,0.0,2.0,179.9,97344,
2026-08-15,2026-08-15T00:26:18,19,FPO,216558,Iida Lehtomäki,959,32,430.25,0.07603,0.0,1.0,0.39099,0.06944,0.0,547.3,37.2,97344;96418,
2026-08-15,2026-08-15T00:26:18,19,FPO,217892,Katie Tews,901,116,25.5,0.0,0.0,0.0,0.0,0.0,0.0,25.5,118.9,,
2026-08-15,2026-08-15T00:26:18,19,FPO,218760,Sarah Duran,869,145,11.0,0.0,0.0,0.0,0.0,0.0,0.0,11.0,147.0,,
2026-08-15,2026-08-15T00:26:18,19,FPO,218779,Amanda Brightwell,832,171,2.0,0.0,0.0,0.0,0.0,0.0,0.0,2.0,171.0,,
2026-08-15,2026-08-15T00:26:18,19,FPO,219693,Anna Damberga,872,126,21.0,0.0,0.0,0.0,0.0,0.0,0.0,21.0,129.2,,
2026-08-15,2026-08-15T00:26:18,19,FPO,221583,Evie Lou Ramey,901,190,0.0,0.0,0.0,0.0,0.0,0.0,0.0,0.0,210.0,,
2026-08-15,2026-08-15T00:26:18,19,FPO,222693,Tanisha Platero,876,162,2.0,0.0,0.0,0.0,0.0,0.0,0.0,2.0,164.0,,
2026-08-15,2026-08-15T00:26:18,19,FPO,222973,Martje Sumowski,913,110,33.0,0.0,0.0,0.0,0.0,0.0,0.0,33.0,112.0,,
2026-08-15,2026-08-15T00:26:18,19,FPO,223975,Laura Tatiana Niño Carranza,876,157,2.0,0.0,0.0,0.0,0.0,0.0,0.0,4.0,157.3,97344,
2026-08-15,2026-08-15T00:26:18,19,FPO,224238,Julia Fors,966,33,428.5,0.24271,0.00393,1.0,0.94371,0.22268,0.0,724.2,29.3,97344;96418,
2026-08-15,2026-08-15T00:26:18,19,FPO,225016,Naomi Suyat,880,186,0.0,0.0,0.0,0.0,0.0,0.0,0.0,0.0,199.0,,
2026-08-15,2026-08-15T00:26:18,19,FPO,227315,Sarah Wadsworth,912,134,18.0,0.0,0.0,0.0,0.0,0.0,0.0,18.0,135.3,,
2026-08-15,2026-08-15T00:26:18,19,FPO,228486,Stefani Ewell,866,146,10.0,0.0,0.0,0.0,0.0,0.0,0.0,10.0,148.0,,
2026-08-15,2026-08-15T00:26:18,19,FPO,229526,Sintija Klezberga,958,14,865.0,0.87971,0.87913,1.0,1.0,0.00057,0.0,1078.2,16.0,97344;96417;96418;96419,
2026-08-15,2026-08-15T00:26:18,19,FPO,231650,Tailey Rowley,913,62,145.0,0.0,0.0,5e-05,0.0,0.0,0.0,149.1,67.7,97344,
2026-08-15,2026-08-15T00:26:18,19,FPO,232666,Rebecka Hoppe,848,153,6.0,0.0,0.0,0.0,0.0,0.0,0.0,6.0,153.6,,
2026-08-15,2026-08-15T00:26:18,19,FPO,232722,Julia Hauch,917,203,0.0,0.0,0.0,0.0,0.0,0.0,0.0,5.3,174.3,97344,
2026-08-15,2026-08-15T00:26:18,19,FPO,235368,Madalyn Payton,896,177,0.0,0.0,0.0,0.0,0.0,0.0,0.0,0.0,206.0,,
2026-08-15,2026-08-15T00:26:18,19,FPO,238187,Ann Deputy,924,83,80.25,0.0,0.0,2e-05,0.0,0.0,0.0,89.9,82.5,97344,
2026-08-15,2026-08-15T00:26:18,19,FPO,240590,Amelia Saechao,877,119,24.0,0.0,0.0,0.0,0.0,0.0,0.0,24.0,120.5,,
2026-08-15,2026-08-15T00:26:18,19,FPO,242116,Eva Lutsenko,931,123,21.75,0.0,0.0,0.0,0.0,0.0,0.0,21.8,128.1,,
2026-08-15,2026-08-15T00:26:18,19,FPO,242331,Ida Kennmark,876,141,13.5,0.0,0.0,0.0,0.0,0.0,0.0,13.5,143.4,,
2026-08-15,2026-08-15T00:26:18,19,FPO,245180,Chelsea Sutton,854,172,2.0,0.0,0.0,0.0,0.0,0.0,0.0,2.0,172.0,,
2026-08-15,2026-08-15T00:26:18,19,FPO,245306,Netta Leppäaho,948,73,105.75,0.0,0.0,0.0,0.0,0.0,0.0,105.8,77.3,,
2026-08-15,2026-08-15T00:26:18,19,FPO,245317,Sophi Stephenson,862,143,12.0,0.0,0.0,0.0,0.0,0.0,0.0,12.0,144.9,,
2026-08-15,2026-08-15T00:26:18,19,FPO,254333,Jess Zilch,875,129,19.5,0.0,0.0,0.0,0.0,0.0,0.0,19.5,131.3,,
2026-08-15,2026-08-15T00:26:18,19,FPO,255962,Samantha Zaborowski,901,210,0.0,0.0,0.0,0.0,0.0,0.0,0.0,2.3,193.0,97344,
2026-08-15,2026-08-15T00:26:18,19,FPO,256846,Lea Tomas,889,207,0.0,0.0,0.0,0.0,0.0,0.0,0.0,2.0,196.8,97344,
2026-08-15,2026-08-15T00:26:18,19,FPO,259972,Marion Mattsson,862,144,11.25,0.0,0.0,0.0,0.0,0.0,0.0,11.2,146.0,,
2026-08-15,2026-08-15T00:26:18,19,FPO,261058,Jessica Erickson,891,95,49.0,0.0,0.0,0.0,0.0,0.0,0.0,49.0,96.4,,
2026-08-15,2026-08-15T00:26:18,19,FPO,261216,Victoria Christensen,864,136,17.25,0.0,0.0,0.0,0.0,0.0,0.0,17.2,137.6,,
2026-08-15,2026-08-15T00:26:18,19,FPO,268900,Natalie Berg,883,128,19.5,0.0,0.0,0.0,0.0,0.0,0.0,19.5,130.3,,
2026-08-15,2026-08-15T00:26:18,19,FPO,269838,Daisy Kelly,882,185,0.0,0.0,0.0,0.0,0.0,0.0,0.0,0.0,198.0,,
2026-08-15,2026-08-15T00:26:18,19,FPO,277832,Chandler Reigh,939,26,544.25,0.01453,2e-05,1.0,0.99873,0.01351,0.0,668.7,32.0,96416;97344;96417;96418,
2026-08-15,2026-08-15T00:26:18,19,FPO,278450,Brit Hamburg-Kiin,860,113,28.5,0.0,0.0,0.0,0.0,0.0,0.0,28.5,115.8,,
2026-08-15,2026-08-15T00:26:18,19,FPO,279466,Gry Nagel,807,133,18.0,0.0,0.0,0.0,0.0,0.0,0.0,18.0,134.2,,
2026-08-15,2026-08-15T00:26:18,19,FPO,281626,Una Lokmane,885,112,28.5,0.0,0.0,0.0,0.0,0.0,0.0,28.5,114.8,,
2026-08-15,2026-08-15T00:26:18,19,FPO,284553,Katherine Aydelott,872,151,6.0,0.0,0.0,0.0,0.0,0.0,0.0,6.0,154.5,,
2026-08-15,2026-08-15T00:26:18,19,FPO,286978,Michelle Southworth,805,170,2.0,0.0,0.0,0.0,0.0,0.0,0.0,2.0,170.0,,
2026-08-15,2026-08-15T00:26:18,19,FPO,288014,Jordan Coomes,840,130,18.0,0.0,0.0,0.0,0.0,0.0,0.0,18.0,136.0,,
2026-08-15,2026-08-15T00:26:18,19,FPO,297287,Marta Villa,860,167,2.0,0.0,0.0,0.0,0.0,0.0,0.0,2.0,167.0,,
2026-08-15,2026-08-15T00:26:18,19,FPO,302765,Grace Wilson,891,199,0.0,0.0,0.0,0.0,0.0,0.0,0.0,2.0,186.1,97344,
2026-08-15,2026-08-15T00:26:18,19,FPO,308525,Saga Dahlstedt,924,67,127.5,0.0,0.0,0.0,0.0,0.0,0.0,127.5,72.9,,
2026-08-15,2026-08-15T00:26:18,19,FPO,311218,Mina Alme,918,107,35.25,0.0,0.0,0.0,0.0,0.0,0.0,35.2,109.5,,
2026-08-16,2026-08-16T08:56:28,19,FPO,3024,Chris O'Cleary,914,195,0.0,0.0,0.0,0.0,0.0,0.0,0.0,4.2,183.5,97344,
2026-08-16,2026-08-16T08:56:28,19,FPO,3090,Elaine King,892,196,0.0,0.0,0.0,0.0,0.0,0.0,0.0,2.0,187.8,97344,
2026-08-16,2026-08-16T08:56:28,19,FPO,8803,Ruth Steele,867,165,2.0,0.0,0.0,0.0,0.0,0.0,0.0,2.0,165.0,,
2026-08-16,2026-08-16T08:56:28,19,FPO,15354,Jennifer Allen,966,42,313.0,0.18415,8e-05,0.99987,0.49041,0.16734,0.0,585.4,35.7,97344;96418,
2026-08-16,2026-08-16T08:56:28,19,FPO,27832,Kona Star Montgomery,950,23,638.75,0.10388,0.06209,1.0,1.0,0.03821,0.0,882.4,22.7,96416;97344;96417;96418;96419,
2026-08-16,2026-08-16T08:56:28,19,FPO,29190,Paige Pierce,963,18,796.67,0.9239,0.92309,1.0,1.0,0.00081,0.0,1109.8,15.0,96416;97344;96418;96419,
2026-08-16,2026-08-16T08:56:28,19,FPO,29947,Stephanie Vincent,927,115,28.0,0.0,0.0,0.0,0.0,0.0,0.0,28.0,117.7,,
2026-08-16,2026-08-16T08:56:28,19,FPO,31041,Sheila Teves,883,183,0.0,0.0,0.0,0.0,0.0,0.0,0.0,0.0,207.0,,
2026-08-16,2026-08-16T08:56:28,19,FPO,32654,Lisa Fajkus,959,21,671.33,0.40335,0.35714,1.0,1.0,0.0412,0.0,976.2,19.4,97344;96417;96418;96419,
2026-08-16,2026-08-16T08:56:28,19,FPO,32917,Rebecca Cox,949,29,502.5,0.05616,0.00586,1.0,0.99994,0.04586,0.0,772.2,27.1,96416;97344;96417;96418;96419,
2026-08-16,2026-08-16T08:56:28,19,FPO,32925,Lindsay Fish,888,158,2.0,0.0,0.0,0.0,0.0,0.0,0.0,2.0,162.8,,
2026-08-16,2026-08-16T08:56:28,19,FPO,34563,Sarah Hokom,947,56,163.75,0.01436,0.0,0.56564,0.0121,0.01004,0.0,355.8,48.4,96416;97344;96417;96418,
2026-08-16,2026-08-16T08:56:28,19,FPO,35321,Sofie Björlycke,936,81,83.25,0.0,0.0,0.0,0.0,0.0,0.0,83.2,83.2,,
2026-08-16,2026-08-16T08:56:28,19,FPO,35774,Camilla Jernberg,873,150,7.5,0.0,0.0,0.0,0.0,0.0,0.0,7.5,152.1,,
2026-08-16,2026-08-16T08:56:28,19,FPO,36307,Amanda Branch,887,192,0.0,0.0,0.0,0.0,0.0,0.0,0.0,2.0,177.9,97344,
2026-08-16,2026-08-16T08:56:28,19,FPO,39504,Zoe AnDyke,930,85,77.0,0.0,0.0,0.0,0.0,0.0,0.0,77.0,86.7,,
2026-08-16,2026-08-16T08:56:28,19,FPO,43995,Taylor Foth,900,181,0.0,0.0,0.0,0.0,0.0,0.0,0.0,0.0,204.0,,
2026-08-16,2026-08-16T08:56:28,19,FPO,44184,Catrina Allen,968,7,1170.25,1.0,1.0,1.0,1.0,0.0,0.0,1454.3,7.7,96416;97344;96417;96418;96419,
2026-08-16,2026-08-16T08:56:28,19,FPO,45407,Brittney Armentrout,860,161,2.0,0.0,0.0,0.0,0.0,0.0,0.0,2.0,162.0,,
2026-08-16,2026-08-16T08:56:28,19,FPO,48199,Alison Blakeman,866,188,0.0,0.0,0.0,0.0,0.0,0.0,0.0,0.0,200.0,,
2026-08-16,2026-08-16T08:56:28,19,FPO,48976,Ohn Scoggins,989,3,1673.33,1.0,1.0,1.0,1.0,0.0,0.54412,2168.1,1.6,96416;97344;96417;96418;96419,
2026-08-16,2026-08-16T08:56:28,19,FPO,50656,Jessica Gurthie,956,17,800.5,1.0,0.65874,1.0,1.0,0.0056,0.0,1037.8,17.3,97344;96417;96418;96419,
2026-08-16,2026-08-16T08:56:28,19,FPO,51277,Holly Finley,937,46,265.0,0.00202,0.0,0.93392,0.0063,0.0013,0.0,357.3,48.0,97344;96417;96418,
2026-08-16,2026-08-16T08:56:28,19,FPO,58303,Sai Ananda,959,75,102.0,0.03254,0.0,0.0453,0.00183,0.02806,0.0,236.7,59.7,97344,
2026-08-16,2026-08-16T08:56:28,19,FPO,59227,Henna Blomroos,968,9,1036.67,1.0,0.99998,1.0,1.0,0.0,0.0,1251.5,11.1,97344;96418;96419,
2026-08-16,2026-08-16T08:56:28,19,FPO,59431,Madison Walker,953,22,652.83,0.09816,0.029,1.0,1.0,0.0623,0.0,852.7,23.7,96416;97344;96417;96418;96419,
2026-08-16,2026-08-16T08:56:28,19,FPO,60798,Madison Tomaino,923,80,83.5,0.0,0.0,0.0,0.0,0.0,0.0,108.4,76.6,96416,
2026-08-16,2026-08-16T08:56:28,19,FPO,61144,Emily Beach,901,178,0.0,0.0,0.0,0.0,0.0,0.0,0.0,0.0,205.0,,
2026-08-16,2026-08-16T08:56:28,19,FPO,61990,Katka Boďová,916,97,48.0,0.0,0.0,0.0,0.0,0.0,0.0,48.0,97.9,,
2026-08-16,2026-08-16T08:56:28,19,FPO,62879,Valerie Mandujano,972,12,985.66,1.0,1.0,1.0,1.0,0.0,0.0,1392.8,8.5,96416;97344;96417;96418;96419,
2026-08-16,2026-08-16T08:56:28,19,FPO,62880,Alexis Mandujano,960,30,480.5,0.19959,0.06907,1.0,1.0,0.11426,0.0,862.1,23.5,96416;97344;96417;96418;96419,
2026-08-16,2026-08-16T08:56:28,19,FPO,63257,Maria Oliva,920,47,246.0,2e-05,0.0,0.96634,0.00015,2e-05,0.0,326.7,50.1,96416;97344;96417;96418,
2026-08-16,2026-08-16T08:56:28,19,FPO,64927,Eveliina Salonen,988,6,1364.67,1.0,1.0,1.0,1.0,0.0,1e-05,1727.0,5.6,97344;96418;96419,
2026-08-16,2026-08-16T08:56:28,19,FPO,65489,Lauren Butler,912,55,166.58,1e-05,0.0,0.00052,0.0,0.0,0.0,191.5,61.0,97344;96417,
2026-08-16,2026-08-16T08:56:28,19,FPO,66063,Ashlee Johnson,860,182,0.0,0.0,0.0,0.0,0.0,0.0,0.0,0.0,203.0,,
2026-08-16,2026-08-16T08:56:28,19,FPO,66599,Heidi Laine,963,10,1015.75,0.99994,0.99994,1.0,1.0,0.0,0.0,1240.6,11.3,96416;97344;96418;96419,
2026-08-16,2026-08-16T08:56:28,19,FPO,69584,Danielle Weigandt,853,164,2.0,0.0,0.0,0.0,0.0,0.0,0.0,2.0,168.0,,
2026-08-16,2026-08-16T08:56:28,19,FPO,71262,Erika Stinchcomb,922,44,288.75,3e-05,0.0,0.99347,0.00024,2e-05,0.0,336.8,49.2,96416;97344;96417;96418,
2026-08-16,2026-08-16T08:56:28,19,FPO,72635,Kersti Miller,890,108,34.5,0.0,0.0,0.0,0.0,0.0,0.0,34.5,110.5,,
2026-08-16,2026-08-16T08:56:28,19,FPO,74708,Casey Pennington,903,102,39.5,0.0,0.0,0.0,0.0,0.0,0.0,39.5,103.7,,
2026-08-16,2026-08-16T08:56:28,19,FPO,75029,Cynthia Ricciotti,923,65,132.08,2e-05,0.0,0.00522,0.0,0.0,0.0,200.4,60.4,96416;97344;96417,
2026-08-16,2026-08-16T08:56:28,19,FPO,76009,Virginia Polkinghorne,885,189,0.0,0.0,0.0,0.0,0.0,0.0,0.0,0.0,209.0,,
2026-08-16,2026-08-16T08:56:28,19,FPO,77385,Matilda Ringbom,947,45,274.0,0.00983,0.0,0.11266,0.00044,0.00921,0.0,329.7,50.4,96418,
2026-08-16,2026-08-16T08:56:28,19,FPO,78232,Tiger Borth,899,125,21.0,0.0,0.0,0.0,0.0,0.0,0.0,23.2,124.1,97344,
2026-08-16,2026-08-16T08:56:28,19,FPO,79233,Cadence Burge,966,57,162.75,0.21493,0.00015,0.98343,0.43436,0.16634,0.0,572.8,36.3,96416;97344;96417;96418,
2026-08-16,2026-08-16T08:56:28,19,FPO,80935,Lindsey Maas,905,93,50.25,0.0,0.0,0.0,0.0,0.0,0.0,52.8,93.0,97344,
2026-08-16,2026-08-16T08:56:28,19,FPO,82809,Alex von Stade,893,122,22.0,0.0,0.0,0.0,0.0,0.0,0.0,22.0,125.9,,
2026-08-16,2026-08-16T08:56:28,19,FPO,83376,Cassandra Lioi,890,149,8.0,0.0,0.0,0.0,0.0,0.0,0.0,8.0,151.1,,
2026-08-16,2026-08-16T08:56:28,19,FPO,84279,Kaidi Allsalu,953,52,203.62,0.02825,0.0,0.0,0.0,0.02684,0.0,282.2,53.7,,
2026-08-16,2026-08-16T08:56:28,19,FPO,85189,Samantha Bonacci,870,137,16.5,0.0,0.0,0.0,0.0,0.0,0.0,16.5,139.2,,
2026-08-16,2026-08-16T08:56:28,19,FPO,85484,Anneli Tõugjas-Männiste,959,24,554.0,0.15719,0.01521,1.0,1.0,0.12257,0.0,801.4,25.8,97344;96417;96418;96419,
2026-08-16,2026-08-16T08:56:28,19,FPO,85942,Missy Gannon,986,4,1518.66,1.0,1.0,1.0,1.0,0.0,0.00659,1903.4,4.1,96416;97344;96417;96418;96419,
2026-08-16,2026-08-16T08:56:28,19,FPO,87094,Rose Shertick,921,209,0.0,0.0,0.0,0.0,0.0,0.0,0.0,7.4,179.0,97344,
2026-08-16,2026-08-16T08:56:28,19,FPO,87443,Andrea Cammack,878,163,2.0,0.0,0.0,0.0,0.0,0.0,0.0,2.0,163.0,,
2026-08-16,2026-08-16T08:56:28,19,FPO,94085,Keiti Tätte,953,54,184.12,0.00574,0.0,0.0,0.0,0.00544,0.0,200.8,60.5,,
2026-08-16,2026-08-16T08:56:28,19,FPO,96090,Sonja Laine,905,106,36.0,0.0,0.0,0.0,0.0,0.0,0.0,36.0,108.5,,
2026-08-16,2026-08-16T08:56:28,19,FPO,96480,Tori Pasquin,831,174,2.0,0.0,0.0,0.0,0.0,0.0,0.0,2.0,174.0,,
2026-08-16,2026-08-16T08:56:28,19,FPO,97238,Jannicke Hjemli,875,147,9.75,0.0,0.0,0.0,0.0,0.0,0.0,9.8,149.0,,
2026-08-16,2026-08-16T08:56:28,19,FPO,99441,Lykke Lorentzen,921,96,48.0,0.0,0.0,0.0,0.0,0.0,0.0,48.0,97.8,,
2026-08-16,2026-08-16T08:56:28,19,FPO,99455,Kat Mertsch,965,8,1100.67,1.0,1.0,1.0,1.0,0.0,0.0,1358.8,9.0,96416;97344;96417;96418;96419,
2026-08-16,2026-08-16T08:56:28,19,FPO,101949,Ratana McMahon,885,66,129.75,0.0,0.0,0.0,0.0,0.0,0.0,129.8,71.5,,
2026-08-16,2026-08-16T08:56:28,19,FPO,102024,Danielle Keen,896,180,0.0,0.0,0.0,0.0,0.0,0.0,0.0,0.0,201.0,,
2026-08-16,2026-08-16T08:56:28,19,FPO,103743,Karen Martel,923,139,15.0,0.0,0.0,0.0,0.0,0.0,0.0,23.9,130.3,97344,
2026-08-16,2026-08-16T08:56:28,19,FPO,104187,Macie Velediaz,952,43,294.67,0.03684,0.0,0.99995,0.23558,0.02808,0.0,494.7,39.9,97344;96417;96418,
2026-08-16,2026-08-16T08:56:28,19,FPO,104314,Violet Main,940,41,317.0,0.00338,0.0,0.99998,0.01804,0.00217,0.0,400.9,44.9,97344;96417;96418,
2026-08-16,2026-08-16T08:56:28,19,FPO,104814,Ellie Bryant,895,114,28.25,0.0,0.0,0.0,0.0,0.0,0.0,28.2,116.7,,
2026-08-16,2026-08-16T08:56:28,19,FPO,105126,Aria Castruita,943,98,46.5,0.0,0.0,0.0,0.0,0.0,0.0,46.5,99.4,,
2026-08-16,2026-08-16T08:56:28,19,FPO,106489,Anna Pinter,875,124,21.75,0.0,0.0,0.0,0.0,0.0,0.0,21.8,126.9,,
2026-08-16,2026-08-16T08:56:28,19,FPO,107297,Maria Liivamägi,857,118,24.0,0.0,0.0,0.0,0.0,0.0,0.0,24.0,121.9,,
2026-08-16,2026-08-16T08:56:28,19,FPO,107335,Silva Saarinen,991,2,1695.17,1.0,1.0,1.0,1.0,0.0,0.34204,2131.1,1.9,96416;97344;96418;96419,
2026-08-16,2026-08-16T08:56:28,19,FPO,108871,Brook Johnson,905,117,24.0,0.0,0.0,0.0,0.0,0.0,0.0,24.0,120.4,,
2026-08-16,2026-08-16T08:56:28,19,FPO,109337,Cathy Kuhn,856,179,0.0,0.0,0.0,0.0,0.0,0.0,0.0,0.0,202.0,,
2026-08-16,2026-08-16T08:56:28,19,FPO,109996,Anniken Kristiansen Steen,966,20,700.29,0.32191,0.17913,1.0,1.0,0.13982,0.0,928.3,21.1,97344;96418;96419,
2026-08-16,2026-08-16T08:56:28,19,FPO,111487,Emily Weatherman,960,13,932.33,0.99562,0.99561,1.0,1.0,1e-05,0.0,1187.9,12.7,96416;97344;96417;96418;96419,
2026-08-16,2026-08-16T08:56:28,19,FPO,112647,Hanna Huynh,961,19,776.83,0.88948,0.88766,1.0,1.0,0.00169,0.0,1104.3,15.2,96416;97344;96417;96418;96419,
2026-08-16,2026-08-16T08:56:28,19,FPO,115503,Olivia Kindstedt,949,53,189.0,0.01394,0.0,0.15653,0.00229,0.01266,0.0,304.5,52.2,97344,
2026-08-16,2026-08-16T08:56:28,19,FPO,116694,Kristi Unt,925,99,45.0,0.0,0.0,0.0,0.0,0.0,0.0,45.0,100.5,,
2026-08-16,2026-08-16T08:56:28,19,FPO,120770,Jami Gust,884,202,0.0,0.0,0.0,0.0,0.0,0.0,0.0,2.0,182.6,97344,
2026-08-16,2026-08-16T08:56:28,19,FPO,121554,Elina Rydberg,901,120,23.25,0.0,0.0,0.0,0.0,0.0,0.0,23.2,122.9,,
2026-08-16,2026-08-16T08:56:28,19,FPO,124064,Shelby Cowen,917,58,158.25,0.0,0.0,1e-05,0.0,0.0,0.0,181.1,62.8,96417,
2026-08-16,2026-08-16T08:56:28,19,FPO,126226,Kati Chachere,828,173,2.0,0.0,0.0,0.0,0.0,0.0,0.0,2.0,173.0,,
2026-08-16,2026-08-16T08:56:28,19,FPO,128395,Michelle Saggboy,891,159,2.0,0.0,0.0,0.0,0.0,0.0,0.0,2.0,171.5,,
2026-08-16,2026-08-16T08:56:28,19,FPO,128532,Maarja Soasepp,905,100,42.0,0.0,0.0,0.0,0.0,0.0,0.0,42.0,102.4,,
2026-08-16,2026-08-16T08:56:28,19,FPO,130187,Kat Johnson,915,204,0.0,0.0,0.0,0.0,0.0,0.0,0.0,4.6,175.0,97344,
2026-08-16,2026-08-16T08:56:28,19,FPO,130342,Chantel Budinsky,956,64,136.5,0.05645,0.0,0.38504,0.0184,0.0403,0.0,364.1,48.1,97344;96417,
2026-08-16,2026-08-16T08:56:28,19,FPO,130822,Hannah Manis,932,200,0.0,0.0,0.0,0.0,0.0,0.0,0.0,18.6,154.1,97344,
2026-08-16,2026-08-16T08:56:28,19,FPO,131583,Hannah Lengel,953,87,66.0,0.00742,0.0,0.0,0.0,0.00047,0.0,124.3,73.6,96417,
2026-08-16,2026-08-16T08:56:28,19,FPO,132291,Ashley Phelps,907,121,23.0,0.0,0.0,0.0,0.0,0.0,0.0,23.0,124.4,,
2026-08-16,2026-08-16T08:56:28,19,FPO,132627,Jenn Cazanov-Diggs,904,156,2.0,0.0,0.0,0.0,0.0,0.0,0.0,2.0,158.8,,
2026-08-16,2026-08-16T08:56:28,19,FPO,133547,Holyn Handley,984,1,1713.67,1.0,1.0,1.0,1.0,0.0,0.10716,2050.5,2.7,96416;97344;96418;96419,
2026-08-16,2026-08-16T08:56:28,19,FPO,133701,Nathalie Ortiz,908,88,64.25,0.0,0.0,0.0,0.0,0.0,0.0,64.2,89.0,,
2026-08-16,2026-08-16T08:56:28,19,FPO,135383,Emma Arp,907,154,5.0,0.0,0.0,0.0,0.0,0.0,0.0,5.0,156.2,,
2026-08-16,2026-08-16T08:56:28,19,FPO,138272,Raven Klein,942,27,535.0,0.02283,0.00055,1.0,0.99991,0.02056,0.0,716.8,29.6,96416;97344;96417;96418;96419,
2026-08-16,2026-08-16T08:56:28,19,FPO,139109,Leah Tsinajinnie,926,69,116.0,1e-05,0.0,0.00104,0.0,0.0,0.0,156.8,66.5,96416;97344,
2026-08-16,2026-08-16T08:56:28,19,FPO,139387,Hanna Jansson,906,94,50.25,0.0,0.0,0.0,0.0,0.0,0.0,50.2,95.3,,
2026-08-16,2026-08-16T08:56:28,19,FPO,139738,Megan Dophal,908,208,0.0,0.0,0.0,0.0,0.0,0.0,0.0,2.9,192.3,97344,
2026-08-16,2026-08-16T08:56:28,19,FPO,140660,María Eldey Kristínardóttir,923,78,91.5,0.0,0.0,0.0,0.0,0.0,0.0,91.5,81.2,,
2026-08-16,2026-08-16T08:56:28,19,FPO,140947,Nina Bennett,949,68,126.5,0.01675,0.0,0.14496,0.00226,0.01121,0.0,282.8,54.2,97344;96417,
2026-08-16,2026-08-16T08:56:28,19,FPO,142259,Katheryn Maloney,901,205,0.0,0.0,0.0,0.0,0.0,0.0,0.0,2.3,179.2,97344,
2026-08-16,2026-08-16T08:56:28,19,FPO,142354,Alexis Kerman,926,49,233.75,0.00012,0.0,0.52302,0.00016,9e-05,0.0,304.2,52.3,96416;97344;96417;96418,
2026-08-16,2026-08-16T08:56:28,19,FPO,143423,Ember Simonis,916,197,0.0,0.0,0.0,0.0,0.0,0.0,0.0,4.9,180.0,97344,
2026-08-16,2026-08-16T08:56:28,19,FPO,143720,Jessica Kinard,906,191,0.0,0.0,0.0,0.0,0.0,0.0,0.0,17.3,136.8,96416,
2026-08-16,2026-08-16T08:56:28,19,FPO,144112,Ella Hansen,977,5,1508.58,1.0,1.0,1.0,1.0,0.0,8e-05,1781.8,5.2,96416;97344;96418;96419,
2026-08-16,2026-08-16T08:56:28,19,FPO,144791,Emily Yale,898,76,98.0,0.0,0.0,0.0,0.0,0.0,0.0,119.4,73.9,96416;97344,
2026-08-16,2026-08-16T08:56:28,19,FPO,146137,Dani K. Hart,947,28,525.75,0.04294,0.00033,1.0,0.99978,0.03875,0.0,711.0,29.9,96416;97344;96417;96418;96419,
2026-08-16,2026-08-16T08:56:28,19,FPO,146304,MJ Gager,948,37,392.58,0.0225,0.0,1.0,0.33083,0.01792,0.0,520.0,38.3,97344;96417;96418,
2026-08-16,2026-08-16T08:56:28,19,FPO,147050,Ali Smith,946,72,112.5,0.0,0.0,0.0,0.0,0.0,0.0,112.5,75.4,,
2026-08-16,2026-08-16T08:56:28,19,FPO,147393,Sadie Shattuck,866,138,16.0,0.0,0.0,0.0,0.0,0.0,0.0,16.0,140.2,,
2026-08-16,2026-08-16T08:56:28,19,FPO,149548,VicToria Scott,889,211,0.0,0.0,0.0,0.0,0.0,0.0,0.0,2.0,194.9,97344,
2026-08-16,2026-08-16T08:56:28,19,FPO,149803,Candyce Boyce,894,109,33.0,0.0,0.0,0.0,0.0,0.0,0.0,33.0,112.2,,
2026-08-16,2026-08-16T08:56:28,19,FPO,150057,Hailey Huber,939,63,141.0,0.0,0.0,0.0,0.0,0.0,0.0,141.0,69.5,,
2026-08-16,2026-08-16T08:56:28,19,FPO,151072,Jennifer Rice,895,132,18.0,0.0,0.0,0.0,0.0,0.0,0.0,18.0,133.2,,
2026-08-16,2026-08-16T08:56:28,19,FPO,152191,Kelley Foster,936,34,412.5,0.00433,0.0,1.0,0.3767,0.00375,0.0,522.3,37.9,96416;96417;96418,
2026-08-16,2026-08-16T08:56:28,19,FPO,154098,Ariel Walker,927,101,40.25,1e-05,0.0,1e-05,0.0,0.0,0.0,52.5,97.0,97344,
2026-08-16,2026-08-16T08:56:28,19,FPO,155026,Amanda Lennartsson,942,35,409.0,0.0037,0.0,1.0,0.04866,0.00338,0.0,449.2,42.0,96418,
2026-08-16,2026-08-16T08:56:28,19,FPO,156259,Ella Tejler,901,86,73.5,0.0,0.0,0.0,0.0,0.0,0.0,73.5,87.8,,
2026-08-16,2026-08-16T08:56:28,19,FPO,156781,Audrey Wicklander,894,193,0.0,0.0,0.0,0.0,0.0,0.0,0.0,2.1,190.0,97344,
2026-08-16,2026-08-16T08:56:28,19,FPO,157471,Nid Ovathanasin,933,135,17.67,0.00029,0.0,0.00011,0.0,0.0,0.0,71.3,90.0,97344;96417,
2026-08-16,2026-08-16T08:56:28,19,FPO,158385,Destyne Martinez,868,155,2.0,0.0,0.0,0.0,0.0,0.0,0.0,2.0,185.7,,
2026-08-16,2026-08-16T08:56:28,19,FPO,158461,Shiru Liu,907,89,63.5,0.0,0.0,0.0,0.0,0.0,0.0,63.5,90.0,,
2026-08-16,2026-08-16T08:56:28,19,FPO,160103,Jacquelyn DeLude,877,201,0.0,0.0,0.0,0.0,0.0,0.0,0.0,2.0,183.6,97344,
2026-08-16,2026-08-16T08:56:28,19,FPO,161231,Sarah May,855,169,2.0,0.0,0.0,0.0,0.0,0.0,0.0,2.0,169.0,,
2026-08-16,2026-08-16T08:56:28,19,FPO,161918,Addison Woodard,956,38,380.08,0.11428,0.00501,1.0,0.98931,0.09514,0.0,743.2,28.4,96416;97344;96417;96418,
2026-08-16,2026-08-16T08:56:28,19,FPO,162735,Eden Fornoff,922,127,20.83,0.0,0.0,0.0,0.0,0.0,0.0,38.2,105.6,96416,
2026-08-16,2026-08-16T08:56:28,19,FPO,162896,Therese Cuevas,939,50,231.5,0.00212,0.0,0.21314,0.00059,0.00195,0.0,295.2,53.0,97344;96418,
2026-08-16,2026-08-16T08:56:28,19,FPO,164788,Alecia Hinkson,926,71,113.83,0.00011,0.0,0.0013,0.0,0.0,0.0,153.9,67.2,97344;96417,
2026-08-16,2026-08-16T08:56:28,19,FPO,165652,Ceci Vollbrecht,896,194,0.0,0.0,0.0,0.0,0.0,0.0,0.0,2.1,188.4,97344,
2026-08-16,2026-08-16T08:56:28,19,FPO,166082,Ashton Webberley,894,160,2.0,0.0,0.0,0.0,0.0,0.0,0.0,2.0,161.0,,
2026-08-16,2026-08-16T08:56:28,19,FPO,166749,Mackenzie Morris,896,148,9.0,0.0,0.0,0.0,0.0,0.0,0.0,9.0,150.0,,
2026-08-16,2026-08-16T08:56:28,19,FPO,167255,AK Kaestner,816,176,2.0,0.0,0.0,0.0,0.0,0.0,0.0,2.0,177.0,,
2026-08-16,2026-08-16T08:56:28,19,FPO,168863,Trinity Bryant,925,48,235.0,0.00013,0.0,0.78779,0.00017,7e-05,0.0,314.9,51.3,96416;97344;96417;96418,
2026-08-16,2026-08-16T08:56:28,19,FPO,170182,Rebecca Minnick,866,111,29.0,0.0,0.0,0.0,0.0,0.0,0.0,29.0,113.7,,
2026-08-16,2026-08-16T08:56:28,19,FPO,173601,Marie Kielas,917,92,51.0,0.0,0.0,0.0,0.0,0.0,0.0,51.0,94.2,,
2026-08-16,2026-08-16T08:56:28,19,FPO,176242,Morgan Lynds,934,70,115.75,0.00048,0.0,0.00825,0.0,7e-05,0.0,177.3,64.1,97344;96417,
2026-08-16,2026-08-16T08:56:28,19,FPO,176243,Jordan Lynds,942,61,145.25,0.0043,0.0,0.09327,0.00051,0.00248,0.0,256.6,56.1,97344;96417,
2026-08-16,2026-08-16T08:56:28,19,FPO,176481,Karissa Dedmon,921,90,59.0,0.0,0.0,0.0,0.0,0.0,0.0,66.4,89.4,97344,
2026-08-16,2026-08-16T08:56:28,19,FPO,178707,Joleigh Miller,938,74,102.0,0.0,0.0,0.0,0.0,0.0,0.0,102.0,78.7,,
2026-08-16,2026-08-16T08:56:28,19,FPO,178748,Kendyl Sullivan,873,166,2.0,0.0,0.0,0.0,0.0,0.0,0.0,2.0,166.0,,
2026-08-16,2026-08-16T08:56:28,19,FPO,179200,Jamie Williams,863,184,0.0,0.0,0.0,0.0,0.0,0.0,0.0,0.0,208.0,,
2026-08-16,2026-08-16T08:56:28,19,FPO,179873,Jenny Larsson,917,91,54.0,0.0,0.0,0.0,0.0,0.0,0.0,54.0,92.2,,
2026-08-16,2026-08-16T08:56:28,19,FPO,181772,Ida Emilie Nesse,945,31,442.0,0.028,5e-05,1.0,0.92084,0.02748,0.0,636.0,33.4,96416;97344;96418,
2026-08-16,2026-08-16T08:56:28,19,FPO,182450,Kajsa Wahl,891,105,36.75,0.0,0.0,0.0,0.0,0.0,0.0,36.8,106.8,,
2026-08-16,2026-08-16T08:56:28,19,FPO,184609,Elva-Kate Preston,914,60,146.0,0.0,0.0,0.00011,0.0,0.0,0.0,150.3,66.7,97344,
2026-08-16,2026-08-16T08:56:28,19,FPO,184736,Jennifer Smiley,929,39,348.25,0.00035,0.0,1.0,0.03381,0.00021,0.0,437.0,42.6,96416;97344;96417;96418,
2026-08-16,2026-08-16T08:56:28,19,FPO,185057,Josefine Johansson,930,82,81.0,0.0,0.0,9e-05,0.0,0.0,0.0,96.8,80.4,97344,
2026-08-16,2026-08-16T08:56:28,19,FPO,185534,Sofia Donnecke,962,25,547.5,0.17852,0.00017,1.0,0.99687,0.17262,0.0,714.5,29.7,96418,
2026-08-16,2026-08-16T08:56:28,19,FPO,185627,Athena Cuevas,868,140,14.0,0.0,0.0,0.0,0.0,0.0,0.0,14.0,141.9,,
2026-08-16,2026-08-16T08:56:28,19,FPO,186277,Kassandra Fog Wichmann,871,152,6.0,0.0,0.0,0.0,0.0,0.0,0.0,6.0,154.2,,
2026-08-16,2026-08-16T08:56:28,19,FPO,186629,Sanne Dalseth,872,142,13.5,0.0,0.0,0.0,0.0,0.0,0.0,13.5,143.4,,
2026-08-16,2026-08-16T08:56:28,19,FPO,188837,JJ Sun,883,187,0.0,0.0,0.0,0.0,0.0,0.0,0.0,0.0,211.0,,
2026-08-16,2026-08-16T08:56:28,19,FPO,189702,Taylor Chocek,945,16,812.7,0.25462,0.24818,1.0,1.0,0.00644,0.0,970.0,19.6,96416;96418;96419,
2026-08-16,2026-08-16T08:56:28,19,FPO,193215,Lexi Marx,930,79,85.25,0.0,0.0,0.00012,0.0,0.0,0.0,101.1,79.0,97344,
2026-08-16,2026-08-16T08:56:28,19,FPO,195549,Kylie Kohut,940,36,403.0,0.00271,0.0,1.0,0.09295,0.00245,0.0,470.5,40.5,96416;96418,
2026-08-16,2026-08-16T08:56:28,19,FPO,195550,Peyton Kohut,921,59,150.5,0.0,0.0,0.0,0.0,0.0,0.0,184.1,62.1,96416,
2026-08-16,2026-08-16T08:56:28,19,FPO,196237,Kaire Tekku,923,84,78.75,0.0,0.0,0.0,0.0,0.0,0.0,78.8,85.6,,
2026-08-16,2026-08-16T08:56:28,19,FPO,197689,Isabella Parker,874,131,18.0,0.0,0.0,0.0,0.0,0.0,0.0,18.0,133.5,,
2026-08-16,2026-08-16T08:56:28,19,FPO,198446,Eliezra Midtlyng,952,15,851.58,0.68563,0.68383,1.0,1.0,0.00172,0.0,1036.0,17.4,96416;97344;96417;96418;96419,
2026-08-16,2026-08-16T08:56:28,19,FPO,198721,Hannah Kellar,899,103,38.0,0.0,0.0,0.0,0.0,0.0,0.0,38.0,105.0,,
2026-08-16,2026-08-16T08:56:28,19,FPO,202571,Elizabete Pēkšena,938,51,205.5,0.00172,0.0,0.07884,0.00013,0.00158,0.0,264.7,55.1,97344;96418,
2026-08-16,2026-08-16T08:56:28,19,FPO,208576,Rebecca Don,962,11,1004.99,0.99959,0.99959,1.0,1.0,0.0,0.0,1212.5,12.1,96416;97344;96418;96419,
2026-08-16,2026-08-16T08:56:28,19,FPO,209432,Eden Fletcher,910,104,38.0,0.0,0.0,0.0,0.0,0.0,0.0,38.0,105.6,,
2026-08-16,2026-08-16T08:56:28,19,FPO,209462,Erika Apple,840,175,2.0,0.0,0.0,0.0,0.0,0.0,0.0,2.0,175.0,,
2026-08-16,2026-08-16T08:56:28,19,FPO,210287,Mara Neal,859,168,2.0,0.0,0.0,0.0,0.0,0.0,0.0,2.0,176.0,,
2026-08-16,2026-08-16T08:56:28,19,FPO,210972,Kristýna Jurčíková,968,40,331.0,0.23631,0.00042,1.0,0.65273,0.21482,0.0,629.4,33.6,97344;96418,
2026-08-16,2026-08-16T08:56:28,19,FPO,214417,Fleur Verberk,907,198,0.0,0.0,0.0,0.0,0.0,0.0,0.0,2.8,184.3,97344,
2026-08-16,2026-08-16T08:56:28,19,FPO,215439,Sheliemae Lai,946,77,92.0,0.0,0.0,0.0,0.0,0.0,0.0,92.0,80.2,,
2026-08-16,2026-08-16T08:56:28,19,FPO,215495,Kelsey Martin,877,206,0.0,0.0,0.0,0.0,0.0,0.0,0.0,2.0,179.9,97344,
2026-08-16,2026-08-16T08:56:28,19,FPO,216558,Iida Lehtomäki,959,32,430.25,0.07624,0.0,1.0,0.39053,0.06964,0.0,547.3,37.2,97344;96418,
2026-08-16,2026-08-16T08:56:28,19,FPO,217892,Katie Tews,901,116,25.5,0.0,0.0,0.0,0.0,0.0,0.0,25.5,118.8,,
2026-08-16,2026-08-16T08:56:28,19,FPO,218760,Sarah Duran,869,145,11.0,0.0,0.0,0.0,0.0,0.0,0.0,11.0,147.0,,
2026-08-16,2026-08-16T08:56:28,19,FPO,218779,Amanda Brightwell,832,171,2.0,0.0,0.0,0.0,0.0,0.0,0.0,2.0,171.0,,
2026-08-16,2026-08-16T08:56:28,19,FPO,219693,Anna Damberga,872,126,21.0,0.0,0.0,0.0,0.0,0.0,0.0,21.0,129.0,,
2026-08-16,2026-08-16T08:56:28,19,FPO,221583,Evie Lou Ramey,901,190,0.0,0.0,0.0,0.0,0.0,0.0,0.0,0.0,210.0,,
2026-08-16,2026-08-16T08:56:28,19,FPO,222693,Tanisha Platero,876,162,2.0,0.0,0.0,0.0,0.0,0.0,0.0,2.0,164.0,,
2026-08-16,2026-08-16T08:56:28,19,FPO,222973,Martje Sumowski,913,110,33.0,0.0,0.0,0.0,0.0,0.0,0.0,33.0,112.0,,
2026-08-16,2026-08-16T08:56:28,19,FPO,223975,Laura Tatiana Niño Carranza,876,157,2.0,0.0,0.0,0.0,0.0,0.0,0.0,4.0,157.3,97344,
2026-08-16,2026-08-16T08:56:28,19,FPO,224238,Julia Fors,966,33,428.5,0.24284,0.00374,1.0,0.9438,0.22298,0.0,724.3,29.3,97344;96418,
2026-08-16,2026-08-16T08:56:28,19,FPO,225016,Naomi Suyat,880,186,0.0,0.0,0.0,0.0,0.0,0.0,0.0,0.0,199.0,,
2026-08-16,2026-08-16T08:56:28,19,FPO,227315,Sarah Wadsworth,912,134,18.0,0.0,0.0,0.0,0.0,0.0,0.0,18.0,135.3,,
2026-08-16,2026-08-16T08:56:28,19,FPO,228486,Stefani Ewell,866,146,10.0,0.0,0.0,0.0,0.0,0.0,0.0,10.0,148.0,,
2026-08-16,2026-08-16T08:56:28,19,FPO,229526,Sintija Klezberga,958,14,865.0,0.87589,0.87536,1.0,1.0,0.00052,0.0,1078.2,16.0,97344;96417;96418;96419,
2026-08-16,2026-08-16T08:56:28,19,FPO,231650,Tailey Rowley,913,62,145.0,0.0,0.0,5e-05,0.0,0.0,0.0,149.1,67.6,97344,
2026-08-16,2026-08-16T08:56:28,19,FPO,232666,Rebecka Hoppe,848,153,6.0,0.0,0.0,0.0,0.0,0.0,0.0,6.0,153.6,,
2026-08-16,2026-08-16T08:56:28,19,FPO,232722,Julia Hauch,917,203,0.0,0.0,0.0,0.0,0.0,0.0,0.0,5.3,174.3,97344,
2026-08-16,2026-08-16T08:56:28,19,FPO,235368,Madalyn Payton,896,177,0.0,0.0,0.0,0.0,0.0,0.0,0.0,0.0,206.0,,
2026-08-16,2026-08-16T08:56:28,19,FPO,238187,Ann Deputy,924,83,80.25,0.0,0.0,2e-05,0.0,0.0,0.0,89.9,82.4,97344,
2026-08-16,2026-08-16T08:56:28,19,FPO,240590,Amelia Saechao,877,119,24.0,0.0,0.0,0.0,0.0,0.0,0.0,24.0,120.3,,
2026-08-16,2026-08-16T08:56:28,19,FPO,242116,Eva Lutsenko,931,123,21.75,0.0,0.0,0.0,0.0,0.0,0.0,21.8,127.9,,
2026-08-16,2026-08-16T08:56:28,19,FPO,242331,Ida Kennmark,876,141,13.5,0.0,0.0,0.0,0.0,0.0,0.0,13.5,143.4,,
2026-08-16,2026-08-16T08:56:28,19,FPO,245180,Chelsea Sutton,854,172,2.0,0.0,0.0,0.0,0.0,0.0,0.0,2.0,172.0,,
2026-08-16,2026-08-16T08:56:28,19,FPO,245306,Netta Leppäaho,948,73,105.75,0.0,0.0,0.0,0.0,0.0,0.0,105.8,77.0,,
2026-08-16,2026-08-16T08:56:28,19,FPO,245317,Sophi Stephenson,862,143,12.0,0.0,0.0,0.0,0.0,0.0,0.0,12.0,144.9,,
2026-08-16,2026-08-16T08:56:28,19,FPO,254333,Jess Zilch,875,129,19.5,0.0,0.0,0.0,0.0,0.0,0.0,19.5,131.1,,
2026-08-16,2026-08-16T08:56:28,19,FPO,255962,Samantha Zaborowski,901,210,0.0,0.0,0.0,0.0,0.0,0.0,0.0,2.3,193.0,97344,
2026-08-16,2026-08-16T08:56:28,19,FPO,256846,Lea Tomas,889,207,0.0,0.0,0.0,0.0,0.0,0.0,0.0,2.0,196.8,97344,
2026-08-16,2026-08-16T08:56:28,19,FPO,259972,Marion Mattsson,862,144,11.25,0.0,0.0,0.0,0.0,0.0,0.0,11.2,146.0,,
2026-08-16,2026-08-16T08:56:28,19,FPO,261058,Jessica Erickson,891,95,49.0,0.0,0.0,0.0,0.0,0.0,0.0,49.0,96.3,,
2026-08-16,2026-08-16T08:56:28,19,FPO,261216,Victoria Christensen,864,136,17.25,0.0,0.0,0.0,0.0,0.0,0.0,17.2,137.4,,
2026-08-16,2026-08-16T08:56:28,19,FPO,268900,Natalie Berg,883,128,19.5,0.0,0.0,0.0,0.0,0.0,0.0,19.5,130.1,,
2026-08-16,2026-08-16T08:56:28,19,FPO,269838,Daisy Kelly,882,185,0.0,0.0,0.0,0.0,0.0,0.0,0.0,0.0,198.0,,
2026-08-16,2026-08-16T08:56:28,19,FPO,277832,Chandler Reigh,939,26,544.25,0.01457,2e-05,1.0,0.99938,0.01355,0.0,671.5,31.9,96416;97344;96417;96418;96419,
2026-08-16,2026-08-16T08:56:28,19,FPO,278450,Brit Hamburg-Kiin,860,113,28.5,0.0,0.0,0.0,0.0,0.0,0.0,28.5,115.7,,
2026-08-16,2026-08-16T08:56:28,19,FPO,279466,Gry Nagel,807,133,18.0,0.0,0.0,0.0,0.0,0.0,0.0,18.0,134.2,,
2026-08-16,2026-08-16T08:56:28,19,FPO,281626,Una Lokmane,885,112,28.5,0.0,0.0,0.0,0.0,0.0,0.0,28.5,114.7,,
2026-08-16,2026-08-16T08:56:28,19,FPO,284553,Katherine Aydelott,872,151,6.0,0.0,0.0,0.0,0.0,0.0,0.0,6.0,154.5,,
2026-08-16,2026-08-16T08:56:28,19,FPO,286978,Michelle Southworth,805,170,2.0,0.0,0.0,0.0,0.0,0.0,0.0,2.0,170.0,,
2026-08-16,2026-08-16T08:56:28,19,FPO,288014,Jordan Coomes,840,130,18.0,0.0,0.0,0.0,0.0,0.0,0.0,18.0,135.6,,
2026-08-16,2026-08-16T08:56:28,19,FPO,297287,Marta Villa,860,167,2.0,0.0,0.0,0.0,0.0,0.0,0.0,2.0,167.0,,
2026-08-16,2026-08-16T08:56:28,19,FPO,302765,Grace Wilson,891,199,0.0,0.0,0.0,0.0,0.0,0.0,0.0,2.0,186.1,97344,
2026-08-16,2026-08-16T08:56:28,19,FPO,308525,Saga Dahlstedt,924,67,127.5,0.0,0.0,0.0,0.0,0.0,0.0,127.5,72.7,,
2026-08-16,2026-08-16T08:56:28,19,FPO,311218,Mina Alme,918,107,35.25,0.0,0.0,0.0,0.0,0.0,0.0,35.2,109.5,,
2026-08-17,2026-08-17T11:35:24,20,FPO,3024,Chris O'Cleary,914,196,0.0,0.0,0.0,0.0,0.0,0.0,0.0,4.4,181.5,97344,
2026-08-17,2026-08-17T11:35:24,20,FPO,3090,Elaine King,892,197,0.0,0.0,0.0,0.0,0.0,0.0,0.0,2.1,187.6,97344,
2026-08-17,2026-08-17T11:35:24,20,FPO,8803,Ruth Steele,867,166,2.0,0.0,0.0,0.0,0.0,0.0,0.0,2.0,166.0,,
2026-08-17,2026-08-17T11:35:24,20,FPO,15354,Jennifer Allen,966,42,313.0,0.1845,8e-05,0.99994,0.5003,0.16737,0.0,586.3,35.6,97344;96418,
2026-08-17,2026-08-17T11:35:24,20,FPO,27832,Kona Star Montgomery,950,21,680.0,0.09779,0.05344,1.0,1.0,0.04074,0.0,877.4,22.8,97344;96417;96418;96419,
2026-08-17,2026-08-17T11:35:24,20,FPO,29190,Paige Pierce,963,16,885.67,0.86448,0.86294,1.0,1.0,0.00154,0.0,1083.4,15.8,97344;96418;96419,
2026-08-17,2026-08-17T11:35:24,20,FPO,29947,Stephanie Vincent,927,116,28.0,0.0,0.0,0.0,0.0,0.0,0.0,28.0,117.5,,
2026-08-17,2026-08-17T11:35:24,20,FPO,31041,Sheila Teves,883,184,0.0,0.0,0.0,0.0,0.0,0.0,0.0,0.0,208.0,,
2026-08-17,2026-08-17T11:35:24,20,FPO,32654,Lisa Fajkus,959,23,671.33,0.40345,0.35575,1.0,1.0,0.04242,0.0,976.4,19.4,97344;96417;96418;96419,
2026-08-17,2026-08-17T11:35:24,20,FPO,32917,Rebecca Cox,949,26,564.0,0.0539,0.00389,1.0,0.99999,0.0451,0.0,764.6,27.3,97344;96417;96418;96419,
2026-08-17,2026-08-17T11:35:24,20,FPO,32925,Lindsay Fish,888,159,2.0,0.0,0.0,0.0,0.0,0.0,0.0,2.0,166.0,,
2026-08-17,2026-08-17T11:35:24,20,FPO,34563,Sarah Hokom,947,53,205.0,0.01276,0.0,0.59118,0.01294,0.00902,0.0,359.1,48.1,97344;96417;96418,
2026-08-17,2026-08-17T11:35:24,20,FPO,35321,Sofie Björlycke,936,81,83.25,0.0,0.0,0.0,0.0,0.0,0.0,83.2,83.2,,
2026-08-17,2026-08-17T11:35:24,20,FPO,35774,Camilla Jernberg,873,151,7.5,0.0,0.0,0.0,0.0,0.0,0.0,7.5,151.7,,
2026-08-17,2026-08-17T11:35:24,20,FPO,36307,Amanda Branch,887,192,0.0,0.0,0.0,0.0,0.0,0.0,0.0,2.0,177.9,97344,
2026-08-17,2026-08-17T11:35:24,20,FPO,39504,Zoe AnDyke,930,85,77.0,0.0,0.0,0.0,0.0,0.0,0.0,77.0,86.6,,
2026-08-17,2026-08-17T11:35:24,20,FPO,43995,Taylor Foth,900,182,0.0,0.0,0.0,0.0,0.0,0.0,0.0,0.0,203.0,,
2026-08-17,2026-08-17T11:35:24,20,FPO,44184,Catrina Allen,968,7,1235.75,1.0,1.0,1.0,1.0,0.0,0.0,1494.6,7.3,97344;96417;96418;96419,
2026-08-17,2026-08-17T11:35:24,20,FPO,45407,Brittney Armentrout,860,162,2.0,0.0,0.0,0.0,0.0,0.0,0.0,2.0,162.0,,
2026-08-17,2026-08-17T11:35:24,20,FPO,48199,Alison Blakeman,866,189,0.0,0.0,0.0,0.0,0.0,0.0,0.0,0.0,211.0,,
2026-08-17,2026-08-17T11:35:24,20,FPO,48976,Ohn Scoggins,989,2,1783.33,1.0,1.0,1.0,1.0,0.0,0.48073,2178.7,1.7,97344;96417;96418;96419,
2026-08-17,2026-08-17T11:35:24,20,FPO,50656,Jessica Gurthie,956,19,800.5,1.0,0.65101,1.0,1.0,0.0059,0.0,1037.3,17.3,97344;96417;96418;96419,
2026-08-17,2026-08-17T11:35:24,20,FPO,51277,Holly Finley,937,48,265.0,0.00177,0.0,0.9301,0.00639,0.00105,0.0,357.4,47.9,97344;96417;96418,
2026-08-17,2026-08-17T11:35:24,20,FPO,58303,Sai Ananda,959,77,102.0,0.03201,0.0,0.04391,0.00164,0.02739,0.0,237.0,59.6,97344,
2026-08-17,2026-08-17T11:35:24,20,FPO,59227,Henna Blomroos,968,11,1036.67,1.0,0.99998,1.0,1.0,0.0,0.0,1251.4,11.1,97344;96418;96419,
2026-08-17,2026-08-17T11:35:24,20,FPO,59431,Madison Walker,953,22,677.58,0.09624,0.02561,1.0,1.0,0.06373,0.0,848.3,23.8,97344;96417;96418;96419,
2026-08-17,2026-08-17T11:35:24,20,FPO,60798,Madison Tomaino,923,72,114.25,0.0,0.0,0.0,0.0,0.0,0.0,114.2,75.1,,
2026-08-17,2026-08-17T11:35:24,20,FPO,61144,Emily Beach,901,179,0.0,0.0,0.0,0.0,0.0,0.0,0.0,0.0,206.0,,
2026-08-17,2026-08-17T11:35:24,20,FPO,61990,Katka Boďová,916,97,48.0,0.0,0.0,0.0,0.0,0.0,0.0,48.0,97.8,,
2026-08-17,2026-08-17T11:35:24,20,FPO,62879,Valerie Mandujano,972,10,1047.16,1.0,1.0,1.0,1.0,0.0,0.0,1387.7,8.6,97344;96417;96418;96419,
2026-08-17,2026-08-17T11:35:24,20,FPO,62880,Alexis Mandujano,960,30,542.0,0.19302,0.05892,1.0,1.0,0.11674,0.0,857.0,23.6,97344;96417;96418;96419,
2026-08-17,2026-08-17T11:35:24,20,FPO,63257,Maria Oliva,920,45,287.25,4e-05,0.0,0.96863,0.00013,2e-05,0.0,322.5,50.4,97344;96417;96418,
2026-08-17,2026-08-17T11:35:24,20,FPO,64927,Eveliina Salonen,988,6,1364.67,1.0,1.0,1.0,1.0,0.0,0.0,1726.7,5.6,97344;96418;96419,
2026-08-17,2026-08-17T11:35:24,20,FPO,65489,Lauren Butler,912,58,166.58,1e-05,0.0,0.00033,0.0,0.0,0.0,192.0,60.6,97344;96417,
2026-08-17,2026-08-17T11:35:24,20,FPO,66063,Ashlee Johnson,860,183,0.0,0.0,0.0,0.0,0.0,0.0,0.0,0.0,202.0,,
2026-08-17,2026-08-17T11:35:24,20,FPO,66599,Heidi Laine,963,9,1047.25,0.99999,0.99999,1.0,1.0,0.0,0.0,1232.8,11.5,97344;96418;96419,
2026-08-17,2026-08-17T11:35:24,20,FPO,69584,Danielle Weigandt,853,165,2.0,0.0,0.0,0.0,0.0,0.0,0.0,2.0,165.0,,
2026-08-17,2026-08-17T11:35:24,20,FPO,71262,Erika Stinchcomb,922,43,305.25,5e-05,0.0,0.99025,0.00012,2e-05,0.0,329.8,49.7,97344;96417;96418,
2026-08-17,2026-08-17T11:35:24,20,FPO,72635,Kersti Miller,890,109,34.5,0.0,0.0,0.0,0.0,0.0,0.0,34.5,110.3,,
2026-08-17,2026-08-17T11:35:24,20,FPO,74708,Casey Pennington,903,102,39.5,0.0,0.0,0.0,0.0,0.0,0.0,39.5,103.2,,
2026-08-17,2026-08-17T11:35:24,20,FPO,75029,Cynthia Ricciotti,923,60,153.83,3e-05,0.0,0.00318,0.0,1e-05,0.0,192.2,61.4,97344;96417,
2026-08-17,2026-08-17T11:35:24,20,FPO,76009,Virginia Polkinghorne,885,190,0.0,0.0,0.0,0.0,0.0,0.0,0.0,0.0,210.0,,
2026-08-17,2026-08-17T11:35:24,20,FPO,77385,Matilda Ringbom,947,46,274.0,0.01028,0.0,0.1047,0.00054,0.00947,0.0,328.8,50.5,96418,
2026-08-17,2026-08-17T11:35:24,20,FPO,78232,Tiger Borth,899,126,21.0,0.0,0.0,0.0,0.0,0.0,0.0,23.2,123.8,97344,
2026-08-17,2026-08-17T11:35:24,20,FPO,79233,Cadence Burge,966,51,212.25,0.21104,0.00011,0.97718,0.3895,0.16126,0.0,560.1,36.9,97344;96417;96418,
2026-08-17,2026-08-17T11:35:24,20,FPO,80935,Lindsey Maas,905,93,50.25,0.0,0.0,0.0,0.0,0.0,0.0,52.8,92.9,97344,
2026-08-17,2026-08-17T11:35:24,20,FPO,82809,Alex von Stade,893,123,22.0,0.0,0.0,0.0,0.0,0.0,0.0,22.0,125.6,,
2026-08-17,2026-08-17T11:35:24,20,FPO,83376,Cassandra Lioi,890,150,8.0,0.0,0.0,0.0,0.0,0.0,0.0,8.0,150.7,,
2026-08-17,2026-08-17T11:35:24,20,FPO,84279,Kaidi Allsalu,953,54,203.62,0.02763,0.0,0.0,0.0,0.02599,0.0,281.9,53.7,,
2026-08-17,2026-08-17T11:35:24,20,FPO,85189,Samantha Bonacci,870,137,16.5,0.0,0.0,0.0,0.0,0.0,0.0,16.5,138.5,,
2026-08-17,2026-08-17T11:35:24,20,FPO,85484,Anneli Tõugjas-Männiste,959,28,554.0,0.1562,0.01418,1.0,1.0,0.12339,0.0,801.0,25.8,97344;96417;96418;96419,
2026-08-17,2026-08-17T11:35:24,20,FPO,85942,Missy Gannon,986,4,1518.66,1.0,1.0,1.0,1.0,0.0,0.00159,1879.2,4.2,97344;96417;96418;96419,
2026-08-17,2026-08-17T11:35:24,20,FPO,87094,Rose Shertick,921,209,0.0,0.0,0.0,0.0,0.0,0.0,0.0,7.6,178.3,97344,
2026-08-17,2026-08-17T11:35:24,20,FPO,87443,Andrea Cammack,878,164,2.0,0.0,0.0,0.0,0.0,0.0,0.0,2.0,164.0,,
2026-08-17,2026-08-17T11:35:24,20,FPO,94085,Keiti Tätte,953,56,184.12,0.0106,0.0,0.0,0.0,0.00981,0.0,213.2,59.2,,
2026-08-17,2026-08-17T11:35:24,20,FPO,96090,Sonja Laine,905,107,36.0,0.0,0.0,0.0,0.0,0.0,0.0,36.0,108.3,,
2026-08-17,2026-08-17T11:35:24,20,FPO,96480,Tori Pasquin,831,175,2.0,0.0,0.0,0.0,0.0,0.0,0.0,2.0,175.0,,
2026-08-17,2026-08-17T11:35:24,20,FPO,97238,Jannicke Hjemli,875,148,9.75,0.0,0.0,0.0,0.0,0.0,0.0,9.8,148.6,,
2026-08-17,2026-08-17T11:35:24,20,FPO,99441,Lykke Lorentzen,921,96,48.0,0.0,0.0,0.0,0.0,0.0,0.0,48.0,97.7,,
2026-08-17,2026-08-17T11:35:24,20,FPO,99455,Kat Mertsch,965,8,1108.17,1.0,1.0,1.0,1.0,0.0,0.0,1356.1,9.0,97344;96417;96418;96419,
2026-08-17,2026-08-17T11:35:24,20,FPO,101949,Ratana McMahon,885,67,129.75,0.0,0.0,0.0,0.0,0.0,0.0,129.8,71.5,,
2026-08-17,2026-08-17T11:35:24,20,FPO,102024,Danielle Keen,896,181,0.0,0.0,0.0,0.0,0.0,0.0,0.0,0.0,204.0,,
2026-08-17,2026-08-17T11:35:24,20,FPO,103743,Karen Martel,923,140,15.0,0.0,0.0,0.0,0.0,0.0,0.0,24.0,129.5,97344,
2026-08-17,2026-08-17T11:35:24,20,FPO,104187,Macie Velediaz,952,44,294.67,0.03701,0.0,0.99996,0.24285,0.02871,0.0,494.9,39.8,97344;96417;96418,
2026-08-17,2026-08-17T11:35:24,20,FPO,104314,Violet Main,940,41,317.0,0.0035,0.0,1.0,0.01856,0.00238,0.0,400.8,44.9,97344;96417;96418,
2026-08-17,2026-08-17T11:35:24,20,FPO,104814,Ellie Bryant,895,115,28.25,0.0,0.0,0.0,0.0,0.0,0.0,28.2,116.5,,
2026-08-17,2026-08-17T11:35:24,20,FPO,105126,Aria Castruita,943,98,46.5,0.0,0.0,0.0,0.0,0.0,0.0,46.5,99.3,,
2026-08-17,2026-08-17T11:35:24,20,FPO,106489,Anna Pinter,875,125,21.75,0.0,0.0,0.0,0.0,0.0,0.0,21.8,127.6,,
2026-08-17,2026-08-17T11:35:24,20,FPO,107297,Maria Liivamägi,857,119,24.0,0.0,0.0,0.0,0.0,0.0,0.0,24.0,119.9,,
2026-08-17,2026-08-17T11:35:24,20,FPO,107335,Silva Saarinen,991,1,1832.67,1.0,1.0,1.0,1.0,0.0,0.45117,2173.5,1.7,97344;96418;96419,
2026-08-17,2026-08-17T11:35:24,20,FPO,108871,Brook Johnson,905,118,24.0,0.0,0.0,0.0,0.0,0.0,0.0,24.0,120.2,,
2026-08-17,2026-08-17T11:35:24,20,FPO,109337,Cathy Kuhn,856,180,0.0,0.0,0.0,0.0,0.0,0.0,0.0,0.0,201.0,,
2026-08-17,2026-08-17T11:35:24,20,FPO,109996,Anniken Kristiansen Steen,966,20,700.29,0.32255,0.17909,1.0,1.0,0.14053,0.0,928.1,21.0,97344;96418;96419,
2026-08-17,2026-08-17T11:35:24,20,FPO,111487,Emily Weatherman,960,13,973.58,0.99769,0.99769,1.0,1.0,0.0,0.0,1193.2,12.5,97344;96417;96418;96419,
2026-08-17,2026-08-17T11:35:24,20,FPO,112346,Caryn Ballou,853,194,0.0,0.0,0.0,0.0,0.0,0.0,0.0,2.0,189.4,97344,
2026-08-17,2026-08-17T11:35:24,20,FPO,112647,Hanna Huynh,961,18,818.08,0.89782,0.89644,1.0,1.0,0.00132,0.0,1107.0,15.1,97344;96417;96418;96419,
2026-08-17,2026-08-17T11:35:24,20,FPO,115503,Olivia Kindstedt,949,55,189.0,0.01488,0.0,0.15382,0.00231,0.01351,0.0,305.2,52.1,97344,
2026-08-17,2026-08-17T11:35:24,20,FPO,116694,Kristi Unt,925,99,45.0,0.0,0.0,0.0,0.0,0.0,0.0,45.0,100.3,,
2026-08-17,2026-08-17T11:35:24,20,FPO,120770,Jami Gust,884,202,0.0,0.0,0.0,0.0,0.0,0.0,0.0,2.0,182.6,97344,
2026-08-17,2026-08-17T11:35:24,20,FPO,121554,Elina Rydberg,901,121,23.25,0.0,0.0,0.0,0.0,0.0,0.0,23.2,122.6,,
2026-08-17,2026-08-17T11:35:24,20,FPO,124064,Shelby Cowen,917,59,158.25,0.0,0.0,1e-05,0.0,0.0,0.0,181.3,62.6,96417,
2026-08-17,2026-08-17T11:35:24,20,FPO,126226,Kati Chachere,828,174,2.0,0.0,0.0,0.0,0.0,0.0,0.0,2.0,174.0,,
2026-08-17,2026-08-17T11:35:24,20,FPO,128395,Michelle Saggboy,891,160,2.0,0.0,0.0,0.0,0.0,0.0,0.0,2.0,180.4,,
2026-08-17,2026-08-17T11:35:24,20,FPO,128532,Maarja Soasepp,905,100,42.0,0.0,0.0,0.0,0.0,0.0,0.0,42.0,102.1,,
2026-08-17,2026-08-17T11:35:24,20,FPO,130187,Kat Johnson,915,204,0.0,0.0,0.0,0.0,0.0,0.0,0.0,4.7,174.6,97344,
2026-08-17,2026-08-17T11:35:24,20,FPO,130342,Chantel Budinsky,956,66,136.5,0.05517,0.0,0.37823,0.01864,0.04005,0.0,364.4,48.1,97344;96417,
2026-08-17,2026-08-17T11:35:24,20,FPO,131583,Hannah Lengel,953,87,66.0,0.0082,0.0,0.0,0.0,0.00051,0.0,124.4,73.6,96417,
2026-08-17,2026-08-17T11:35:24,20,FPO,132291,Ashley Phelps,907,122,23.0,0.0,0.0,0.0,0.0,0.0,0.0,23.0,124.2,,
2026-08-17,2026-08-17T11:35:24,20,FPO,132627,Jenn Cazanov-Diggs,904,157,2.0,0.0,0.0,0.0,0.0,0.0,0.0,2.0,160.5,,
2026-08-17,2026-08-17T11:35:24,20,FPO,133547,Holyn Handley,984,3,1713.67,1.0,1.0,1.0,1.0,0.0,0.06648,2043.2,2.8,97344;96418;96419,
2026-08-17,2026-08-17T11:35:24,20,FPO,133701,Nathalie Ortiz,908,88,64.25,0.0,0.0,0.0,0.0,0.0,0.0,64.2,89.0,,
2026-08-17,2026-08-17T11:35:24,20,FPO,135383,Emma Arp,907,155,5.0,0.0,0.0,0.0,0.0,0.0,0.0,5.0,155.8,,
2026-08-17,2026-08-17T11:35:24,20,FPO,138272,Raven Klein,942,24,595.0,0.0225,0.00028,1.0,0.99999,0.0207,0.0,717.7,29.5,97344;96417;96418;96419,
2026-08-17,2026-08-17T11:35:24,20,FPO,139109,Leah Tsinajinnie,926,65,137.75,0.0,0.0,0.00081,0.0,0.0,0.0,150.2,68.1,97344,
2026-08-17,2026-08-17T11:35:24,20,FPO,139387,Hanna Jansson,906,94,50.25,0.0,0.0,0.0,0.0,0.0,0.0,50.2,95.2,,
2026-08-17,2026-08-17T11:35:24,20,FPO,139738,Megan Dophal,908,208,0.0,0.0,0.0,0.0,0.0,0.0,0.0,3.0,192.1,97344,
2026-08-17,2026-08-17T11:35:24,20,FPO,140660,María Eldey Kristínardóttir,923,79,91.5,0.0,0.0,0.0,0.0,0.0,0.0,91.5,81.2,,
2026-08-17,2026-08-17T11:35:24,20,FPO,140947,Nina Bennett,949,69,126.5,0.01693,0.0,0.14534,0.00213,0.01149,0.0,284.2,54.1,97344;96417,
2026-08-17,2026-08-17T11:35:24,20,FPO,142259,Katheryn Maloney,901,205,0.0,0.0,0.0,0.0,0.0,0.0,0.0,2.3,179.1,97344,
2026-08-17,2026-08-17T11:35:24,20,FPO,142354,Alexis Kerman,926,49,252.5,0.00015,0.0,0.49635,9e-05,7e-05,0.0,304.1,52.3,97344;96417;96418,
2026-08-17,2026-08-17T11:35:24,20,FPO,143423,Ember Simonis,916,198,0.0,0.0,0.0,0.0,0.0,0.0,0.0,5.1,179.1,97344,
2026-08-17,2026-08-17T11:35:24,20,FPO,143720,Jessica Kinard,906,139,15.75,0.0,0.0,0.0,0.0,0.0,0.0,15.8,140.5,,
2026-08-17,2026-08-17T11:35:24,20,FPO,144112,Ella Hansen,977,5,1513.08,1.0,1.0,1.0,1.0,0.0,3e-05,1776.8,5.1,97344;96418;96419,
2026-08-17,2026-08-17T11:35:24,20,FPO,144791,Emily Yale,898,70,116.75,0.0,0.0,0.0,0.0,0.0,0.0,118.9,73.9,97344,
2026-08-17,2026-08-17T11:35:24,20,FPO,146137,Dani K. Hart,947,27,556.5,0.04071,0.0004,1.0,0.99998,0.03647,0.0,716.4,29.5,97344;96417;96418;96419,
2026-08-17,2026-08-17T11:35:24,20,FPO,146304,MJ Gager,948,38,392.58,0.02263,0.0,1.0,0.33886,0.01802,0.0,520.4,38.3,97344;96417;96418,
2026-08-17,2026-08-17T11:35:24,20,FPO,147050,Ali Smith,946,74,112.5,0.0,0.0,0.0,0.0,0.0,0.0,112.5,76.2,,
2026-08-17,2026-08-17T11:35:24,20,FPO,147393,Sadie Shattuck,866,138,16.0,0.0,0.0,0.0,0.0,0.0,0.0,16.0,139.5,,
2026-08-17,2026-08-17T11:35:24,20,FPO,149548,VicToria Scott,889,211,0.0,0.0,0.0,0.0,0.0,0.0,0.0,2.0,194.9,97344,
2026-08-17,2026-08-17T11:35:24,20,FPO,149803,Candyce Boyce,894,110,33.0,0.0,0.0,0.0,0.0,0.0,0.0,33.0,112.1,,
2026-08-17,2026-08-17T11:35:24,20,FPO,150057,Hailey Huber,939,64,141.0,0.0,0.0,0.0,0.0,0.0,0.0,141.0,69.0,,
2026-08-17,2026-08-17T11:35:24,20,FPO,151072,Jennifer Rice,895,132,18.0,0.0,0.0,0.0,0.0,0.0,0.0,18.0,133.0,,
2026-08-17,2026-08-17T11:35:24,20,FPO,152191,Kelley Foster,936,33,447.75,0.00481,0.0,1.0,0.39787,0.00429,0.0,524.2,37.8,96417;96418,
2026-08-17,2026-08-17T11:35:24,20,FPO,154098,Ariel Walker,927,101,40.25,0.0,0.0,0.0,0.0,0.0,0.0,52.8,96.7,97344,
2026-08-17,2026-08-17T11:35:24,20,FPO,155026,Amanda Lennartsson,942,37,409.0,0.00374,0.0,1.0,0.05156,0.00347,0.0,449.3,42.0,96418,
2026-08-17,2026-08-17T11:35:24,20,FPO,156259,Ella Tejler,901,86,73.5,0.0,0.0,0.0,0.0,0.0,0.0,73.5,87.7,,
2026-08-17,2026-08-17T11:35:24,20,FPO,156781,Audrey Wicklander,894,193,0.0,0.0,0.0,0.0,0.0,0.0,0.0,2.1,190.6,97344,
2026-08-17,2026-08-17T11:35:24,20,FPO,157471,Nid Ovathanasin,933,135,17.67,0.00023,0.0,4e-05,0.0,0.0,0.0,71.5,89.8,97344;96417,
2026-08-17,2026-08-17T11:35:24,20,FPO,158385,Destyne Martinez,868,156,2.0,0.0,0.0,0.0,0.0,0.0,0.0,2.0,158.0,,
2026-08-17,2026-08-17T11:35:24,20,FPO,158461,Shiru Liu,907,89,63.5,0.0,0.0,0.0,0.0,0.0,0.0,63.5,90.0,,
2026-08-17,2026-08-17T11:35:24,20,FPO,160103,Jacquelyn DeLude,877,201,0.0,0.0,0.0,0.0,0.0,0.0,0.0,2.0,183.6,97344,
2026-08-17,2026-08-17T11:35:24,20,FPO,161231,Sarah May,855,170,2.0,0.0,0.0,0.0,0.0,0.0,0.0,2.0,170.0,,
2026-08-17,2026-08-17T11:35:24,20,FPO,161918,Addison Woodard,956,32,469.08,0.1143,0.00444,1.0,0.99498,0.09575,0.0,744.6,28.3,97344;96417;96418,
2026-08-17,2026-08-17T11:35:24,20,FPO,162735,Eden Fornoff,922,106,36.58,0.0,0.0,0.0,0.0,0.0,0.0,36.6,107.3,,
2026-08-17,2026-08-17T11:35:24,20,FPO,162896,Therese Cuevas,939,50,231.5,0.00196,0.0,0.20939,0.00067,0.00178,0.0,295.2,53.0,97344;96418,
2026-08-17,2026-08-17T11:35:24,20,FPO,164788,Alecia Hinkson,926,73,113.83,0.00011,0.0,0.00119,1e-05,1e-05,0.0,154.2,67.1,97344;96417,
2026-08-17,2026-08-17T11:35:24,20,FPO,165652,Ceci Vollbrecht,896,195,0.0,0.0,0.0,0.0,0.0,0.0,0.0,2.1,189.2,97344,
2026-08-17,2026-08-17T11:35:24,20,FPO,166082,Ashton Webberley,894,161,2.0,0.0,0.0,0.0,0.0,0.0,0.0,2.0,161.0,,
2026-08-17,2026-08-17T11:35:24,20,FPO,166749,Mackenzie Morris,896,149,9.0,0.0,0.0,0.0,0.0,0.0,0.0,9.0,149.6,,
2026-08-17,2026-08-17T11:35:24,20,FPO,167255,AK Kaestner,816,177,2.0,0.0,0.0,0.0,0.0,0.0,0.0,2.0,177.0,,
2026-08-17,2026-08-17T11:35:24,20,FPO,168863,Trinity Bryant,925,47,270.25,0.00014,0.0,0.82995,0.00025,0.00011,0.0,317.1,51.1,97344;96417;96418,
2026-08-17,2026-08-17T11:35:24,20,FPO,170182,Rebecca Minnick,866,112,29.0,0.0,0.0,0.0,0.0,0.0,0.0,29.0,113.5,,
2026-08-17,2026-08-17T11:35:24,20,FPO,173601,Marie Kielas,917,92,51.0,0.0,0.0,0.0,0.0,0.0,0.0,51.0,94.1,,
2026-08-17,2026-08-17T11:35:24,20,FPO,176242,Morgan Lynds,934,71,115.75,0.00047,0.0,0.0084,1e-05,0.00014,0.0,177.9,63.9,97344;96417,
2026-08-17,2026-08-17T11:35:24,20,FPO,176243,Jordan Lynds,942,62,145.25,0.00422,0.0,0.09112,0.00052,0.00265,0.0,257.6,56.0,97344;96417,
2026-08-17,2026-08-17T11:35:24,20,FPO,176481,Karissa Dedmon,921,90,59.0,0.0,0.0,0.0,0.0,0.0,0.0,66.5,89.3,97344,
2026-08-17,2026-08-17T11:35:24,20,FPO,178707,Joleigh Miller,938,76,102.0,0.0,0.0,0.0,0.0,0.0,0.0,102.0,78.7,,
2026-08-17,2026-08-17T11:35:24,20,FPO,178748,Kendyl Sullivan,873,167,2.0,0.0,0.0,0.0,0.0,0.0,0.0,2.0,167.0,,
2026-08-17,2026-08-17T11:35:24,20,FPO,179200,Jamie Williams,863,185,0.0,0.0,0.0,0.0,0.0,0.0,0.0,0.0,207.0,,
2026-08-17,2026-08-17T11:35:24,20,FPO,179873,Jenny Larsson,917,91,54.0,0.0,0.0,0.0,0.0,0.0,0.0,54.0,92.1,,
2026-08-17,2026-08-17T11:35:24,20,FPO,181772,Ida Emilie Nesse,945,31,491.5,0.02795,2e-05,1.0,0.89386,0.02732,0.0,623.4,33.9,97344;96418,
2026-08-17,2026-08-17T11:35:24,20,FPO,182450,Kajsa Wahl,891,105,36.75,0.0,0.0,0.0,0.0,0.0,0.0,36.8,106.3,,
2026-08-17,2026-08-17T11:35:24,20,FPO,184609,Elva-Kate Preston,914,61,146.0,0.0,0.0,4e-05,0.0,0.0,0.0,150.4,66.4,97344,
2026-08-17,2026-08-17T11:35:24,20,FPO,184736,Jennifer Smiley,929,39,383.5,0.00038,0.0,1.0,0.03732,0.00025,0.0,438.3,42.5,97344;96417;96418,
2026-08-17,2026-08-17T11:35:24,20,FPO,185057,Josefine Johansson,930,82,81.0,1e-05,0.0,0.00012,0.0,1e-05,0.0,97.2,80.3,97344,
2026-08-17,2026-08-17T11:35:24,20,FPO,185534,Sofia Donnecke,962,29,547.5,0.17766,0.00028,1.0,0.99754,0.17121,0.0,714.3,29.7,96418,
2026-08-17,2026-08-17T11:35:24,20,FPO,185627,Athena Cuevas,868,141,14.0,0.0,0.0,0.0,0.0,0.0,0.0,14.0,141.6,,
2026-08-17,2026-08-17T11:35:24,20,FPO,186277,Kassandra Fog Wichmann,871,153,6.0,0.0,0.0,0.0,0.0,0.0,0.0,6.0,153.3,,
2026-08-17,2026-08-17T11:35:24,20,FPO,186629,Sanne Dalseth,872,143,13.5,0.0,0.0,0.0,0.0,0.0,0.0,13.5,143.2,,
2026-08-17,2026-08-17T11:35:24,20,FPO,188837,JJ Sun,883,188,0.0,0.0,0.0,0.0,0.0,0.0,0.0,0.0,200.0,,
2026-08-17,2026-08-17T11:35:24,20,FPO,189702,Taylor Chocek,945,15,889.7,0.29997,0.29687,1.0,1.0,0.0031,0.0,982.5,19.2,96418;96419,
2026-08-17,2026-08-17T11:35:24,20,FPO,193215,Lexi Marx,930,80,85.25,0.0,0.0,9e-05,0.0,0.0,0.0,101.6,78.9,97344,
2026-08-17,2026-08-17T11:35:24,20,FPO,195549,Kylie Kohut,940,34,430.75,0.00258,0.0,1.0,0.08285,0.00247,0.0,466.0,40.7,96418,
2026-08-17,2026-08-17T11:35:24,20,FPO,195550,Peyton Kohut,921,57,178.25,0.0,0.0,0.0,0.0,0.0,0.0,178.4,63.0,,
2026-08-17,2026-08-17T11:35:24,20,FPO,196237,Kaire Tekku,923,84,78.75,0.0,0.0,0.0,0.0,0.0,0.0,78.8,85.6,,
2026-08-17,2026-08-17T11:35:24,20,FPO,197689,Isabella Parker,874,131,18.0,0.0,0.0,0.0,0.0,0.0,0.0,18.0,132.0,,
2026-08-17,2026-08-17T11:35:24,20,FPO,198446,Eliezra Midtlyng,952,14,893.58,0.72213,0.72104,1.0,1.0,0.00102,0.0,1041.9,17.1,97344;96417;96418;96419,
2026-08-17,2026-08-17T11:35:24,20,FPO,198721,Hannah Kellar,899,103,38.0,0.0,0.0,0.0,0.0,0.0,0.0,38.0,104.2,,
2026-08-17,2026-08-17T11:35:24,20,FPO,202571,Elizabete Pēkšena,938,52,205.5,0.00147,0.0,0.07569,0.00025,0.00135,0.0,264.7,55.2,97344;96418,
2026-08-17,2026-08-17T11:35:24,20,FPO,208576,Rebecca Don,962,12,1013.99,0.9997,0.9997,1.0,1.0,0.0,0.0,1213.6,12.0,97344;96418;96419,
2026-08-17,2026-08-17T11:35:24,20,FPO,209432,Eden Fletcher,910,104,38.0,0.0,0.0,0.0,0.0,0.0,0.0,38.0,105.2,,
2026-08-17,2026-08-17T11:35:24,20,FPO,209462,Erika Apple,840,176,2.0,0.0,0.0,0.0,0.0,0.0,0.0,2.0,176.0,,
2026-08-17,2026-08-17T11:35:24,20,FPO,210287,Mara Neal,859,169,2.0,0.0,0.0,0.0,0.0,0.0,0.0,2.0,169.0,,
2026-08-17,2026-08-17T11:35:24,20,FPO,210972,Kristýna Jurčíková,968,40,331.0,0.23714,0.00037,1.0,0.65807,0.21605,0.0,629.0,33.6,97344;96418,
2026-08-17,2026-08-17T11:35:24,20,FPO,214417,Fleur Verberk,907,199,0.0,0.0,0.0,0.0,0.0,0.0,0.0,2.8,183.6,97344,
2026-08-17,2026-08-17T11:35:24,20,FPO,215439,Sheliemae Lai,946,78,92.0,0.0,0.0,0.0,0.0,0.0,0.0,92.0,80.2,,
2026-08-17,2026-08-17T11:35:24,20,FPO,215495,Kelsey Martin,877,206,0.0,0.0,0.0,0.0,0.0,0.0,0.0,2.0,180.0,97344,
2026-08-17,2026-08-17T11:35:24,20,FPO,216558,Iida Lehtomäki,959,35,430.25,0.07635,0.0,1.0,0.40312,0.06965,0.0,547.8,37.1,97344;96418,
2026-08-17,2026-08-17T11:35:24,20,FPO,217892,Katie Tews,901,117,25.5,0.0,0.0,0.0,0.0,0.0,0.0,25.5,118.5,,
2026-08-17,2026-08-17T11:35:24,20,FPO,218760,Sarah Duran,869,146,11.0,0.0,0.0,0.0,0.0,0.0,0.0,11.0,146.6,,
2026-08-17,2026-08-17T11:35:24,20,FPO,218779,Amanda Brightwell,832,172,2.0,0.0,0.0,0.0,0.0,0.0,0.0,2.0,172.0,,
2026-08-17,2026-08-17T11:35:24,20,FPO,219693,Anna Damberga,872,127,21.0,0.0,0.0,0.0,0.0,0.0,0.0,21.0,128.6,,
2026-08-17,2026-08-17T11:35:24,20,FPO,221583,Evie Lou Ramey,901,191,0.0,0.0,0.0,0.0,0.0,0.0,0.0,0.0,209.0,,
2026-08-17,2026-08-17T11:35:24,20,FPO,222693,Tanisha Platero,876,163,2.0,0.0,0.0,0.0,0.0,0.0,0.0,2.0,163.0,,
2026-08-17,2026-08-17T11:35:24,20,FPO,222973,Martje Sumowski,913,111,33.0,0.0,0.0,0.0,0.0,0.0,0.0,33.0,111.6,,
2026-08-17,2026-08-17T11:35:24,20,FPO,223975,Laura Tatiana Niño Carranza,876,158,2.0,0.0,0.0,0.0,0.0,0.0,0.0,4.0,156.9,97344,
2026-08-17,2026-08-17T11:35:24,20,FPO,224238,Julia Fors,966,36,428.5,0.23984,0.0038,1.0,0.94641,0.22004,0.0,724.3,29.2,97344;96418,
2026-08-17,2026-08-17T11:35:24,20,FPO,225016,Naomi Suyat,880,187,0.0,0.0,0.0,0.0,0.0,0.0,0.0,0.0,198.0,,
2026-08-17,2026-08-17T11:35:24,20,FPO,227315,Sarah Wadsworth,912,134,18.0,0.0,0.0,0.0,0.0,0.0,0.0,18.0,135.1,,
2026-08-17,2026-08-17T11:35:24,20,FPO,228486,Stefani Ewell,866,147,10.0,0.0,0.0,0.0,0.0,0.0,0.0,10.0,147.6,,
2026-08-17,2026-08-17T11:35:24,20,FPO,229526,Sintija Klezberga,958,17,865.0,0.8743,0.87367,1.0,1.0,0.00063,0.0,1078.4,15.9,97344;96417;96418;96419,
2026-08-17,2026-08-17T11:35:24,20,FPO,231650,Tailey Rowley,913,63,145.0,0.0,0.0,5e-05,0.0,0.0,0.0,149.0,67.3,97344,
2026-08-17,2026-08-17T11:35:24,20,FPO,232666,Rebecka Hoppe,848,154,6.0,0.0,0.0,0.0,0.0,0.0,0.0,6.0,154.1,,
2026-08-17,2026-08-17T11:35:24,20,FPO,232722,Julia Hauch,917,203,0.0,0.0,0.0,0.0,0.0,0.0,0.0,5.5,173.8,97344,
2026-08-17,2026-08-17T11:35:24,20,FPO,235368,Madalyn Payton,896,178,0.0,0.0,0.0,0.0,0.0,0.0,0.0,0.0,205.0,,
2026-08-17,2026-08-17T11:35:24,20,FPO,238187,Ann Deputy,924,83,80.25,0.0,0.0,0.0,0.0,0.0,0.0,90.0,82.4,97344,
2026-08-17,2026-08-17T11:35:24,20,FPO,240590,Amelia Saechao,877,120,24.0,0.0,0.0,0.0,0.0,0.0,0.0,24.0,121.6,,
2026-08-17,2026-08-17T11:35:24,20,FPO,242116,Eva Lutsenko,931,124,21.75,0.0,0.0,0.0,0.0,0.0,0.0,21.8,126.6,,
2026-08-17,2026-08-17T11:35:24,20,FPO,242331,Ida Kennmark,876,142,13.5,0.0,0.0,0.0,0.0,0.0,0.0,13.5,142.9,,
2026-08-17,2026-08-17T11:35:24,20,FPO,245180,Chelsea Sutton,854,173,2.0,0.0,0.0,0.0,0.0,0.0,0.0,2.0,173.0,,
2026-08-17,2026-08-17T11:35:24,20,FPO,245306,Netta Leppäaho,948,75,105.75,0.0,0.0,0.0,0.0,0.0,0.0,105.8,77.5,,
2026-08-17,2026-08-17T11:35:24,20,FPO,245317,Sophi Stephenson,862,144,12.0,0.0,0.0,0.0,0.0,0.0,0.0,12.0,144.6,,
2026-08-17,2026-08-17T11:35:24,20,FPO,254333,Jess Zilch,875,129,19.5,0.0,0.0,0.0,0.0,0.0,0.0,19.5,130.7,,
2026-08-17,2026-08-17T11:35:24,20,FPO,255962,Samantha Zaborowski,901,210,0.0,0.0,0.0,0.0,0.0,0.0,0.0,2.3,192.9,97344,
2026-08-17,2026-08-17T11:35:24,20,FPO,256846,Lea Tomas,889,207,0.0,0.0,0.0,0.0,0.0,0.0,0.0,2.0,196.8,97344,
2026-08-17,2026-08-17T11:35:24,20,FPO,259972,Marion Mattsson,862,145,11.25,0.0,0.0,0.0,0.0,0.0,0.0,11.2,145.6,,
2026-08-17,2026-08-17T11:35:24,20,FPO,261058,Jessica Erickson,891,95,49.0,0.0,0.0,0.0,0.0,0.0,0.0,49.0,96.2,,
2026-08-17,2026-08-17T11:35:24,20,FPO,261216,Victoria Christensen,864,136,17.25,0.0,0.0,0.0,0.0,0.0,0.0,17.2,136.7,,
2026-08-17,2026-08-17T11:35:24,20,FPO,268900,Natalie Berg,883,128,19.5,0.0,0.0,0.0,0.0,0.0,0.0,19.5,129.7,,
2026-08-17,2026-08-17T11:35:24,20,FPO,269838,Daisy Kelly,882,186,0.0,0.0,0.0,0.0,0.0,0.0,0.0,0.0,199.0,,
2026-08-17,2026-08-17T11:35:24,20,FPO,277832,Chandler Reigh,939,25,575.75,0.01492,1e-05,1.0,0.99975,0.01397,0.0,671.4,31.8,97344;96417;96418;96419,
2026-08-17,2026-08-17T11:35:24,20,FPO,278450,Brit Hamburg-Kiin,860,114,28.5,0.0,0.0,0.0,0.0,0.0,0.0,28.5,115.5,,
2026-08-17,2026-08-17T11:35:24,20,FPO,279466,Gry Nagel,807,133,18.0,0.0,0.0,0.0,0.0,0.0,0.0,18.0,134.0,,
2026-08-17,2026-08-17T11:35:24,20,FPO,281626,Una Lokmane,885,113,28.5,0.0,0.0,0.0,0.0,0.0,0.0,28.5,114.5,,
2026-08-17,2026-08-17T11:35:24,20,FPO,284553,Katherine Aydelott,872,152,6.0,0.0,0.0,0.0,0.0,0.0,0.0,6.0,153.8,,
2026-08-17,2026-08-17T11:35:24,20,FPO,286978,Michelle Southworth,805,171,2.0,0.0,0.0,0.0,0.0,0.0,0.0,2.0,171.0,,
2026-08-17,2026-08-17T11:35:24,20,FPO,288014,Jordan Coomes,840,130,18.0,0.0,0.0,0.0,0.0,0.0,0.0,18.0,134.3,,
2026-08-17,2026-08-17T11:35:24,20,FPO,297287,Marta Villa,860,168,2.0,0.0,0.0,0.0,0.0,0.0,0.0,2.0,168.0,,
2026-08-17,2026-08-17T11:35:24,20,FPO,302765,Grace Wilson,891,200,0.0,0.0,0.0,0.0,0.0,0.0,0.0,2.0,186.4,97344,
2026-08-17,2026-08-17T11:35:24,20,FPO,308525,Saga Dahlstedt,924,68,127.5,0.0,0.0,0.0,0.0,0.0,0.0,127.5,72.7,,
2026-08-17,2026-08-17T11:35:24,20,FPO,311218,Mina Alme,918,108,35.25,0.0,0.0,0.0,0.0,0.0,0.0,35.2,109.3,,
2026-08-19,2026-08-19T02:48:16,20,FPO,3024,Chris O'Cleary,914,196,0.0,0.0,0.0,0.0,0.0,0.0,0.0,4.0,182.5,97344,
2026-08-19,2026-08-19T02:48:16,20,FPO,3090,Elaine King,892,197,0.0,0.0,0.0,0.0,0.0,0.0,0.0,2.0,187.7,97344,
2026-08-19,2026-08-19T02:48:16,20,FPO,8803,Ruth Steele,867,166,2.0,0.0,0.0,0.0,0.0,0.0,0.0,2.0,166.0,,
2026-08-19,2026-08-19T02:48:16,20,FPO,15354,Jennifer Allen,966,42,313.0,0.18378,8e-05,0.99997,0.4815,0.1671,0.0,583.3,35.8,97344;96418,
2026-08-19,2026-08-19T02:48:16,20,FPO,27832,Kona Star Montgomery,950,21,680.0,0.09703,0.05262,1.0,1.0,0.04044,0.0,876.3,23.0,97344;96417;96418;96419,
2026-08-19,2026-08-19T02:48:16,20,FPO,29190,Paige Pierce,963,16,885.67,0.86163,0.85993,1.0,1.0,0.0017,0.0,1082.7,15.8,97344;96418;96419,
2026-08-19,2026-08-19T02:48:16,20,FPO,29947,Stephanie Vincent,927,116,28.0,0.0,0.0,0.0,0.0,0.0,0.0,28.0,117.4,,
2026-08-19,2026-08-19T02:48:16,20,FPO,31041,Sheila Teves,883,184,0.0,0.0,0.0,0.0,0.0,0.0,0.0,0.0,208.0,,
2026-08-19,2026-08-19T02:48:16,20,FPO,32654,Lisa Fajkus,959,23,671.33,0.40025,0.35242,1.0,1.0,0.04284,0.0,974.9,19.5,97344;96417;96418;96419,
2026-08-19,2026-08-19T02:48:16,20,FPO,32917,Rebecca Cox,949,26,564.0,0.05567,0.0039,1.0,0.99996,0.04655,0.0,762.8,27.6,97344;96417;96418;96419,
2026-08-19,2026-08-19T02:48:16,20,FPO,32925,Lindsay Fish,888,159,2.0,0.0,0.0,0.0,0.0,0.0,0.0,2.0,164.4,,
2026-08-19,2026-08-19T02:48:16,20,FPO,34563,Sarah Hokom,947,53,205.0,0.01317,0.0,0.57701,0.01185,0.00907,0.0,356.7,48.3,97344;96417;96418,
2026-08-19,2026-08-19T02:48:16,20,FPO,35321,Sofie Björlycke,936,81,83.25,0.0,0.0,0.0,0.0,0.0,0.0,83.2,83.1,,
2026-08-19,2026-08-19T02:48:16,20,FPO,35774,Camilla Jernberg,873,151,7.5,0.0,0.0,0.0,0.0,0.0,0.0,7.5,151.6,,
2026-08-19,2026-08-19T02:48:16,20,FPO,36307,Amanda Branch,887,192,0.0,0.0,0.0,0.0,0.0,0.0,0.0,2.0,178.0,97344,
2026-08-19,2026-08-19T02:48:16,20,FPO,39504,Zoe AnDyke,930,85,77.0,0.0,0.0,0.0,0.0,0.0,0.0,77.0,86.6,,
2026-08-19,2026-08-19T02:48:16,20,FPO,43995,Taylor Foth,900,182,0.0,0.0,0.0,0.0,0.0,0.0,0.0,0.0,203.0,,
2026-08-19,2026-08-19T02:48:16,20,FPO,44184,Catrina Allen,968,7,1235.75,1.0,1.0,1.0,1.0,0.0,0.0,1493.8,7.3,97344;96417;96418;96419,
2026-08-19,2026-08-19T02:48:16,20,FPO,45407,Brittney Armentrout,860,162,2.0,0.0,0.0,0.0,0.0,0.0,0.0,2.0,162.0,,
2026-08-19,2026-08-19T02:48:16,20,FPO,48199,Alison Blakeman,866,189,0.0,0.0,0.0,0.0,0.0,0.0,0.0,0.0,211.0,,
2026-08-19,2026-08-19T02:48:16,20,FPO,48976,Ohn Scoggins,989,2,1783.33,1.0,1.0,1.0,1.0,0.0,0.48174,2179.0,1.7,97344;96417;96418;96419,
2026-08-19,2026-08-19T02:48:16,20,FPO,50656,Jessica Gurthie,956,19,800.5,1.0,0.64565,1.0,1.0,0.00651,0.0,1036.2,17.4,97344;96417;96418;96419,
2026-08-19,2026-08-19T02:48:16,20,FPO,51277,Holly Finley,937,48,265.0,0.00162,0.0,0.93254,0.00589,0.00098,0.0,355.5,48.0,97344;96417;96418,
2026-08-19,2026-08-19T02:48:16,20,FPO,58303,Sai Ananda,959,77,102.0,0.03207,0.0,0.04469,0.00171,0.02726,0.0,234.8,59.8,97344,
2026-08-19,2026-08-19T02:48:16,20,FPO,59227,Henna Blomroos,968,11,1036.67,1.0,0.99998,1.0,1.0,0.0,0.0,1251.9,11.0,97344;96418;96419,
2026-08-19,2026-08-19T02:48:16,20,FPO,59431,Madison Walker,953,22,677.58,0.09701,0.02505,1.0,1.0,0.06477,0.0,847.6,24.0,97344;96417;96418;96419,
2026-08-19,2026-08-19T02:48:16,20,FPO,60798,Madison Tomaino,923,72,114.25,0.0,0.0,0.0,0.0,0.0,0.0,114.2,75.0,,
2026-08-19,2026-08-19T02:48:16,20,FPO,61144,Emily Beach,901,179,0.0,0.0,0.0,0.0,0.0,0.0,0.0,0.0,206.0,,
2026-08-19,2026-08-19T02:48:16,20,FPO,61990,Katka Boďová,916,97,48.0,0.0,0.0,0.0,0.0,0.0,0.0,48.0,97.7,,
2026-08-19,2026-08-19T02:48:16,20,FPO,62879,Valerie Mandujano,972,10,1047.16,1.0,1.0,1.0,1.0,0.0,0.0,1387.0,8.6,97344;96417;96418;96419,
2026-08-19,2026-08-19T02:48:16,20,FPO,62880,Alexis Mandujano,960,30,542.0,0.19457,0.05835,1.0,1.0,0.11936,0.0,854.4,23.9,97344;96417;96418;96419,
2026-08-19,2026-08-19T02:48:16,20,FPO,63257,Maria Oliva,920,45,287.25,2e-05,0.0,0.97347,5e-05,0.0,0.0,321.8,50.4,97344;96417;96418,
2026-08-19,2026-08-19T02:48:16,20,FPO,64927,Eveliina Salonen,988,6,1364.67,1.0,1.0,1.0,1.0,0.0,0.0,1726.3,5.6,97344;96418;96419,
2026-08-19,2026-08-19T02:48:16,20,FPO,65489,Lauren Butler,912,58,166.58,0.0,0.0,0.00037,0.0,0.0,0.0,193.6,60.3,97344;96417;96418,
2026-08-19,2026-08-19T02:48:16,20,FPO,66063,Ashlee Johnson,860,183,0.0,0.0,0.0,0.0,0.0,0.0,0.0,0.0,202.0,,
2026-08-19,2026-08-19T02:48:16,20,FPO,66599,Heidi Laine,963,9,1047.25,0.99999,0.99999,1.0,1.0,0.0,0.0,1232.4,11.5,97344;96418;96419,
2026-08-19,2026-08-19T02:48:16,20,FPO,69584,Danielle Weigandt,853,165,2.0,0.0,0.0,0.0,0.0,0.0,0.0,2.0,165.0,,
2026-08-19,2026-08-19T02:48:16,20,FPO,71262,Erika Stinchcomb,922,43,305.25,5e-05,0.0,0.99215,0.00012,4e-05,0.0,329.4,49.6,97344;96417;96418,
2026-08-19,2026-08-19T02:48:16,20,FPO,72635,Kersti Miller,890,109,34.5,0.0,0.0,0.0,0.0,0.0,0.0,34.5,110.3,,
2026-08-19,2026-08-19T02:48:16,20,FPO,74708,Casey Pennington,903,102,39.5,0.0,0.0,0.0,0.0,0.0,0.0,39.5,103.1,,
2026-08-19,2026-08-19T02:48:16,20,FPO,75029,Cynthia Ricciotti,923,60,153.83,5e-05,0.0,0.00313,0.0,0.0,0.0,191.2,61.4,97344;96417,
2026-08-19,2026-08-19T02:48:16,20,FPO,76009,Virginia Polkinghorne,885,190,0.0,0.0,0.0,0.0,0.0,0.0,0.0,0.0,210.0,,
2026-08-19,2026-08-19T02:48:16,20,FPO,77385,Matilda Ringbom,947,46,274.0,0.00989,0.0,0.12275,0.00041,0.00937,0.0,328.8,50.4,96418,
2026-08-19,2026-08-19T02:48:16,20,FPO,78232,Tiger Borth,899,126,21.0,0.0,0.0,0.0,0.0,0.0,0.0,23.2,123.7,97344,
2026-08-19,2026-08-19T02:48:16,20,FPO,79233,Cadence Burge,966,51,212.25,0.20963,0.00012,0.97485,0.37897,0.16065,0.0,558.1,37.0,97344;96417;96418,
2026-08-19,2026-08-19T02:48:16,20,FPO,80935,Lindsey Maas,905,93,50.25,0.0,0.0,0.0,0.0,0.0,0.0,55.5,92.5,97344;96418,
2026-08-19,2026-08-19T02:48:16,20,FPO,82809,Alex von Stade,893,123,22.0,0.0,0.0,0.0,0.0,0.0,0.0,22.0,125.5,,
2026-08-19,2026-08-19T02:48:16,20,FPO,83376,Cassandra Lioi,890,150,8.0,0.0,0.0,0.0,0.0,0.0,0.0,8.0,150.6,,
2026-08-19,2026-08-19T02:48:16,20,FPO,84279,Kaidi Allsalu,953,54,203.62,0.0277,0.0,0.0,0.0,0.0259,0.0,281.9,53.7,,
2026-08-19,2026-08-19T02:48:16,20,FPO,85189,Samantha Bonacci,870,137,16.5,0.0,0.0,0.0,0.0,0.0,0.0,16.5,138.4,,
2026-08-19,2026-08-19T02:48:16,20,FPO,85484,Anneli Tõugjas-Männiste,959,28,554.0,0.15786,0.01496,1.0,1.0,0.1239,0.0,800.8,26.0,97344;96417;96418;96419,
2026-08-19,2026-08-19T02:48:16,20,FPO,85942,Missy Gannon,986,4,1518.66,1.0,1.0,1.0,1.0,0.0,0.00185,1879.5,4.2,97344;96417;96418;96419,
2026-08-19,2026-08-19T02:48:16,20,FPO,87094,Rose Shertick,921,209,0.0,0.0,0.0,0.0,0.0,0.0,0.0,7.0,180.1,97344,
2026-08-19,2026-08-19T02:48:16,20,FPO,87443,Andrea Cammack,878,164,2.0,0.0,0.0,0.0,0.0,0.0,0.0,2.0,164.0,,
2026-08-19,2026-08-19T02:48:16,20,FPO,94085,Keiti Tätte,953,56,184.12,0.01154,0.0,0.0,0.0,0.0109,0.0,215.1,59.0,,
2026-08-19,2026-08-19T02:48:16,20,FPO,96090,Sonja Laine,905,107,36.0,0.0,0.0,0.0,0.0,0.0,0.0,36.0,108.2,,
2026-08-19,2026-08-19T02:48:16,20,FPO,96480,Tori Pasquin,831,175,2.0,0.0,0.0,0.0,0.0,0.0,0.0,2.0,175.0,,
2026-08-19,2026-08-19T02:48:16,20,FPO,97238,Jannicke Hjemli,875,148,9.75,0.0,0.0,0.0,0.0,0.0,0.0,9.8,148.5,,
2026-08-19,2026-08-19T02:48:16,20,FPO,99441,Lykke Lorentzen,921,96,48.0,0.0,0.0,0.0,0.0,0.0,0.0,48.0,97.6,,
2026-08-19,2026-08-19T02:48:16,20,FPO,99455,Kat Mertsch,965,8,1108.17,1.0,1.0,1.0,1.0,0.0,0.0,1355.3,9.0,97344;96417;96418;96419,
2026-08-19,2026-08-19T02:48:16,20,FPO,101949,Ratana McMahon,885,67,129.75,0.0,0.0,0.0,0.0,0.0,0.0,129.8,71.5,,
2026-08-19,2026-08-19T02:48:16,20,FPO,102024,Danielle Keen,896,181,0.0,0.0,0.0,0.0,0.0,0.0,0.0,0.0,204.0,,
2026-08-19,2026-08-19T02:48:16,20,FPO,103743,Karen Martel,923,140,15.0,0.0,0.0,0.0,0.0,0.0,0.0,23.2,130.3,97344,
2026-08-19,2026-08-19T02:48:16,20,FPO,104187,Macie Velediaz,952,44,294.67,0.03738,0.0,0.99997,0.23139,0.02857,0.0,492.7,40.0,97344;96417;96418,
2026-08-19,2026-08-19T02:48:16,20,FPO,104314,Violet Main,940,41,317.0,0.0039,0.0,1.0,0.01749,0.0026,0.0,399.9,44.9,97344;96417;96418,
2026-08-19,2026-08-19T02:48:16,20,FPO,104814,Ellie Bryant,895,115,28.25,0.0,0.0,0.0,0.0,0.0,0.0,28.2,116.4,,
2026-08-19,2026-08-19T02:48:16,20,FPO,105126,Aria Castruita,943,98,46.5,0.0,0.0,0.0,0.0,0.0,0.0,46.5,99.2,,
2026-08-19,2026-08-19T02:48:16,20,FPO,106489,Anna Pinter,875,125,21.75,0.0,0.0,0.0,0.0,0.0,0.0,21.8,127.5,,
2026-08-19,2026-08-19T02:48:16,20,FPO,107297,Maria Liivamägi,857,119,24.0,0.0,0.0,0.0,0.0,0.0,0.0,24.0,119.8,,
2026-08-19,2026-08-19T02:48:16,20,FPO,107335,Silva Saarinen,991,1,1832.67,1.0,1.0,1.0,1.0,0.0,0.44929,2173.3,1.7,97344;96418;96419,
2026-08-19,2026-08-19T02:48:16,20,FPO,108871,Brook Johnson,905,118,24.0,0.0,0.0,0.0,0.0,0.0,0.0,24.0,120.2,,
2026-08-19,2026-08-19T02:48:16,20,FPO,109337,Cathy Kuhn,856,180,0.0,0.0,0.0,0.0,0.0,0.0,0.0,0.0,201.0,,
2026-08-19,2026-08-19T02:48:16,20,FPO,109996,Anniken Kristiansen Steen,966,20,700.29,0.32425,0.17935,1.0,1.0,0.14204,0.0,927.7,21.1,97344;96418;96419,
2026-08-19,2026-08-19T02:48:16,20,FPO,111487,Emily Weatherman,960,13,973.58,0.99768,0.99768,1.0,1.0,0.0,0.0,1192.6,12.5,97344;96417;96418;96419,
2026-08-19,2026-08-19T02:48:16,20,FPO,112346,Caryn Ballou,853,194,0.0,0.0,0.0,0.0,0.0,0.0,0.0,2.0,189.6,97344,
2026-08-19,2026-08-19T02:48:16,20,FPO,112647,Hanna Huynh,961,18,818.08,0.89174,0.89024,1.0,1.0,0.00144,0.0,1106.1,15.1,97344;96417;96418;96419,
2026-08-19,2026-08-19T02:48:16,20,FPO,115503,Olivia Kindstedt,949,55,189.0,0.01437,0.0,0.15007,0.00201,0.01294,0.0,303.2,52.2,97344,
2026-08-19,2026-08-19T02:48:16,20,FPO,116694,Kristi Unt,925,99,45.0,0.0,0.0,0.0,0.0,0.0,0.0,45.0,100.3,,
2026-08-19,2026-08-19T02:48:16,20,FPO,120770,Jami Gust,884,202,0.0,0.0,0.0,0.0,0.0,0.0,0.0,2.0,182.7,97344,
2026-08-19,2026-08-19T02:48:16,20,FPO,121554,Elina Rydberg,901,121,23.25,0.0,0.0,0.0,0.0,0.0,0.0,23.2,122.5,,
2026-08-19,2026-08-19T02:48:16,20,FPO,124064,Shelby Cowen,917,59,158.25,3e-05,0.0,4e-05,0.0,0.0,0.0,181.4,62.6,96417,
2026-08-19,2026-08-19T02:48:16,20,FPO,126226,Kati Chachere,828,174,2.0,0.0,0.0,0.0,0.0,0.0,0.0,2.0,174.0,,
2026-08-19,2026-08-19T02:48:16,20,FPO,128395,Michelle Saggboy,891,160,2.0,0.0,0.0,0.0,0.0,0.0,0.0,2.0,178.2,,
2026-08-19,2026-08-19T02:48:16,20,FPO,128532,Maarja Soasepp,905,100,42.0,0.0,0.0,0.0,0.0,0.0,0.0,42.0,102.1,,
2026-08-19,2026-08-19T02:48:16,20,FPO,130187,Kat Johnson,915,204,0.0,0.0,0.0,0.0,0.0,0.0,0.0,4.3,175.7,97344,
2026-08-19,2026-08-19T02:48:16,20,FPO,130342,Chantel Budinsky,956,66,136.5,0.05481,0.0,0.37306,0.01737,0.03953,0.0,361.6,48.2,97344;96417,
2026-08-19,2026-08-19T02:48:16,20,FPO,131583,Hannah Lengel,953,87,66.0,0.00836,0.0,0.0,0.0,0.00039,0.0,124.6,73.5,96417,
2026-08-19,2026-08-19T02:48:16,20,FPO,132291,Ashley Phelps,907,122,23.0,0.0,0.0,0.0,0.0,0.0,0.0,23.0,124.2,,
2026-08-19,2026-08-19T02:48:16,20,FPO,132627,Jenn Cazanov-Diggs,904,157,2.0,0.0,0.0,0.0,0.0,0.0,0.0,2.0,159.9,,
2026-08-19,2026-08-19T02:48:16,20,FPO,133547,Holyn Handley,984,3,1713.67,1.0,1.0,1.0,1.0,0.0,0.06707,2042.5,2.8,97344;96418;96419,
2026-08-19,2026-08-19T02:48:16,20,FPO,133701,Nathalie Ortiz,908,88,64.25,0.0,0.0,0.0,0.0,0.0,0.0,64.2,88.9,,
2026-08-19,2026-08-19T02:48:16,20,FPO,135383,Emma Arp,907,155,5.0,0.0,0.0,0.0,0.0,0.0,0.0,5.0,155.7,,
2026-08-19,2026-08-19T02:48:16,20,FPO,138272,Raven Klein,942,24,595.0,0.02348,0.0003,1.0,1.0,0.02143,0.0,716.4,29.7,97344;96417;96418;96419,
2026-08-19,2026-08-19T02:48:16,20,FPO,139109,Leah Tsinajinnie,926,65,137.75,0.0,0.0,0.00065,0.0,0.0,0.0,149.1,68.2,97344,
2026-08-19,2026-08-19T02:48:16,20,FPO,139387,Hanna Jansson,906,94,50.25,0.0,0.0,0.0,0.0,0.0,0.0,50.2,95.1,,
2026-08-19,2026-08-19T02:48:16,20,FPO,139738,Megan Dophal,908,208,0.0,0.0,0.0,0.0,0.0,0.0,0.0,2.8,192.7,97344,
2026-08-19,2026-08-19T02:48:16,20,FPO,140660,María Eldey Kristínardóttir,923,79,91.5,0.0,0.0,0.0,0.0,0.0,0.0,91.5,81.1,,
2026-08-19,2026-08-19T02:48:16,20,FPO,140947,Nina Bennett,949,69,126.5,0.01566,0.0,0.14149,0.00222,0.0106,0.0,280.8,54.3,97344;96417,
2026-08-19,2026-08-19T02:48:16,20,FPO,142259,Katheryn Maloney,901,205,0.0,0.0,0.0,0.0,0.0,0.0,0.0,2.3,179.3,97344,
2026-08-19,2026-08-19T02:48:16,20,FPO,142354,Alexis Kerman,926,49,252.5,0.00016,0.0,0.50052,0.0001,7e-05,0.0,303.0,52.3,97344;96417;96418,
2026-08-19,2026-08-19T02:48:16,20,FPO,143423,Ember Simonis,916,198,0.0,0.0,0.0,0.0,0.0,0.0,0.0,4.6,180.2,97344,
2026-08-19,2026-08-19T02:48:16,20,FPO,143720,Jessica Kinard,906,139,15.75,0.0,0.0,0.0,0.0,0.0,0.0,15.8,140.4,,
2026-08-19,2026-08-19T02:48:16,20,FPO,144112,Ella Hansen,977,5,1513.08,1.0,1.0,1.0,1.0,0.0,5e-05,1777.2,5.1,97344;96418;96419,
2026-08-19,2026-08-19T02:48:16,20,FPO,144791,Emily Yale,898,70,116.75,0.0,0.0,0.0,0.0,0.0,0.0,118.9,73.9,97344,
2026-08-19,2026-08-19T02:48:16,20,FPO,146137,Dani K. Hart,947,27,556.5,0.0427,0.00039,1.0,0.99993,0.03875,0.0,716.3,29.8,97344;96417;96418;96419,
2026-08-19,2026-08-19T02:48:16,20,FPO,146304,MJ Gager,948,38,392.58,0.02266,0.0,1.0,0.3277,0.01759,0.0,519.0,38.4,97344;96417;96418,
2026-08-19,2026-08-19T02:48:16,20,FPO,147050,Ali Smith,946,74,112.5,0.0,0.0,0.0,0.0,0.0,0.0,112.5,76.1,,
2026-08-19,2026-08-19T02:48:16,20,FPO,147393,Sadie Shattuck,866,138,16.0,0.0,0.0,0.0,0.0,0.0,0.0,16.0,139.4,,
2026-08-19,2026-08-19T02:48:16,20,FPO,149548,VicToria Scott,889,211,0.0,0.0,0.0,0.0,0.0,0.0,0.0,2.0,194.9,97344,
2026-08-19,2026-08-19T02:48:16,20,FPO,149803,Candyce Boyce,894,110,33.0,0.0,0.0,0.0,0.0,0.0,0.0,33.0,112.1,,
2026-08-19,2026-08-19T02:48:16,20,FPO,150057,Hailey Huber,939,64,141.0,0.0,0.0,0.0,0.0,0.0,0.0,141.0,68.9,,
2026-08-19,2026-08-19T02:48:16,20,FPO,151072,Jennifer Rice,895,132,18.0,0.0,0.0,0.0,0.0,0.0,0.0,18.0,133.0,,
2026-08-19,2026-08-19T02:48:16,20,FPO,152191,Kelley Foster,936,33,447.75,0.00489,0.0,1.0,0.41312,0.00437,0.0,527.5,37.7,96417;96418,
2026-08-19,2026-08-19T02:48:16,20,FPO,154098,Ariel Walker,927,101,40.25,1e-05,0.0,1e-05,0.0,0.0,0.0,51.9,97.1,97344,
2026-08-19,2026-08-19T02:48:16,20,FPO,155026,Amanda Lennartsson,942,37,409.0,0.00368,0.0,1.0,0.04852,0.0034,0.0,449.0,42.0,96418,
2026-08-19,2026-08-19T02:48:16,20,FPO,156259,Ella Tejler,901,86,73.5,0.0,0.0,0.0,0.0,0.0,0.0,73.5,87.7,,
2026-08-19,2026-08-19T02:48:16,20,FPO,156781,Audrey Wicklander,894,193,0.0,0.0,0.0,0.0,0.0,0.0,0.0,2.1,190.8,97344,
2026-08-19,2026-08-19T02:48:16,20,FPO,157471,Nid Ovathanasin,933,135,17.67,0.00037,0.0,0.0001,0.0,0.0,0.0,70.0,90.3,97344;96417,
2026-08-19,2026-08-19T02:48:16,20,FPO,158385,Destyne Martinez,868,156,2.0,0.0,0.0,0.0,0.0,0.0,0.0,2.0,157.8,,
2026-08-19,2026-08-19T02:48:16,20,FPO,158461,Shiru Liu,907,89,63.5,0.0,0.0,0.0,0.0,0.0,0.0,63.5,89.9,,
2026-08-19,2026-08-19T02:48:16,20,FPO,160103,Jacquelyn DeLude,877,201,0.0,0.0,0.0,0.0,0.0,0.0,0.0,2.0,183.7,97344,
2026-08-19,2026-08-19T02:48:16,20,FPO,161231,Sarah May,855,170,2.0,0.0,0.0,0.0,0.0,0.0,0.0,2.0,170.0,,
2026-08-19,2026-08-19T02:48:16,20,FPO,161918,Addison Woodard,956,32,469.08,0.11667,0.0043,1.0,0.9932,0.09868,0.0,742.8,28.6,97344;96417;96418,
2026-08-19,2026-08-19T02:48:16,20,FPO,162735,Eden Fornoff,922,106,36.58,0.0,0.0,0.0,0.0,0.0,0.0,36.6,107.2,,
2026-08-19,2026-08-19T02:48:16,20,FPO,162896,Therese Cuevas,939,50,231.5,0.00194,0.0,0.19741,0.00063,0.00181,0.0,292.9,53.1,97344;96418,
2026-08-19,2026-08-19T02:48:16,20,FPO,164788,Alecia Hinkson,926,73,113.83,0.00011,0.0,0.00101,0.0,0.0,0.0,153.3,67.1,97344;96417,
2026-08-19,2026-08-19T02:48:16,20,FPO,165652,Ceci Vollbrecht,896,195,0.0,0.0,0.0,0.0,0.0,0.0,0.0,2.1,189.4,97344,
2026-08-19,2026-08-19T02:48:16,20,FPO,166082,Ashton Webberley,894,161,2.0,0.0,0.0,0.0,0.0,0.0,0.0,2.0,161.0,,
2026-08-19,2026-08-19T02:48:16,20,FPO,166749,Mackenzie Morris,896,149,9.0,0.0,0.0,0.0,0.0,0.0,0.0,9.0,149.5,,
2026-08-19,2026-08-19T02:48:16,20,FPO,167255,AK Kaestner,816,177,2.0,0.0,0.0,0.0,0.0,0.0,0.0,2.0,177.0,,
2026-08-19,2026-08-19T02:48:16,20,FPO,168863,Trinity Bryant,925,47,270.25,9e-05,0.0,0.84463,0.00019,3e-05,0.0,316.3,51.1,97344;96417;96418,
2026-08-19,2026-08-19T02:48:16,20,FPO,170182,Rebecca Minnick,866,112,29.0,0.0,0.0,0.0,0.0,0.0,0.0,29.0,113.4,,
2026-08-19,2026-08-19T02:48:16,20,FPO,173601,Marie Kielas,917,92,51.0,0.0,0.0,0.0,0.0,0.0,0.0,51.0,94.1,,
2026-08-19,2026-08-19T02:48:16,20,FPO,176242,Morgan Lynds,934,71,115.75,0.00045,0.0,0.00724,0.0,0.00013,0.0,176.0,64.0,97344;96417,
2026-08-19,2026-08-19T02:48:16,20,FPO,176243,Jordan Lynds,942,62,145.25,0.00448,0.0,0.08677,0.00037,0.00272,0.0,254.6,56.1,97344;96417,
2026-08-19,2026-08-19T02:48:16,20,FPO,176481,Karissa Dedmon,921,90,59.0,0.0,0.0,0.0,0.0,0.0,0.0,66.0,89.4,97344,
2026-08-19,2026-08-19T02:48:16,20,FPO,178707,Joleigh Miller,938,76,102.0,0.0,0.0,0.0,0.0,0.0,0.0,102.0,78.6,,
2026-08-19,2026-08-19T02:48:16,20,FPO,178748,Kendyl Sullivan,873,167,2.0,0.0,0.0,0.0,0.0,0.0,0.0,2.0,167.0,,
2026-08-19,2026-08-19T02:48:16,20,FPO,179200,Jamie Williams,863,185,0.0,0.0,0.0,0.0,0.0,0.0,0.0,0.0,207.0,,
2026-08-19,2026-08-19T02:48:16,20,FPO,179873,Jenny Larsson,917,91,54.0,0.0,0.0,0.0,0.0,0.0,0.0,54.0,92.1,,
2026-08-19,2026-08-19T02:48:16,20,FPO,181772,Ida Emilie Nesse,945,31,491.5,0.027,1e-05,1.0,0.87609,0.02628,0.0,620.2,34.1,97344;96418,
2026-08-19,2026-08-19T02:48:16,20,FPO,182450,Kajsa Wahl,891,105,36.75,0.0,0.0,0.0,0.0,0.0,0.0,36.8,106.2,,
2026-08-19,2026-08-19T02:48:16,20,FPO,184609,Elva-Kate Preston,914,61,146.0,0.0,0.0,6e-05,0.0,0.0,0.0,150.0,66.3,97344,
2026-08-19,2026-08-19T02:48:16,20,FPO,184736,Jennifer Smiley,929,39,383.5,0.00042,0.0,1.0,0.03386,0.00025,0.0,437.3,42.6,97344;96417;96418,
2026-08-19,2026-08-19T02:48:16,20,FPO,185057,Josefine Johansson,930,82,81.0,0.0,0.0,0.00013,0.0,0.0,0.0,96.0,80.6,97344,
2026-08-19,2026-08-19T02:48:16,20,FPO,185534,Sofia Donnecke,962,29,547.5,0.18516,0.01765,1.0,0.99911,0.16026,0.0,788.9,26.6,96418;96419,
2026-08-19,2026-08-19T02:48:16,20,FPO,185627,Athena Cuevas,868,141,14.0,0.0,0.0,0.0,0.0,0.0,0.0,14.0,141.5,,
2026-08-19,2026-08-19T02:48:16,20,FPO,186277,Kassandra Fog Wichmann,871,153,6.0,0.0,0.0,0.0,0.0,0.0,0.0,6.0,153.2,,
2026-08-19,2026-08-19T02:48:16,20,FPO,186629,Sanne Dalseth,872,143,13.5,0.0,0.0,0.0,0.0,0.0,0.0,13.5,143.1,,
2026-08-19,2026-08-19T02:48:16,20,FPO,188837,JJ Sun,883,188,0.0,0.0,0.0,0.0,0.0,0.0,0.0,0.0,200.0,,
2026-08-19,2026-08-19T02:48:16,20,FPO,189702,Taylor Chocek,945,15,889.7,0.30372,0.30044,1.0,1.0,0.00328,0.0,982.6,19.2,96418;96419,
2026-08-19,2026-08-19T02:48:16,20,FPO,193215,Lexi Marx,930,80,85.25,0.0,0.0,0.00015,0.0,0.0,0.0,100.1,79.1,97344,
2026-08-19,2026-08-19T02:48:16,20,FPO,195549,Kylie Kohut,940,34,430.75,0.00376,0.0,1.0,0.17717,0.00356,0.0,485.5,39.8,96418,
2026-08-19,2026-08-19T02:48:16,20,FPO,195550,Peyton Kohut,921,57,178.25,0.0,0.0,0.00035,0.0,0.0,0.0,180.5,62.7,,
2026-08-19,2026-08-19T02:48:16,20,FPO,196237,Kaire Tekku,923,84,78.75,0.0,0.0,0.0,0.0,0.0,0.0,78.8,85.6,,
2026-08-19,2026-08-19T02:48:16,20,FPO,197689,Isabella Parker,874,131,18.0,0.0,0.0,0.0,0.0,0.0,0.0,18.0,131.9,,
2026-08-19,2026-08-19T02:48:16,20,FPO,198446,Eliezra Midtlyng,952,14,893.58,0.72073,0.71956,1.0,1.0,0.00113,0.0,1041.3,17.1,97344;96417;96418;96419,
2026-08-19,2026-08-19T02:48:16,20,FPO,198721,Hannah Kellar,899,103,38.0,0.0,0.0,0.0,0.0,0.0,0.0,38.0,104.2,,
2026-08-19,2026-08-19T02:48:16,20,FPO,202571,Elizabete Pēkšena,938,52,205.5,0.00143,0.0,0.07531,0.00015,0.00134,0.0,263.0,55.2,97344;96418,
2026-08-19,2026-08-19T02:48:16,20,FPO,208576,Rebecca Don,962,12,1013.99,0.99969,0.99969,1.0,1.0,0.0,0.0,1212.5,12.0,97344;96418;96419,
2026-08-19,2026-08-19T02:48:16,20,FPO,209432,Eden Fletcher,910,104,38.0,0.0,0.0,0.0,0.0,0.0,0.0,38.0,105.2,,
2026-08-19,2026-08-19T02:48:16,20,FPO,209462,Erika Apple,840,176,2.0,0.0,0.0,0.0,0.0,0.0,0.0,2.0,176.0,,
2026-08-19,2026-08-19T02:48:16,20,FPO,210287,Mara Neal,859,169,2.0,0.0,0.0,0.0,0.0,0.0,0.0,2.0,169.0,,
2026-08-19,2026-08-19T02:48:16,20,FPO,210972,Kristýna Jurčíková,968,40,331.0,0.2336,0.0004,1.0,0.64481,0.21268,0.0,626.7,33.8,97344;96418,
2026-08-19,2026-08-19T02:48:16,20,FPO,214417,Fleur Verberk,907,199,0.0,0.0,0.0,0.0,0.0,0.0,0.0,2.7,184.0,97344,
2026-08-19,2026-08-19T02:48:16,20,FPO,215439,Sheliemae Lai,946,78,92.0,0.0,0.0,0.0,0.0,0.0,0.0,92.0,80.1,,
2026-08-19,2026-08-19T02:48:16,20,FPO,215495,Kelsey Martin,877,206,0.0,0.0,0.0,0.0,0.0,0.0,0.0,2.0,179.8,97344,
2026-08-19,2026-08-19T02:48:16,20,FPO,216558,Iida Lehtomäki,959,35,430.25,0.07652,0.0,1.0,0.39224,0.06981,0.0,546.9,37.2,97344;96418,
2026-08-19,2026-08-19T02:48:16,20,FPO,217892,Katie Tews,901,117,25.5,0.0,0.0,0.0,0.0,0.0,0.0,25.5,118.5,,
2026-08-19,2026-08-19T02:48:16,20,FPO,218760,Sarah Duran,869,146,11.0,0.0,0.0,0.0,0.0,0.0,0.0,11.0,146.5,,
2026-08-19,2026-08-19T02:48:16,20,FPO,218779,Amanda Brightwell,832,172,2.0,0.0,0.0,0.0,0.0,0.0,0.0,2.0,172.0,,
2026-08-19,2026-08-19T02:48:16,20,FPO,219693,Anna Damberga,872,127,21.0,0.0,0.0,0.0,0.0,0.0,0.0,21.0,128.5,,
2026-08-19,2026-08-19T02:48:16,20,FPO,221583,Evie Lou Ramey,901,191,0.0,0.0,0.0,0.0,0.0,0.0,0.0,0.0,209.0,,
2026-08-19,2026-08-19T02:48:16,20,FPO,222693,Tanisha Platero,876,163,2.0,0.0,0.0,0.0,0.0,0.0,0.0,2.0,163.0,,
2026-08-19,2026-08-19T02:48:16,20,FPO,222973,Martje Sumowski,913,111,33.0,0.0,0.0,0.0,0.0,0.0,0.0,33.0,111.6,,
2026-08-19,2026-08-19T02:48:16,20,FPO,223975,Laura Tatiana Niño Carranza,876,158,2.0,0.0,0.0,0.0,0.0,0.0,0.0,4.0,156.7,97344,
2026-08-19,2026-08-19T02:48:16,20,FPO,224238,Julia Fors,966,36,428.5,0.24239,0.00409,1.0,0.94212,0.222,0.0,722.6,29.5,97344;96418,
2026-08-19,2026-08-19T02:48:16,20,FPO,225016,Naomi Suyat,880,187,0.0,0.0,0.0,0.0,0.0,0.0,0.0,0.0,198.0,,
2026-08-19,2026-08-19T02:48:16,20,FPO,227315,Sarah Wadsworth,912,134,18.0,0.0,0.0,0.0,0.0,0.0,0.0,18.0,135.1,,
2026-08-19,2026-08-19T02:48:16,20,FPO,228486,Stefani Ewell,866,147,10.0,0.0,0.0,0.0,0.0,0.0,0.0,10.0,147.5,,
2026-08-19,2026-08-19T02:48:16,20,FPO,229526,Sintija Klezberga,958,17,865.0,0.87357,0.87284,1.0,1.0,0.00071,0.0,1078.0,15.9,97344;96417;96418;96419,
2026-08-19,2026-08-19T02:48:16,20,FPO,231650,Tailey Rowley,913,63,145.0,0.0,0.0,6e-05,0.0,0.0,0.0,148.8,67.3,97344,
2026-08-19,2026-08-19T02:48:16,20,FPO,232666,Rebecka Hoppe,848,154,6.0,0.0,0.0,0.0,0.0,0.0,0.0,6.0,154.0,,
2026-08-19,2026-08-19T02:48:16,20,FPO,232722,Julia Hauch,917,203,0.0,0.0,0.0,0.0,0.0,0.0,0.0,5.0,174.9,97344,
2026-08-19,2026-08-19T02:48:16,20,FPO,235368,Madalyn Payton,896,178,0.0,0.0,0.0,0.0,0.0,0.0,0.0,0.0,205.0,,
2026-08-19,2026-08-19T02:48:16,20,FPO,238187,Ann Deputy,924,83,80.25,0.0,0.0,4e-05,0.0,0.0,0.0,89.1,82.6,97344,
2026-08-19,2026-08-19T02:48:16,20,FPO,240590,Amelia Saechao,877,120,24.0,0.0,0.0,0.0,0.0,0.0,0.0,24.0,121.5,,
2026-08-19,2026-08-19T02:48:16,20,FPO,242116,Eva Lutsenko,931,124,21.75,0.0,0.0,0.0,0.0,0.0,0.0,21.8,126.5,,
2026-08-19,2026-08-19T02:48:16,20,FPO,242331,Ida Kennmark,876,142,13.5,0.0,0.0,0.0,0.0,0.0,0.0,13.5,142.8,,
2026-08-19,2026-08-19T02:48:16,20,FPO,245180,Chelsea Sutton,854,173,2.0,0.0,0.0,0.0,0.0,0.0,0.0,2.0,173.0,,
2026-08-19,2026-08-19T02:48:16,20,FPO,245306,Netta Leppäaho,948,75,105.75,0.0,0.0,0.0,0.0,0.0,0.0,105.8,77.4,,
2026-08-19,2026-08-19T02:48:16,20,FPO,245317,Sophi Stephenson,862,144,12.0,0.0,0.0,0.0,0.0,0.0,0.0,12.0,144.5,,
2026-08-19,2026-08-19T02:48:16,20,FPO,254333,Jess Zilch,875,129,19.5,0.0,0.0,0.0,0.0,0.0,0.0,19.5,130.6,,
2026-08-19,2026-08-19T02:48:16,20,FPO,255962,Samantha Zaborowski,901,210,0.0,0.0,0.0,0.0,0.0,0.0,0.0,2.3,193.1,97344,
2026-08-19,2026-08-19T02:48:16,20,FPO,256846,Lea Tomas,889,207,0.0,0.0,0.0,0.0,0.0,0.0,0.0,2.0,196.8,97344,
2026-08-19,2026-08-19T02:48:16,20,FPO,259972,Marion Mattsson,862,145,11.25,0.0,0.0,0.0,0.0,0.0,0.0,11.2,145.5,,
2026-08-19,2026-08-19T02:48:16,20,FPO,261058,Jessica Erickson,891,95,49.0,0.0,0.0,0.0,0.0,0.0,0.0,49.0,96.1,,
2026-08-19,2026-08-19T02:48:16,20,FPO,261216,Victoria Christensen,864,136,17.25,0.0,0.0,0.0,0.0,0.0,0.0,17.2,136.6,,
2026-08-19,2026-08-19T02:48:16,20,FPO,268900,Natalie Berg,883,128,19.5,0.0,0.0,0.0,0.0,0.0,0.0,19.5,129.6,,
2026-08-19,2026-08-19T02:48:16,20,FPO,269838,Daisy Kelly,882,186,0.0,0.0,0.0,0.0,0.0,0.0,0.0,0.0,199.0,,
2026-08-19,2026-08-19T02:48:16,20,FPO,277832,Chandler Reigh,939,25,575.75,0.01506,1e-05,1.0,0.99975,0.01427,0.0,671.7,32.0,97344;96417;96418;96419,
2026-08-19,2026-08-19T02:48:16,20,FPO,278450,Brit Hamburg-Kiin,860,114,28.5,0.0,0.0,0.0,0.0,0.0,0.0,28.5,115.4,,
2026-08-19,2026-08-19T02:48:16,20,FPO,279466,Gry Nagel,807,133,18.0,0.0,0.0,0.0,0.0,0.0,0.0,18.0,134.0,,
2026-08-19,2026-08-19T02:48:16,20,FPO,281626,Una Lokmane,885,113,28.5,0.0,0.0,0.0,0.0,0.0,0.0,28.5,114.4,,
2026-08-19,2026-08-19T02:48:16,20,FPO,284553,Katherine Aydelott,872,152,6.0,0.0,0.0,0.0,0.0,0.0,0.0,6.0,153.6,,
2026-08-19,2026-08-19T02:48:16,20,FPO,286978,Michelle Southworth,805,171,2.0,0.0,0.0,0.0,0.0,0.0,0.0,2.0,171.0,,
2026-08-19,2026-08-19T02:48:16,20,FPO,288014,Jordan Coomes,840,130,18.0,0.0,0.0,0.0,0.0,0.0,0.0,18.0,134.0,,
2026-08-19,2026-08-19T02:48:16,20,FPO,297287,Marta Villa,860,168,2.0,0.0,0.0,0.0,0.0,0.0,0.0,2.0,168.0,,
2026-08-19,2026-08-19T02:48:16,20,FPO,302765,Grace Wilson,891,200,0.0,0.0,0.0,0.0,0.0,0.0,0.0,2.0,186.3,97344,
2026-08-19,2026-08-19T02:48:16,20,FPO,308525,Saga Dahlstedt,924,68,127.5,0.0,0.0,0.0,0.0,0.0,0.0,127.5,72.6,,
2026-08-19,2026-08-19T02:48:16,20,FPO,311218,Mina Alme,918,108,35.25,0.0,0.0,0.0,0.0,0.0,0.0,35.2,109.3,,
2026-08-20,2026-08-20T11:36:45,20,FPO,3024,Chris O'Cleary,914,196,0.0,0.0,0.0,0.0,0.0,0.0,0.0,4.0,182.5,97344,-
2026-08-20,2026-08-20T11:36:45,20,FPO,3090,Elaine King,892,197,0.0,0.0,0.0,0.0,0.0,0.0,0.0,2.0,187.7,97344,-
2026-08-20,2026-08-20T11:36:45,20,FPO,8803,Ruth Steele,867,166,2.0,0.0,0.0,0.0,0.0,0.0,0.0,2.0,166.0,,-
2026-08-20,2026-08-20T11:36:45,20,FPO,15354,Jennifer Allen,966,42,313.0,0.18377,8e-05,0.99997,0.48052,0.16709,0.0,583.3,35.8,97344;96418,-
2026-08-20,2026-08-20T11:36:45,20,FPO,27832,Kona Star Montgomery,950,21,680.0,0.09713,0.05272,1.0,1.0,0.04043,0.0,876.6,23.0,97344;96417;96418;96419,96418
2026-08-20,2026-08-20T11:36:45,20,FPO,29190,Paige Pierce,963,16,885.67,0.86082,0.8591,1.0,1.0,0.00172,0.0,1082.7,15.8,97344;96418;96419,96418;96419
2026-08-20,2026-08-20T11:36:45,20,FPO,29947,Stephanie Vincent,927,116,28.0,0.0,0.0,0.0,0.0,0.0,0.0,28.0,117.4,,-
2026-08-20,2026-08-20T11:36:45,20,FPO,31041,Sheila Teves,883,184,0.0,0.0,0.0,0.0,0.0,0.0,0.0,0.0,208.0,,-
2026-08-20,2026-08-20T11:36:45,20,FPO,32654,Lisa Fajkus,959,23,671.33,0.40051,0.35269,1.0,1.0,0.04281,0.0,975.2,19.5,97344;96417;96418;96419,96418
2026-08-20,2026-08-20T11:36:45,20,FPO,32917,Rebecca Cox,949,26,564.0,0.05564,0.00392,1.0,0.99997,0.0465,0.0,763.2,27.6,97344;96417;96418;96419,96418
2026-08-20,2026-08-20T11:36:45,20,FPO,32925,Lindsay Fish,888,159,2.0,0.0,0.0,0.0,0.0,0.0,0.0,2.0,164.4,,-
2026-08-20,2026-08-20T11:36:45,20,FPO,34563,Sarah Hokom,947,53,205.0,0.0132,0.0,0.57807,0.01183,0.00909,0.0,357.1,48.2,97344;96417;96418,-
2026-08-20,2026-08-20T11:36:45,20,FPO,35321,Sofie Björlycke,936,81,83.25,0.0,0.0,0.0,0.0,0.0,0.0,83.2,83.9,,-
2026-08-20,2026-08-20T11:36:45,20,FPO,35774,Camilla Jernberg,873,151,7.5,0.0,0.0,0.0,0.0,0.0,0.0,7.5,151.6,,-
2026-08-20,2026-08-20T11:36:45,20,FPO,36307,Amanda Branch,887,192,0.0,0.0,0.0,0.0,0.0,0.0,0.0,2.0,178.0,97344,-
2026-08-20,2026-08-20T11:36:45,20,FPO,39504,Zoe AnDyke,930,85,77.0,0.0,0.0,0.0,0.0,0.0,0.0,77.0,86.6,,-
2026-08-20,2026-08-20T11:36:45,20,FPO,43995,Taylor Foth,900,182,0.0,0.0,0.0,0.0,0.0,0.0,0.0,0.0,203.0,,-
2026-08-20,2026-08-20T11:36:45,20,FPO,44184,Catrina Allen,968,7,1235.75,1.0,1.0,1.0,1.0,0.0,0.0,1493.9,7.3,97344;96417;96418;96419,96418
2026-08-20,2026-08-20T11:36:45,20,FPO,45407,Brittney Armentrout,860,162,2.0,0.0,0.0,0.0,0.0,0.0,0.0,2.0,162.0,,-
2026-08-20,2026-08-20T11:36:45,20,FPO,48199,Alison Blakeman,866,189,0.0,0.0,0.0,0.0,0.0,0.0,0.0,0.0,211.0,,-
2026-08-20,2026-08-20T11:36:45,20,FPO,48976,Ohn Scoggins,989,2,1783.33,1.0,1.0,1.0,1.0,0.0,0.48183,2179.1,1.7,97344;96417;96418;96419,96418;96419
2026-08-20,2026-08-20T11:36:45,20,FPO,50656,Jessica Gurthie,956,19,800.5,1.0,0.64647,1.0,1.0,0.00647,0.0,1036.6,17.4,97344;96417;96418;96419,96418
2026-08-20,2026-08-20T11:36:45,20,FPO,51277,Holly Finley,937,48,265.0,0.00162,0.0,0.93301,0.00595,0.00098,0.0,355.9,48.0,97344;96417;96418,96418
2026-08-20,2026-08-20T11:36:45,20,FPO,58303,Sai Ananda,959,77,102.0,0.03197,0.0,0.04447,0.00171,0.02716,0.0,234.6,59.9,97344,-
2026-08-20,2026-08-20T11:36:45,20,FPO,59227,Henna Blomroos,968,11,1036.67,1.0,0.99998,1.0,1.0,0.0,0.0,1251.9,11.0,97344;96418;96419,96418;96419
2026-08-20,2026-08-20T11:36:45,20,FPO,59431,Madison Walker,953,22,677.58,0.09701,0.02508,1.0,1.0,0.06476,0.0,848.0,24.0,97344;96417;96418;96419,96418;96419
2026-08-20,2026-08-20T11:36:45,20,FPO,60798,Madison Tomaino,923,72,114.25,0.0,0.0,0.0,0.0,0.0,0.0,114.2,75.3,,-
2026-08-20,2026-08-20T11:36:45,20,FPO,61144,Emily Beach,901,179,0.0,0.0,0.0,0.0,0.0,0.0,0.0,0.0,206.0,,-
2026-08-20,2026-08-20T11:36:45,20,FPO,61990,Katka Boďová,916,97,48.0,0.0,0.0,0.0,0.0,0.0,0.0,48.0,97.7,,-
2026-08-20,2026-08-20T11:36:45,20,FPO,62879,Valerie Mandujano,972,10,1047.16,1.0,1.0,1.0,1.0,0.0,0.0,1387.2,8.6,97344;96417;96418;96419,96418;96419
2026-08-20,2026-08-20T11:36:45,20,FPO,62880,Alexis Mandujano,960,30,542.0,0.19452,0.05828,1.0,1.0,0.11936,0.0,854.7,23.9,97344;96417;96418;96419,96418
2026-08-20,2026-08-20T11:36:45,20,FPO,63257,Maria Oliva,920,45,287.25,2e-05,0.0,0.97344,5e-05,0.0,0.0,322.1,50.4,97344;96417;96418,96418
2026-08-20,2026-08-20T11:36:45,20,FPO,64927,Eveliina Salonen,988,6,1364.67,1.0,1.0,1.0,1.0,0.0,0.0,1726.3,5.6,97344;96418;96419,96418;96419
2026-08-20,2026-08-20T11:36:45,20,FPO,65489,Lauren Butler,912,58,166.58,0.0,0.0,0.00037,0.0,0.0,0.0,193.9,60.3,97344;96417;96418,96418
2026-08-20,2026-08-20T11:36:45,20,FPO,66063,Ashlee Johnson,860,183,0.0,0.0,0.0,0.0,0.0,0.0,0.0,0.0,202.0,,-
2026-08-20,2026-08-20T11:36:45,20,FPO,66599,Heidi Laine,963,9,1047.25,0.99999,0.99999,1.0,1.0,0.0,0.0,1232.4,11.5,97344;96418;96419,96418;96419
2026-08-20,2026-08-20T11:36:45,20,FPO,69584,Danielle Weigandt,853,165,2.0,0.0,0.0,0.0,0.0,0.0,0.0,2.0,165.0,,-
2026-08-20,2026-08-20T11:36:45,20,FPO,71262,Erika Stinchcomb,922,43,305.25,6e-05,0.0,0.99188,0.00012,4e-05,0.0,329.8,49.6,97344;96417;96418,96418
2026-08-20,2026-08-20T11:36:45,20,FPO,72635,Kersti Miller,890,109,34.5,0.0,0.0,0.0,0.0,0.0,0.0,34.5,110.3,,-
2026-08-20,2026-08-20T11:36:45,20,FPO,74708,Casey Pennington,903,102,39.5,0.0,0.0,0.0,0.0,0.0,0.0,39.5,103.1,,-
2026-08-20,2026-08-20T11:36:45,20,FPO,75029,Cynthia Ricciotti,923,60,153.83,5e-05,0.0,0.00314,0.0,0.0,0.0,191.6,61.4,97344;96417,-
2026-08-20,2026-08-20T11:36:45,20,FPO,76009,Virginia Polkinghorne,885,190,0.0,0.0,0.0,0.0,0.0,0.0,0.0,0.0,210.0,,-
2026-08-20,2026-08-20T11:36:45,20,FPO,77385,Matilda Ringbom,947,46,274.0,0.00989,0.0,0.11849,0.00041,0.00937,0.0,328.9,50.4,96418,-
2026-08-20,2026-08-20T11:36:45,20,FPO,78232,Tiger Borth,899,126,21.0,0.0,0.0,0.0,0.0,0.0,0.0,23.2,123.7,97344,-
2026-08-20,2026-08-20T11:36:45,20,FPO,79233,Cadence Burge,966,51,212.25,0.20962,0.00012,0.97496,0.37913,0.16061,0.0,558.4,37.0,97344;96417;96418,96418
2026-08-20,2026-08-20T11:36:45,20,FPO,80935,Lindsey Maas,905,93,50.25,0.0,0.0,0.0,0.0,0.0,0.0,55.5,92.6,97344;96418,96418
2026-08-20,2026-08-20T11:36:45,20,FPO,82809,Alex von Stade,893,123,22.0,0.0,0.0,0.0,0.0,0.0,0.0,22.0,125.5,,-
2026-08-20,2026-08-20T11:36:45,20,FPO,83376,Cassandra Lioi,890,150,8.0,0.0,0.0,0.0,0.0,0.0,0.0,8.0,150.6,,-
2026-08-20,2026-08-20T11:36:45,20,FPO,84279,Kaidi Allsalu,953,54,203.62,0.02769,0.0,0.0,0.0,0.02589,0.0,281.9,53.7,,-
2026-08-20,2026-08-20T11:36:45,20,FPO,85189,Samantha Bonacci,870,137,16.5,0.0,0.0,0.0,0.0,0.0,0.0,16.5,138.4,,-
2026-08-20,2026-08-20T11:36:45,20,FPO,85484,Anneli Tõugjas-Männiste,959,28,554.0,0.15796,0.01504,1.0,1.0,0.12391,0.0,801.1,26.0,97344;96417;96418;96419,96418
2026-08-20,2026-08-20T11:36:45,20,FPO,85942,Missy Gannon,986,4,1518.66,1.0,1.0,1.0,1.0,0.0,0.00184,1879.6,4.2,97344;96417;96418;96419,96418
2026-08-20,2026-08-20T11:36:45,20,FPO,87094,Rose Shertick,921,209,0.0,0.0,0.0,0.0,0.0,0.0,0.0,7.0,180.1,97344,-
2026-08-20,2026-08-20T11:36:45,20,FPO,87443,Andrea Cammack,878,164,2.0,0.0,0.0,0.0,0.0,0.0,0.0,2.0,164.0,,-
2026-08-20,2026-08-20T11:36:45,20,FPO,94085,Keiti Tätte,953,56,184.12,0.01077,0.0,0.0,0.0,0.01023,0.0,213.5,59.2,,-
2026-08-20,2026-08-20T11:36:45,20,FPO,96090,Sonja Laine,905,107,36.0,0.0,0.0,0.0,0.0,0.0,0.0,36.0,108.2,,-
2026-08-20,2026-08-20T11:36:45,20,FPO,96480,Tori Pasquin,831,175,2.0,0.0,0.0,0.0,0.0,0.0,0.0,2.0,175.0,,-
2026-08-20,2026-08-20T11:36:45,20,FPO,97238,Jannicke Hjemli,875,148,9.75,0.0,0.0,0.0,0.0,0.0,0.0,9.8,148.5,,-
2026-08-20,2026-08-20T11:36:45,20,FPO,99441,Lykke Lorentzen,921,96,48.0,0.0,0.0,0.0,0.0,0.0,0.0,48.0,97.7,,-
2026-08-20,2026-08-20T11:36:45,20,FPO,99455,Kat Mertsch,965,8,1108.17,1.0,1.0,1.0,1.0,0.0,0.0,1355.5,9.0,97344;96417;96418;96419,96418;96419
2026-08-20,2026-08-20T11:36:45,20,FPO,101949,Ratana McMahon,885,67,129.75,0.0,0.0,0.0,0.0,0.0,0.0,129.8,71.6,,-
2026-08-20,2026-08-20T11:36:45,20,FPO,102024,Danielle Keen,896,181,0.0,0.0,0.0,0.0,0.0,0.0,0.0,0.0,204.0,,-
2026-08-20,2026-08-20T11:36:45,20,FPO,103743,Karen Martel,923,140,15.0,0.0,0.0,0.0,0.0,0.0,0.0,23.2,130.3,97344,-
2026-08-20,2026-08-20T11:36:45,20,FPO,104187,Macie Velediaz,952,44,294.67,0.03739,0.0,0.99996,0.23183,0.02858,0.0,493.1,39.9,97344;96417;96418,-
2026-08-20,2026-08-20T11:36:45,20,FPO,104314,Violet Main,940,41,317.0,0.00391,0.0,1.0,0.01757,0.00261,0.0,400.3,44.9,97344;96417;96418,-
2026-08-20,2026-08-20T11:36:45,20,FPO,104814,Ellie Bryant,895,115,28.25,0.0,0.0,0.0,0.0,0.0,0.0,28.2,116.4,,-
2026-08-20,2026-08-20T11:36:45,20,FPO,105126,Aria Castruita,943,98,46.5,0.0,0.0,0.0,0.0,0.0,0.0,46.5,99.2,,-
2026-08-20,2026-08-20T11:36:45,20,FPO,106489,Anna Pinter,875,125,21.75,0.0,0.0,0.0,0.0,0.0,0.0,21.8,127.5,,-
2026-08-20,2026-08-20T11:36:45,20,FPO,107297,Maria Liivamägi,857,119,24.0,0.0,0.0,0.0,0.0,0.0,0.0,24.0,119.8,,-
2026-08-20,2026-08-20T11:36:45,20,FPO,107335,Silva Saarinen,991,1,1832.67,1.0,1.0,1.0,1.0,0.0,0.44924,2173.3,1.7,97344;96418;96419,96418
2026-08-20,2026-08-20T11:36:45,20,FPO,108871,Brook Johnson,905,118,24.0,0.0,0.0,0.0,0.0,0.0,0.0,24.0,120.2,,-
2026-08-20,2026-08-20T11:36:45,20,FPO,109337,Cathy Kuhn,856,180,0.0,0.0,0.0,0.0,0.0,0.0,0.0,0.0,201.0,,-
2026-08-20,2026-08-20T11:36:45,20,FPO,109996,Anniken Kristiansen Steen,966,20,700.29,0.324,0.17875,1.0,1.0,0.14237,0.0,927.7,21.1,97344;96418;96419,96418
2026-08-20,2026-08-20T11:36:45,20,FPO,111487,Emily Weatherman,960,13,973.58,0.9977,0.9977,1.0,1.0,0.0,0.0,1192.8,12.5,97344;96417;96418;96419,96418
2026-08-20,2026-08-20T11:36:45,20,FPO,112346,Caryn Ballou,853,194,0.0,0.0,0.0,0.0,0.0,0.0,0.0,2.0,189.6,97344,-
2026-08-20,2026-08-20T11:36:45,20,FPO,112647,Hanna Huynh,961,18,818.08,0.89232,0.89081,1.0,1.0,0.00144,0.0,1106.4,15.1,97344;96417;96418;96419,96418;96419
2026-08-20,2026-08-20T11:36:45,20,FPO,115503,Olivia Kindstedt,949,55,189.0,0.01441,0.0,0.14924,0.00199,0.01298,0.0,303.1,52.2,97344,-
2026-08-20,2026-08-20T11:36:45,20,FPO,116694,Kristi Unt,925,99,45.0,0.0,0.0,0.0,0.0,0.0,0.0,45.0,100.3,,-
2026-08-20,2026-08-20T11:36:45,20,FPO,120770,Jami Gust,884,202,0.0,0.0,0.0,0.0,0.0,0.0,0.0,2.0,182.7,97344,-
2026-08-20,2026-08-20T11:36:45,20,FPO,121554,Elina Rydberg,901,121,23.25,0.0,0.0,0.0,0.0,0.0,0.0,23.2,122.5,,-
2026-08-20,2026-08-20T11:36:45,20,FPO,124064,Shelby Cowen,917,59,158.25,3e-05,0.0,4e-05,0.0,0.0,0.0,181.7,62.6,96417,-
2026-08-20,2026-08-20T11:36:45,20,FPO,126226,Kati Chachere,828,174,2.0,0.0,0.0,0.0,0.0,0.0,0.0,2.0,174.0,,-
2026-08-20,2026-08-20T11:36:45,20,FPO,128395,Michelle Saggboy,891,160,2.0,0.0,0.0,0.0,0.0,0.0,0.0,2.0,178.2,,-
2026-08-20,2026-08-20T11:36:45,20,FPO,128532,Maarja Soasepp,905,100,42.0,0.0,0.0,0.0,0.0,0.0,0.0,42.0,102.1,,-
2026-08-20,2026-08-20T11:36:45,20,FPO,130187,Kat Johnson,915,204,0.0,0.0,0.0,0.0,0.0,0.0,0.0,4.3,175.7,97344,-
2026-08-20,2026-08-20T11:36:45,20,FPO,130342,Chantel Budinsky,956,66,136.5,0.05492,0.0,0.37324,0.01741,0.03962,0.0,362.0,48.2,97344;96417,-
2026-08-20,2026-08-20T11:36:45,20,FPO,131583,Hannah Lengel,953,87,66.0,0.00837,0.0,0.0,0.0,0.00038,0.0,124.9,73.7,96417,-
2026-08-20,2026-08-20T11:36:45,20,FPO,132291,Ashley Phelps,907,122,23.0,0.0,0.0,0.0,0.0,0.0,0.0,23.0,124.2,,-
2026-08-20,2026-08-20T11:36:45,20,FPO,132627,Jenn Cazanov-Diggs,904,157,2.0,0.0,0.0,0.0,0.0,0.0,0.0,2.0,159.9,,-
2026-08-20,2026-08-20T11:36:45,20,FPO,133547,Holyn Handley,984,3,1713.67,1.0,1.0,1.0,1.0,0.0,0.06704,2042.5,2.8,97344;96418;96419,96418;96419
2026-08-20,2026-08-20T11:36:45,20,FPO,133701,Nathalie Ortiz,908,88,64.25,0.0,0.0,0.0,0.0,0.0,0.0,64.2,88.9,,-
2026-08-20,2026-08-20T11:36:45,20,FPO,135383,Emma Arp,907,155,5.0,0.0,0.0,0.0,0.0,0.0,0.0,5.0,155.7,,-
2026-08-20,2026-08-20T11:36:45,20,FPO,138272,Raven Klein,942,24,595.0,0.02347,0.00029,1.0,1.0,0.02143,0.0,716.6,29.7,97344;96417;96418;96419,96418;96419
2026-08-20,2026-08-20T11:36:45,20,FPO,139109,Leah Tsinajinnie,926,65,137.75,0.0,0.0,0.00066,0.0,0.0,0.0,149.1,68.3,97344,-
2026-08-20,2026-08-20T11:36:45,20,FPO,139387,Hanna Jansson,906,94,50.25,0.0,0.0,0.0,0.0,0.0,0.0,50.2,95.1,,-
2026-08-20,2026-08-20T11:36:45,20,FPO,139738,Megan Dophal,908,208,0.0,0.0,0.0,0.0,0.0,0.0,0.0,2.8,192.7,97344,-
2026-08-20,2026-08-20T11:36:45,20,FPO,140660,María Eldey Kristínardóttir,923,79,91.5,0.0,0.0,0.0,0.0,0.0,0.0,91.5,81.9,,-
2026-08-20,2026-08-20T11:36:45,20,FPO,140947,Nina Bennett,949,69,126.5,0.01573,0.0,0.14181,0.00222,0.01065,0.0,281.2,54.3,97344;96417,-
2026-08-20,2026-08-20T11:36:45,20,FPO,142259,Katheryn Maloney,901,205,0.0,0.0,0.0,0.0,0.0,0.0,0.0,2.3,179.3,97344,-
2026-08-20,2026-08-20T11:36:45,20,FPO,142354,Alexis Kerman,926,49,252.5,0.00016,0.0,0.50558,0.00011,7e-05,0.0,303.4,52.3,97344;96417;96418,96418
2026-08-20,2026-08-20T11:36:45,20,FPO,143423,Ember Simonis,916,198,0.0,0.0,0.0,0.0,0.0,0.0,0.0,4.6,180.2,97344,-
2026-08-20,2026-08-20T11:36:45,20,FPO,143720,Jessica Kinard,906,139,15.75,0.0,0.0,0.0,0.0,0.0,0.0,15.8,140.4,,-
2026-08-20,2026-08-20T11:36:45,20,FPO,144112,Ella Hansen,977,5,1513.08,1.0,1.0,1.0,1.0,0.0,5e-05,1777.3,5.1,97344;96418;96419,96418;96419
2026-08-20,2026-08-20T11:36:45,20,FPO,144791,Emily Yale,898,70,116.75,0.0,0.0,0.0,0.0,0.0,0.0,118.9,74.1,97344,-
2026-08-20,2026-08-20T11:36:45,20,FPO,146137,Dani K. Hart,947,27,556.5,0.04278,0.00037,1.0,0.99994,0.03884,0.0,716.6,29.7,97344;96417;96418;96419,96418
2026-08-20,2026-08-20T11:36:45,20,FPO,146304,MJ Gager,948,38,392.58,0.02266,0.0,1.0,0.32898,0.01759,0.0,519.5,38.3,97344;96417;96418,-
2026-08-20,2026-08-20T11:36:45,20,FPO,147050,Ali Smith,946,74,112.5,0.0,0.0,0.0,0.0,0.0,0.0,112.5,76.4,,-
2026-08-20,2026-08-20T11:36:45,20,FPO,147393,Sadie Shattuck,866,138,16.0,0.0,0.0,0.0,0.0,0.0,0.0,16.0,139.4,,-
2026-08-20,2026-08-20T11:36:45,20,FPO,149548,VicToria Scott,889,211,0.0,0.0,0.0,0.0,0.0,0.0,0.0,2.0,194.9,97344,-
2026-08-20,2026-08-20T11:36:45,20,FPO,149803,Candyce Boyce,894,110,33.0,0.0,0.0,0.0,0.0,0.0,0.0,33.0,112.1,,-
2026-08-20,2026-08-20T11:36:45,20,FPO,150057,Hailey Huber,939,64,141.0,0.0,0.0,0.0,0.0,0.0,0.0,141.0,69.1,,-
2026-08-20,2026-08-20T11:36:45,20,FPO,151072,Jennifer Rice,895,132,18.0,0.0,0.0,0.0,0.0,0.0,0.0,18.0,133.0,,-
2026-08-20,2026-08-20T11:36:45,20,FPO,152191,Kelley Foster,936,33,447.75,0.00488,0.0,1.0,0.41583,0.00436,0.0,528.0,37.7,96417;96418,96418
2026-08-20,2026-08-20T11:36:45,20,FPO,154098,Ariel Walker,927,101,40.25,1e-05,0.0,1e-05,0.0,0.0,0.0,51.9,97.1,97344,-
2026-08-20,2026-08-20T11:36:45,20,FPO,155026,Amanda Lennartsson,942,37,409.0,0.00373,0.0,1.0,0.04831,0.00345,0.0,449.0,42.0,96418,-
2026-08-20,2026-08-20T11:36:45,20,FPO,156259,Ella Tejler,901,86,73.5,0.0,0.0,0.0,0.0,0.0,0.0,73.5,87.7,,-
2026-08-20,2026-08-20T11:36:45,20,FPO,156781,Audrey Wicklander,894,193,0.0,0.0,0.0,0.0,0.0,0.0,0.0,2.1,190.8,97344,-
2026-08-20,2026-08-20T11:36:45,20,FPO,157471,Nid Ovathanasin,933,135,17.67,0.00037,0.0,0.0001,0.0,0.0,0.0,70.4,90.3,97344;96417,-
2026-08-20,2026-08-20T11:36:45,20,FPO,158385,Destyne Martinez,868,156,2.0,0.0,0.0,0.0,0.0,0.0,0.0,2.0,157.8,,-
2026-08-20,2026-08-20T11:36:45,20,FPO,158461,Shiru Liu,907,89,63.5,0.0,0.0,0.0,0.0,0.0,0.0,63.5,89.9,,-
2026-08-20,2026-08-20T11:36:45,20,FPO,160103,Jacquelyn DeLude,877,201,0.0,0.0,0.0,0.0,0.0,0.0,0.0,2.0,183.7,97344,-
2026-08-20,2026-08-20T11:36:45,20,FPO,161231,Sarah May,855,170,2.0,0.0,0.0,0.0,0.0,0.0,0.0,2.0,170.0,,-
2026-08-20,2026-08-20T11:36:45,20,FPO,161918,Addison Woodard,956,32,469.08,0.11681,0.00431,1.0,0.99341,0.0988,0.0,743.2,28.5,97344;96417;96418,-
2026-08-20,2026-08-20T11:36:45,20,FPO,162735,Eden Fornoff,922,106,36.58,0.0,0.0,0.0,0.0,0.0,0.0,36.6,107.2,,-
2026-08-20,2026-08-20T11:36:45,20,FPO,162896,Therese Cuevas,939,50,231.5,0.00194,0.0,0.19598,0.00062,0.00181,0.0,293.0,53.1,97344;96418,-
2026-08-20,2026-08-20T11:36:45,20,FPO,164788,Alecia Hinkson,926,73,113.83,0.00011,0.0,0.00102,0.0,0.0,0.0,153.6,67.1,97344;96417,-
2026-08-20,2026-08-20T11:36:45,20,FPO,165652,Ceci Vollbrecht,896,195,0.0,0.0,0.0,0.0,0.0,0.0,0.0,2.1,189.4,97344,-
2026-08-20,2026-08-20T11:36:45,20,FPO,166082,Ashton Webberley,894,161,2.0,0.0,0.0,0.0,0.0,0.0,0.0,2.0,161.0,,-
2026-08-20,2026-08-20T11:36:45,20,FPO,166749,Mackenzie Morris,896,149,9.0,0.0,0.0,0.0,0.0,0.0,0.0,9.0,149.5,,-
2026-08-20,2026-08-20T11:36:45,20,FPO,167255,AK Kaestner,816,177,2.0,0.0,0.0,0.0,0.0,0.0,0.0,2.0,177.0,,-
2026-08-20,2026-08-20T11:36:45,20,FPO,168863,Trinity Bryant,925,47,270.25,9e-05,0.0,0.84481,0.00019,3e-05,0.0,316.7,51.0,97344;96417;96418,-
2026-08-20,2026-08-20T11:36:45,20,FPO,170182,Rebecca Minnick,866,112,29.0,0.0,0.0,0.0,0.0,0.0,0.0,29.0,113.4,,-
2026-08-20,2026-08-20T11:36:45,20,FPO,173601,Marie Kielas,917,92,51.0,0.0,0.0,0.0,0.0,0.0,0.0,51.0,94.1,,-
2026-08-20,2026-08-20T11:36:45,20,FPO,176242,Morgan Lynds,934,71,115.75,0.00045,0.0,0.00729,0.0,0.00013,0.0,176.5,64.0,97344;96417,-
2026-08-20,2026-08-20T11:36:45,20,FPO,176243,Jordan Lynds,942,62,145.25,0.00451,0.0,0.08695,0.00039,0.00275,0.0,255.1,56.1,97344;96417,-
2026-08-20,2026-08-20T11:36:45,20,FPO,176481,Karissa Dedmon,921,90,59.0,0.0,0.0,0.0,0.0,0.0,0.0,66.0,89.5,97344,-
2026-08-20,2026-08-20T11:36:45,20,FPO,178707,Joleigh Miller,938,76,102.0,0.0,0.0,0.0,0.0,0.0,0.0,102.0,79.2,,-
2026-08-20,2026-08-20T11:36:45,20,FPO,178748,Kendyl Sullivan,873,167,2.0,0.0,0.0,0.0,0.0,0.0,0.0,2.0,167.0,,-
2026-08-20,2026-08-20T11:36:45,20,FPO,179200,Jamie Williams,863,185,0.0,0.0,0.0,0.0,0.0,0.0,0.0,0.0,207.0,,-
2026-08-20,2026-08-20T11:36:45,20,FPO,179873,Jenny Larsson,917,91,54.0,0.0,0.0,0.0,0.0,0.0,0.0,54.0,92.1,,-
2026-08-20,2026-08-20T11:36:45,20,FPO,181772,Ida Emilie Nesse,945,31,491.5,0.02697,1e-05,1.0,0.87534,0.02625,0.0,620.2,34.1,97344;96418,96418
2026-08-20,2026-08-20T11:36:45,20,FPO,182450,Kajsa Wahl,891,105,36.75,0.0,0.0,0.0,0.0,0.0,0.0,36.8,106.2,,-
2026-08-20,2026-08-20T11:36:45,20,FPO,184609,Elva-Kate Preston,914,61,146.0,0.0,0.0,6e-05,0.0,0.0,0.0,150.0,66.4,97344,-
2026-08-20,2026-08-20T11:36:45,20,FPO,184736,Jennifer Smiley,929,39,383.5,0.00042,0.0,1.0,0.03399,0.00025,0.0,437.7,42.5,97344;96417;96418,96418
2026-08-20,2026-08-20T11:36:45,20,FPO,185057,Josefine Johansson,930,82,81.0,0.0,0.0,0.00013,0.0,0.0,0.0,96.0,81.2,97344,-
2026-08-20,2026-08-20T11:36:45,20,FPO,185534,Sofia Donnecke,962,29,547.5,0.18513,0.01747,1.0,0.99912,0.1604,0.0,788.9,26.6,96418;96419,96418
2026-08-20,2026-08-20T11:36:45,20,FPO,185627,Athena Cuevas,868,141,14.0,0.0,0.0,0.0,0.0,0.0,0.0,14.0,141.5,,-
2026-08-20,2026-08-20T11:36:45,20,FPO,186277,Kassandra Fog Wichmann,871,153,6.0,0.0,0.0,0.0,0.0,0.0,0.0,6.0,153.2,,-
2026-08-20,2026-08-20T11:36:45,20,FPO,186629,Sanne Dalseth,872,143,13.5,0.0,0.0,0.0,0.0,0.0,0.0,13.5,143.1,,-
2026-08-20,2026-08-20T11:36:45,20,FPO,188837,JJ Sun,883,188,0.0,0.0,0.0,0.0,0.0,0.0,0.0,0.0,200.0,,-
2026-08-20,2026-08-20T11:36:45,20,FPO,189702,Taylor Chocek,945,15,889.7,0.3025,0.29925,1.0,1.0,0.00325,0.0,982.6,19.2,96418;96419,96419
2026-08-20,2026-08-20T11:36:45,20,FPO,193215,Lexi Marx,930,80,85.25,0.0,0.0,0.00015,0.0,0.0,0.0,100.1,79.8,97344,-
2026-08-20,2026-08-20T11:36:45,20,FPO,195549,Kylie Kohut,940,34,430.75,0.00374,0.0,1.0,0.17654,0.00354,0.0,485.5,39.8,96418,-
2026-08-20,2026-08-20T11:36:45,20,FPO,195550,Peyton Kohut,921,57,178.25,0.0,0.0,0.00035,0.0,0.0,0.0,180.5,62.7,,-
2026-08-20,2026-08-20T11:36:45,20,FPO,196237,Kaire Tekku,923,84,78.75,0.0,0.0,0.0,0.0,0.0,0.0,78.8,85.6,,-
2026-08-20,2026-08-20T11:36:45,20,FPO,197689,Isabella Parker,874,131,18.0,0.0,0.0,0.0,0.0,0.0,0.0,18.0,131.9,,-
2026-08-20,2026-08-20T11:36:45,20,FPO,198446,Eliezra Midtlyng,952,14,893.58,0.72108,0.71988,1.0,1.0,0.00115,0.0,1041.5,17.1,97344;96417;96418;96419,96418
2026-08-20,2026-08-20T11:36:45,20,FPO,198721,Hannah Kellar,899,103,38.0,0.0,0.0,0.0,0.0,0.0,0.0,38.0,104.2,,-
2026-08-20,2026-08-20T11:36:45,20,FPO,202571,Elizabete Pēkšena,938,52,205.5,0.00143,0.0,0.07458,0.00015,0.00134,0.0,263.0,55.2,97344;96418,-
2026-08-20,2026-08-20T11:36:45,20,FPO,208576,Rebecca Don,962,12,1013.99,0.99968,0.99968,1.0,1.0,0.0,0.0,1212.5,12.0,97344;96418;96419,96418;96419
2026-08-20,2026-08-20T11:36:45,20,FPO,209432,Eden Fletcher,910,104,38.0,0.0,0.0,0.0,0.0,0.0,0.0,38.0,105.2,,-
2026-08-20,2026-08-20T11:36:45,20,FPO,209462,Erika Apple,840,176,2.0,0.0,0.0,0.0,0.0,0.0,0.0,2.0,176.0,,-
2026-08-20,2026-08-20T11:36:45,20,FPO,210287,Mara Neal,859,169,2.0,0.0,0.0,0.0,0.0,0.0,0.0,2.0,169.0,,-
2026-08-20,2026-08-20T11:36:45,20,FPO,210972,Kristýna Jurčíková,968,40,331.0,0.23362,0.0004,1.0,0.644,0.21268,0.0,626.7,33.8,97344;96418,-
2026-08-20,2026-08-20T11:36:45,20,FPO,214417,Fleur Verberk,907,199,0.0,0.0,0.0,0.0,0.0,0.0,0.0,2.7,184.0,97344,-
2026-08-20,2026-08-20T11:36:45,20,FPO,215439,Sheliemae Lai,946,78,92.0,0.0,0.0,0.0,0.0,0.0,0.0,92.0,80.9,,-
2026-08-20,2026-08-20T11:36:45,20,FPO,215495,Kelsey Martin,877,206,0.0,0.0,0.0,0.0,0.0,0.0,0.0,2.0,179.8,97344,-
2026-08-20,2026-08-20T11:36:45,20,FPO,216558,Iida Lehtomäki,959,35,430.25,0.07653,0.0,1.0,0.39095,0.06982,0.0,546.8,37.2,97344;96418,-
2026-08-20,2026-08-20T11:36:45,20,FPO,217892,Katie Tews,901,117,25.5,0.0,0.0,0.0,0.0,0.0,0.0,25.5,118.5,,-
2026-08-20,2026-08-20T11:36:45,20,FPO,218760,Sarah Duran,869,146,11.0,0.0,0.0,0.0,0.0,0.0,0.0,11.0,146.5,,-
2026-08-20,2026-08-20T11:36:45,20,FPO,218779,Amanda Brightwell,832,172,2.0,0.0,0.0,0.0,0.0,0.0,0.0,2.0,172.0,,-
2026-08-20,2026-08-20T11:36:45,20,FPO,219693,Anna Damberga,872,127,21.0,0.0,0.0,0.0,0.0,0.0,0.0,21.0,128.5,,-
2026-08-20,2026-08-20T11:36:45,20,FPO,221583,Evie Lou Ramey,901,191,0.0,0.0,0.0,0.0,0.0,0.0,0.0,0.0,209.0,,-
2026-08-20,2026-08-20T11:36:45,20,FPO,222693,Tanisha Platero,876,163,2.0,0.0,0.0,0.0,0.0,0.0,0.0,2.0,163.0,,-
2026-08-20,2026-08-20T11:36:45,20,FPO,222973,Martje Sumowski,913,111,33.0,0.0,0.0,0.0,0.0,0.0,0.0,33.0,111.6,,-
2026-08-20,2026-08-20T11:36:45,20,FPO,223975,Laura Tatiana Niño Carranza,876,158,2.0,0.0,0.0,0.0,0.0,0.0,0.0,4.0,156.7,97344,-
2026-08-20,2026-08-20T11:36:45,20,FPO,224238,Julia Fors,966,36,428.5,0.24247,0.00409,1.0,0.94194,0.22205,0.0,722.6,29.4,97344;96418,-
2026-08-20,2026-08-20T11:36:45,20,FPO,225016,Naomi Suyat,880,187,0.0,0.0,0.0,0.0,0.0,0.0,0.0,0.0,198.0,,-
2026-08-20,2026-08-20T11:36:45,20,FPO,227315,Sarah Wadsworth,912,134,18.0,0.0,0.0,0.0,0.0,0.0,0.0,18.0,135.1,,-
2026-08-20,2026-08-20T11:36:45,20,FPO,228486,Stefani Ewell,866,147,10.0,0.0,0.0,0.0,0.0,0.0,0.0,10.0,147.5,,-
2026-08-20,2026-08-20T11:36:45,20,FPO,229526,Sintija Klezberga,958,17,865.0,0.87425,0.87352,1.0,1.0,0.00071,0.0,1078.4,15.9,97344;96417;96418;96419,96418;96419
2026-08-20,2026-08-20T11:36:45,20,FPO,231650,Tailey Rowley,913,63,145.0,0.0,0.0,6e-05,0.0,0.0,0.0,148.8,67.4,97344,-
2026-08-20,2026-08-20T11:36:45,20,FPO,232666,Rebecka Hoppe,848,154,6.0,0.0,0.0,0.0,0.0,0.0,0.0,6.0,154.0,,-
2026-08-20,2026-08-20T11:36:45,20,FPO,232722,Julia Hauch,917,203,0.0,0.0,0.0,0.0,0.0,0.0,0.0,5.0,174.9,97344,-
2026-08-20,2026-08-20T11:36:45,20,FPO,235368,Madalyn Payton,896,178,0.0,0.0,0.0,0.0,0.0,0.0,0.0,0.0,205.0,,-
2026-08-20,2026-08-20T11:36:45,20,FPO,238187,Ann Deputy,924,83,80.25,5e-05,0.0,0.00018,0.0,0.0,0.0,115.8,75.7,97344;96417,-
2026-08-20,2026-08-20T11:36:45,20,FPO,240590,Amelia Saechao,877,120,24.0,0.0,0.0,0.0,0.0,0.0,0.0,24.0,121.5,,-
2026-08-20,2026-08-20T11:36:45,20,FPO,242116,Eva Lutsenko,931,124,21.75,0.0,0.0,0.0,0.0,0.0,0.0,21.8,126.5,,-
2026-08-20,2026-08-20T11:36:45,20,FPO,242331,Ida Kennmark,876,142,13.5,0.0,0.0,0.0,0.0,0.0,0.0,13.5,142.8,,-
2026-08-20,2026-08-20T11:36:45,20,FPO,245180,Chelsea Sutton,854,173,2.0,0.0,0.0,0.0,0.0,0.0,0.0,2.0,173.0,,-
2026-08-20,2026-08-20T11:36:45,20,FPO,245306,Netta Leppäaho,948,75,105.75,0.0,0.0,0.0,0.0,0.0,0.0,105.8,77.9,,-
2026-08-20,2026-08-20T11:36:45,20,FPO,245317,Sophi Stephenson,862,144,12.0,0.0,0.0,0.0,0.0,0.0,0.0,12.0,144.5,,-
2026-08-20,2026-08-20T11:36:45,20,FPO,254333,Jess Zilch,875,129,19.5,0.0,0.0,0.0,0.0,0.0,0.0,19.5,130.6,,-
2026-08-20,2026-08-20T11:36:45,20,FPO,255962,Samantha Zaborowski,901,210,0.0,0.0,0.0,0.0,0.0,0.0,0.0,2.3,193.1,97344,-
2026-08-20,2026-08-20T11:36:45,20,FPO,256846,Lea Tomas,889,207,0.0,0.0,0.0,0.0,0.0,0.0,0.0,2.0,196.8,97344,-
2026-08-20,2026-08-20T11:36:45,20,FPO,259972,Marion Mattsson,862,145,11.25,0.0,0.0,0.0,0.0,0.0,0.0,11.2,145.5,,-
2026-08-20,2026-08-20T11:36:45,20,FPO,261058,Jessica Erickson,891,95,49.0,0.0,0.0,0.0,0.0,0.0,0.0,49.0,96.1,,-
2026-08-20,2026-08-20T11:36:45,20,FPO,261216,Victoria Christensen,864,136,17.25,0.0,0.0,0.0,0.0,0.0,0.0,17.2,136.6,,-
2026-08-20,2026-08-20T11:36:45,20,FPO,268900,Natalie Berg,883,128,19.5,0.0,0.0,0.0,0.0,0.0,0.0,19.5,129.6,,-
2026-08-20,2026-08-20T11:36:45,20,FPO,269838,Daisy Kelly,882,186,0.0,0.0,0.0,0.0,0.0,0.0,0.0,0.0,199.0,,-
2026-08-20,2026-08-20T11:36:45,20,FPO,277832,Chandler Reigh,939,25,575.75,0.01446,0.0,1.0,0.99948,0.01425,0.0,656.0,32.7,97344;96418;96419,96418
2026-08-20,2026-08-20T11:36:45,20,FPO,278450,Brit Hamburg-Kiin,860,114,28.5,0.0,0.0,0.0,0.0,0.0,0.0,28.5,115.4,,-
2026-08-20,2026-08-20T11:36:45,20,FPO,279466,Gry Nagel,807,133,18.0,0.0,0.0,0.0,0.0,0.0,0.0,18.0,134.0,,-
2026-08-20,2026-08-20T11:36:45,20,FPO,281626,Una Lokmane,885,113,28.5,0.0,0.0,0.0,0.0,0.0,0.0,28.5,114.4,,-
2026-08-20,2026-08-20T11:36:45,20,FPO,284553,Katherine Aydelott,872,152,6.0,0.0,0.0,0.0,0.0,0.0,0.0,6.0,153.6,,-
2026-08-20,2026-08-20T11:36:45,20,FPO,286978,Michelle Southworth,805,171,2.0,0.0,0.0,0.0,0.0,0.0,0.0,2.0,171.0,,-
2026-08-20,2026-08-20T11:36:45,20,FPO,288014,Jordan Coomes,840,130,18.0,0.0,0.0,0.0,0.0,0.0,0.0,18.0,134.0,,-
2026-08-20,2026-08-20T11:36:45,20,FPO,297287,Marta Villa,860,168,2.0,0.0,0.0,0.0,0.0,0.0,0.0,2.0,168.0,,-
2026-08-20,2026-08-20T11:36:45,20,FPO,302765,Grace Wilson,891,200,0.0,0.0,0.0,0.0,0.0,0.0,0.0,2.0,186.3,97344,-
2026-08-20,2026-08-20T11:36:45,20,FPO,308525,Saga Dahlstedt,924,68,127.5,0.0,0.0,0.0,0.0,0.0,0.0,127.5,72.8,,-
2026-08-20,2026-08-20T11:36:45,20,FPO,311218,Mina Alme,918,108,35.25,0.0,0.0,0.0,0.0,0.0,0.0,35.2,109.3,,-
